-- --------------------------------------------------------
-- Host:                         127.0.0.1
-- Server version:               10.1.36-MariaDB - mariadb.org binary distribution
-- Server OS:                    Win32
-- HeidiSQL Version:             9.5.0.5196
-- --------------------------------------------------------

/*!40101 SET @OLD_CHARACTER_SET_CLIENT=@@CHARACTER_SET_CLIENT */;
/*!40101 SET NAMES utf8 */;
/*!50503 SET NAMES utf8mb4 */;
/*!40014 SET @OLD_FOREIGN_KEY_CHECKS=@@FOREIGN_KEY_CHECKS, FOREIGN_KEY_CHECKS=0 */;
/*!40101 SET @OLD_SQL_MODE=@@SQL_MODE, SQL_MODE='NO_AUTO_VALUE_ON_ZERO' */;


-- Dumping database structure for booking_tickets
-- DROP DATABASE IF EXISTS `booking_tickets`;
-- CREATE DATABASE IF NOT EXISTS `booking_tickets` /*!40100 DEFAULT CHARACTER SET utf8mb4 COLLATE utf8mb4_unicode_ci */;
-- USE `booking_tickets`;

DROP DATABASE IF EXISTS `heroku_9795ac331e55444`;
CREATE DATABASE IF NOT EXISTS `heroku_9795ac331e55444` /*!40100 DEFAULT CHARACTER SET utf8mb4 COLLATE utf8mb4_unicode_ci */;
USE `heroku_9795ac331e55444`;

-- Dumping structure for table booking_tickets.accounts
DROP TABLE IF EXISTS `accounts`;
CREATE TABLE IF NOT EXISTS `accounts` (
  `id` int(10) unsigned NOT NULL AUTO_INCREMENT,
  `username` varchar(70) COLLATE utf8mb4_unicode_ci NOT NULL,
  `password` varchar(100) COLLATE utf8mb4_unicode_ci NOT NULL,
  `user_id` int(10) unsigned NOT NULL,
  PRIMARY KEY (`id`),
  KEY `FK_ACCOUNTS_USERS` (`user_id`),
  CONSTRAINT `FK_ACCOUNTS_USERS` FOREIGN KEY (`user_id`) REFERENCES `users` (`id`) ON DELETE NO ACTION ON UPDATE NO ACTION
) ENGINE=InnoDB AUTO_INCREMENT=7 DEFAULT CHARSET=utf8mb4 COLLATE=utf8mb4_unicode_ci;

-- Dumping data for table booking_tickets.accounts: ~6 rows (approximately)
/*!40000 ALTER TABLE `accounts` DISABLE KEYS */;
INSERT INTO `accounts` (`id`, `username`, `password`, `user_id`) VALUES
	(1, 'chhung', 'e10adc3949ba59abbe56e057f20f883e', 1),
	(2, 'nnhuy', 'e10adc3949ba59abbe56e057f20f883e', 2),
	(3, 'dnmluan', 'e10adc3949ba59abbe56e057f20f883e', 3),
	(4, 'mttan', 'e10adc3949ba59abbe56e057f20f883e', 4),
	(5, 'pmtrung', 'e10adc3949ba59abbe56e057f20f883e', 5),
	(6, 'tester', 'e10adc3949ba59abbe56e057f20f883e', 6);
/*!40000 ALTER TABLE `accounts` ENABLE KEYS */;

-- Dumping structure for table booking_tickets.auditoriums
DROP TABLE IF EXISTS `auditoriums`;
CREATE TABLE IF NOT EXISTS `auditoriums` (
  `id` int(10) unsigned NOT NULL AUTO_INCREMENT,
  `cinema_id` int(10) unsigned NOT NULL,
  `location_id` int(10) unsigned NOT NULL,
  PRIMARY KEY (`id`),
  KEY `FK_AUDITORIUMS_CINEMAS` (`cinema_id`),
  KEY `FK_AUDITORIUMS_LOCATIONS` (`location_id`),
  CONSTRAINT `FK_AUDITORIUMS_CINEMAS` FOREIGN KEY (`cinema_id`) REFERENCES `cinemas` (`id`) ON DELETE NO ACTION ON UPDATE NO ACTION,
  CONSTRAINT `FK_AUDITORIUMS_LOCATIONS` FOREIGN KEY (`location_id`) REFERENCES `locations` (`id`) ON DELETE NO ACTION ON UPDATE NO ACTION
) ENGINE=InnoDB AUTO_INCREMENT=19 DEFAULT CHARSET=utf8mb4 COLLATE=utf8mb4_unicode_ci;

-- Dumping data for table booking_tickets.auditoriums: ~18 rows (approximately)
/*!40000 ALTER TABLE `auditoriums` DISABLE KEYS */;
INSERT INTO `auditoriums` (`id`, `cinema_id`, `location_id`) VALUES
	(1, 1, 4),
	(2, 1, 5),
	(3, 1, 6),
	(4, 2, 7),
	(5, 2, 8),
	(6, 2, 9),
	(7, 3, 10),
	(8, 3, 11),
	(9, 3, 12),
	(10, 4, 13),
	(11, 4, 14),
	(12, 4, 15),
	(13, 5, 16),
	(14, 5, 17),
	(15, 5, 18),
	(16, 6, 19),
	(17, 6, 20),
	(18, 6, 21);
/*!40000 ALTER TABLE `auditoriums` ENABLE KEYS */;

-- Dumping structure for table booking_tickets.blocks
DROP TABLE IF EXISTS `blocks`;
CREATE TABLE IF NOT EXISTS `blocks` (
  `id` int(10) unsigned NOT NULL AUTO_INCREMENT,
  `name` varchar(50) COLLATE utf8mb4_unicode_ci NOT NULL DEFAULT '0',
  `location_id` int(10) unsigned NOT NULL DEFAULT '0',
  PRIMARY KEY (`id`),
  KEY `FK_BLOCKS_LOCATIONS` (`location_id`),
  CONSTRAINT `FK_BLOCKS_LOCATIONS` FOREIGN KEY (`location_id`) REFERENCES `locations` (`id`) ON DELETE NO ACTION ON UPDATE NO ACTION
) ENGINE=InnoDB AUTO_INCREMENT=11 DEFAULT CHARSET=utf8mb4 COLLATE=utf8mb4_unicode_ci;

-- Dumping data for table booking_tickets.blocks: ~10 rows (approximately)
/*!40000 ALTER TABLE `blocks` DISABLE KEYS */;
INSERT INTO `blocks` (`id`, `name`, `location_id`) VALUES
	(1, 'A', 4),
	(2, 'B', 4),
	(3, 'C', 4),
	(4, 'D', 4),
	(5, 'E', 4),
	(6, 'F', 4),
	(7, 'G', 4),
	(8, 'H', 4),
	(9, 'I', 4),
	(10, 'J', 4);
/*!40000 ALTER TABLE `blocks` ENABLE KEYS */;

-- Dumping structure for table booking_tickets.booked_combos
DROP TABLE IF EXISTS `booked_combos`;
CREATE TABLE IF NOT EXISTS `booked_combos` (
  `booking_id` int(10) unsigned NOT NULL,
  `combo_id` int(10) unsigned NOT NULL,
  `price` double DEFAULT NULL,
  `quantity` int(10) unsigned DEFAULT NULL,
  PRIMARY KEY (`booking_id`,`combo_id`),
  KEY `FK_BOOKED_COMBOS_COMBOS` (`combo_id`),
  KEY `FK_BOOKED_COMBOS_BOOKINGS` (`booking_id`),
  CONSTRAINT `FK_BOOKED_COMBOS_BOOKINGS` FOREIGN KEY (`booking_id`) REFERENCES `bookings` (`id`) ON DELETE NO ACTION ON UPDATE NO ACTION,
  CONSTRAINT `FK_BOOKED_COMBOS_COMBOS` FOREIGN KEY (`combo_id`) REFERENCES `combos` (`id`) ON DELETE NO ACTION ON UPDATE NO ACTION
) ENGINE=InnoDB DEFAULT CHARSET=utf8mb4 COLLATE=utf8mb4_unicode_ci;

-- Dumping data for table booking_tickets.booked_combos: ~3 rows (approximately)
/*!40000 ALTER TABLE `booked_combos` DISABLE KEYS */;
INSERT INTO `booked_combos` (`booking_id`, `combo_id`, `price`, `quantity`) VALUES
	(1, 1, 279000, 1),
	(2, 2, 639000, 1),
	(2, 3, 269000, 1);
/*!40000 ALTER TABLE `booked_combos` ENABLE KEYS */;

-- Dumping structure for table booking_tickets.booked_seats
DROP TABLE IF EXISTS `booked_seats`;
CREATE TABLE IF NOT EXISTS `booked_seats` (
  `booking_id` int(10) unsigned NOT NULL,
  `seat_id` int(10) unsigned NOT NULL,
  `price` double unsigned NOT NULL,
  PRIMARY KEY (`booking_id`,`seat_id`),
  KEY `FK_BOOKED_SEATS_BOOKINGS` (`booking_id`),
  KEY `FK_BOOKED_SEATS_SEATS` (`seat_id`),
  CONSTRAINT `FK_BOOKED_SEATS_BOOKINGS` FOREIGN KEY (`booking_id`) REFERENCES `bookings` (`id`) ON DELETE NO ACTION ON UPDATE NO ACTION,
  CONSTRAINT `FK_BOOKED_SEATS_SEATS` FOREIGN KEY (`seat_id`) REFERENCES `seats` (`id`) ON DELETE NO ACTION ON UPDATE NO ACTION
) ENGINE=InnoDB DEFAULT CHARSET=utf8mb4 COLLATE=utf8mb4_unicode_ci;

-- Dumping data for table booking_tickets.booked_seats: ~4 rows (approximately)
/*!40000 ALTER TABLE `booked_seats` DISABLE KEYS */;
INSERT INTO `booked_seats` (`booking_id`, `seat_id`, `price`) VALUES
	(1, 1, 88000),
	(2, 421, 88000),
	(2, 422, 88000),
	(3, 733, 88000);
/*!40000 ALTER TABLE `booked_seats` ENABLE KEYS */;

-- Dumping structure for table booking_tickets.bookings
DROP TABLE IF EXISTS `bookings`;
CREATE TABLE IF NOT EXISTS `bookings` (
  `id` int(10) unsigned NOT NULL AUTO_INCREMENT,
  `account_id` int(10) unsigned NOT NULL,
  `movie_showings_id` int(10) unsigned NOT NULL,
  `code` char(10) COLLATE utf8mb4_unicode_ci NOT NULL,
  `created_at` timestamp NOT NULL DEFAULT CURRENT_TIMESTAMP ON UPDATE CURRENT_TIMESTAMP,
  PRIMARY KEY (`id`),
  KEY `FK_BOOKINGS_ACCOUNTS` (`account_id`),
  KEY `FK_BOOKINGS_MOVIE_SHOWINGS` (`movie_showings_id`),
  CONSTRAINT `FK_BOOKINGS_ACCOUNTS` FOREIGN KEY (`account_id`) REFERENCES `accounts` (`id`) ON DELETE NO ACTION ON UPDATE NO ACTION,
  CONSTRAINT `FK_BOOKINGS_MOVIE_SHOWINGS` FOREIGN KEY (`movie_showings_id`) REFERENCES `movie_showings` (`id`) ON DELETE NO ACTION ON UPDATE NO ACTION
) ENGINE=InnoDB AUTO_INCREMENT=4 DEFAULT CHARSET=utf8mb4 COLLATE=utf8mb4_unicode_ci;

-- Dumping data for table booking_tickets.bookings: ~3 rows (approximately)
/*!40000 ALTER TABLE `bookings` DISABLE KEYS */;
INSERT INTO `bookings` (`id`, `account_id`, `movie_showings_id`, `code`, `created_at`) VALUES
	(1, 6, 1, '5hlyRb9fiW', '2019-04-10 08:10:00'),
	(2, 6, 73, 'hUmTCvXWTw', '2019-04-17 12:00:00'),
	(3, 6, 152, 'Js0JS21WjH', '2019-04-20 18:45:00');
/*!40000 ALTER TABLE `bookings` ENABLE KEYS */;

-- Dumping structure for table booking_tickets.cinemas
DROP TABLE IF EXISTS `cinemas`;
CREATE TABLE IF NOT EXISTS `cinemas` (
  `id` int(10) unsigned NOT NULL AUTO_INCREMENT,
  `name` varchar(50) COLLATE utf8mb4_unicode_ci NOT NULL DEFAULT '0',
  `icon_url` varchar(100) COLLATE utf8mb4_unicode_ci NOT NULL DEFAULT '0',
  `address` varchar(256) COLLATE utf8mb4_unicode_ci NOT NULL DEFAULT '0',
  `phone` varchar(20) COLLATE utf8mb4_unicode_ci NOT NULL DEFAULT '0',
  PRIMARY KEY (`id`)
) ENGINE=InnoDB AUTO_INCREMENT=7 DEFAULT CHARSET=utf8mb4 COLLATE=utf8mb4_unicode_ci;

-- Dumping data for table booking_tickets.cinemas: ~6 rows (approximately)
/*!40000 ALTER TABLE `cinemas` DISABLE KEYS */;
INSERT INTO `cinemas` (`id`, `name`, `icon_url`, `address`, `phone`) VALUES
	(1, 'CGV', 'https://drive.google.com/uc?id=1_z9wnHeevMJYpci5__WQdDsT07ZeRLVp', 'Tầng 2, Rivera Park Saigon - Số 7/28 Thành Thái, P.14, Q.10, TP.HCM', '1900 6017'),
	(2, 'BHD Star Cineplex', 'https://drive.google.com/uc?id=1Fuk60XPv5ga18G1tblcMv1LP5wqNKQuo', 'L3-Bitexco Icon 68, 2 Hải Triều, Q.1', '028 6267 0670'),
	(3, 'GLX - Nguyễn Du', 'https://drive.google.com/uc?id=1rk9g8_RcsUaqMi9BIzFcCICkSndbawHz', '116 Nguyễn Du, Q.1', '1900 2224'),
	(4, 'Lotte Cinema Nowzone', 'https://drive.google.com/uc?id=1bthl6vmz7B62oyRj9A5gohb8RypBovjB', 'L5-Nowzone, 235 Nguyễn Văn Cừ, Q.1', '028 3926 2255'),
	(5, 'CinemaBox', 'https://drive.google.com/uc?id=1XVxfIUhuAdUrYoxTFqg9D3hJsJFYXBB-', '212 Lý Chính Thắng, Q.3', '028 3526 4818'),
	(6, 'Mega GS', 'https://drive.google.com/uc?id=17-aQUOfjscXp2b8HDozTB86LnXflz83D', '19 Cao Thắng, Q.3', '028 6264 9911');
/*!40000 ALTER TABLE `cinemas` ENABLE KEYS */;

-- Dumping structure for table booking_tickets.combos
DROP TABLE IF EXISTS `combos`;
CREATE TABLE IF NOT EXISTS `combos` (
  `id` int(10) unsigned NOT NULL AUTO_INCREMENT,
  `name` varchar(100) COLLATE utf8mb4_unicode_ci NOT NULL,
  `price` double NOT NULL,
  `img_url` varchar(100) COLLATE utf8mb4_unicode_ci DEFAULT NULL,
  `description` text COLLATE utf8mb4_unicode_ci,
  `cinema_id` int(10) unsigned NOT NULL,
  PRIMARY KEY (`id`),
  KEY `FK_COMBOS_CINEMAS` (`cinema_id`),
  CONSTRAINT `FK_COMBOS_CINEMAS` FOREIGN KEY (`cinema_id`) REFERENCES `cinemas` (`id`)
) ENGINE=InnoDB AUTO_INCREMENT=7 DEFAULT CHARSET=utf8mb4 COLLATE=utf8mb4_unicode_ci;

-- Dumping data for table booking_tickets.combos: ~6 rows (approximately)
/*!40000 ALTER TABLE `combos` DISABLE KEYS */;
INSERT INTO `combos` (`id`, `name`, `price`, `img_url`, `description`, `cinema_id`) VALUES
	(1, 'CAPTAIN MARVEL COMBO', 279000, 'https://drive.google.com/uc?id=1rsrp5XEpPKU4UqBDqfcu0QnSUhcqwK78', 'Đón chào Tháng 3 với sức mạnh vô song đến từ Captain Marvel.', 1),
	(2, 'GUDETAMA COMBO', 639000, 'https://drive.google.com/uc?id=1kVC0ZoDiIrYiTfEJzQwccHA8vS2lh7B8', 'GUDETAMA – Bé trứng lười đã xuất hiện tại CGV.', 1),
	(3, 'WHITE VALENTINE COMBO', 269000, 'https://drive.google.com/uc?id=1Em8j2cCneOb8QpSaLqycIrenle-M-rhc', 'COMBO TÌNH YÊU CHO NGÀY VALENTINE TRẮNG NGỌT LỊM!', 1),
	(4, 'SJORA - NƯỚC TRÁI CÂY VỊ ĐÀO VÀ XOÀI', 39000, 'https://drive.google.com/uc?id=1Dl1q_2-wyK7bB1CCMO2mkBIDgTEfyEq-', 'Sjora – nước trái cây vị Đào và Xoài huyền thoại của đất nước Singapore và Malaysia nay đã có mặt tại CGV Việt Nam.', 1),
	(5, 'BÁNH WAFFLE - GIÒN THƠM KHÓ CƯỠNG', 39000, 'https://drive.google.com/uc?id=1_WXSm8eFwIIviLCPGT2R2jzc21BKa6e2', 'Bánh nướng Waffle giòn thơm đã có mặt tại CGV .', 1),
	(6, 'PIZZA NÓNG HỔI, VỪA THỔI VỪA ĂN', 115000, 'https://drive.google.com/uc?id=1DVo1RDZKntGwyVjYbH6tegjhMv6O6bHc', 'Sản phẩm Pizza mới được làm thủ công hoàn toàn theo phong cách Ý. Đế bánh được làm từ bột mì cao cấp để đảm bảo được chất lượng và hương vị tốt nhất. Các thành phần phủ bánh được chọn lọc kỹ lưỡng giữ nguyên hương vị tươi mới cho sản phẩm. Cà chua và phô mai được nhập khẩu từ Ý, giữ đúng nguyên bản hương vị truyền thống.', 1);
/*!40000 ALTER TABLE `combos` ENABLE KEYS */;

-- Dumping structure for table booking_tickets.events
DROP TABLE IF EXISTS `events`;
CREATE TABLE IF NOT EXISTS `events` (
  `id` int(10) unsigned NOT NULL AUTO_INCREMENT,
  `name` varchar(256) COLLATE utf8mb4_unicode_ci NOT NULL,
  `img_url` varchar(100) COLLATE utf8mb4_unicode_ci NOT NULL,
  `organizer` varchar(50) COLLATE utf8mb4_unicode_ci DEFAULT NULL,
  `type` varchar(50) COLLATE utf8mb4_unicode_ci NOT NULL,
  `description` text COLLATE utf8mb4_unicode_ci NOT NULL,
  PRIMARY KEY (`id`)
) ENGINE=InnoDB AUTO_INCREMENT=8 DEFAULT CHARSET=utf8mb4 COLLATE=utf8mb4_unicode_ci;

-- Dumping data for table booking_tickets.events: ~7 rows (approximately)
/*!40000 ALTER TABLE `events` DISABLE KEYS */;
INSERT INTO `events` (`id`, `name`, `img_url`, `organizer`, `type`, `description`) VALUES
	(1, 'Việt Nam - Jordan', 'https://drive.google.com/uc?id=1FuLliJ8w-yR-iMZ5ZLeD17bNDcU-jOPu', 'Liên đoàn Bóng đá Việt Nam  - VFF', 'Thể Thao', 'ĐTQG VIỆT NAM -  ĐTQG JORDAN | BẢNG C - VÒNG LOẠI ASIAN CUP 2019'),
	(2, 'Việt Nam - Philipines', 'https://drive.google.com/uc?id=1W-RyEA_Z8SrKzClKS4HXUO3QWFBIvLyQ', 'Liên đoàn Bóng đá Việt Nam  - VFF', 'Thể Thao', 'ĐTQG VIỆT NAM -  ĐTQG PHILIPINES | VÒNG BÁN KẾT LƯỢT ĐI AFF SUZUKI CUP 2018'),
	(3, 'Hà Nội - Bình Dương', 'https://drive.google.com/uc?id=1rE2C61lDtkXN8hc8jktD7Qv_U1SOVMz3', 'Công ty Cổ phần Bóng đá chuyên nghiệp Việt Nam - V', 'Thể Thao', 'Hà Nội và cơ hội đòi nợ Bình Dương ở Siêu Cup quốc gia 2019'),
	(4, 'Việt Nam - Malaysia', 'https://drive.google.com/uc?id=1vQwy0JQm8H-uUp7qNiljjykLxeob9oxb', 'Liên đoàn Bóng đá Việt Nam  - VFF', 'Thể Thao', 'ĐTQG VIỆT NAM -  ĐTQG MALAYSIA | VÒNG BẢNG AFF SUZUKI CUP 2018'),
	(5, 'Việt Nam - Indonesia', 'https://drive.google.com/uc?id=19qcCvhHvgaN5zvjApcKcWhZz8prfkgHI', 'Liên đoàn Bóng đá thế giới - FIFA', 'Thể Thao', 'Giải World - Friendlies'),
	(6, 'Việt Nam - Nhật Bản', 'https://drive.google.com/uc?id=1rbwAJcaanCIVxUqFyPgrC7Nt1yq-FHHU', 'Liên đoàn bóng đá châu Á - AFC', 'Thể Thao', 'Giải Asian Cup 2019'),
	(7, 'Việt Nam - Yamen', 'https://drive.google.com/uc?id=1Nbe-tKBs069_-a1JMyh-4DwW8McWJv9l', 'Liên đoàn bóng đá châu Á - AFC', 'Thể Thao', 'Giải Asian Cup 2019');
/*!40000 ALTER TABLE `events` ENABLE KEYS */;

-- Dumping structure for table booking_tickets.event_showings
DROP TABLE IF EXISTS `event_showings`;
CREATE TABLE IF NOT EXISTS `event_showings` (
  `id` int(10) unsigned NOT NULL AUTO_INCREMENT,
  `event_id` int(10) unsigned NOT NULL,
  `venue_id` int(10) unsigned NOT NULL,
  `price` double unsigned NOT NULL,
  `status` int(10) unsigned NOT NULL,
  `release_date` datetime NOT NULL,
  PRIMARY KEY (`id`),
  KEY `FK_EVENT_SHOWINGS_EVENTS` (`event_id`),
  KEY `FK_EVENT_SHOWINGS_VENUES` (`venue_id`),
  CONSTRAINT `FK_EVENT_SHOWINGS_EVENTS` FOREIGN KEY (`event_id`) REFERENCES `events` (`id`) ON DELETE NO ACTION ON UPDATE NO ACTION,
  CONSTRAINT `FK_EVENT_SHOWINGS_VENUES` FOREIGN KEY (`venue_id`) REFERENCES `venues` (`id`) ON DELETE NO ACTION ON UPDATE NO ACTION
) ENGINE=InnoDB AUTO_INCREMENT=4 DEFAULT CHARSET=utf8mb4 COLLATE=utf8mb4_unicode_ci;

-- Dumping data for table booking_tickets.event_showings: ~3 rows (approximately)
/*!40000 ALTER TABLE `event_showings` DISABLE KEYS */;
INSERT INTO `event_showings` (`id`, `event_id`, `venue_id`, `price`, `status`, `release_date`) VALUES
	(1, 1, 1, 100000, 0, '2018-06-13 19:00:00'),
	(2, 2, 2, 150000, 0, '2018-12-06 19:30:00'),
	(3, 3, 3, 150000, 0, '2019-02-16 16:00:00');
/*!40000 ALTER TABLE `event_showings` ENABLE KEYS */;

-- Dumping structure for table booking_tickets.locations
DROP TABLE IF EXISTS `locations`;
CREATE TABLE IF NOT EXISTS `locations` (
  `id` int(10) unsigned NOT NULL AUTO_INCREMENT,
  `name` varchar(50) COLLATE utf8mb4_unicode_ci NOT NULL,
  `total_seats` int(10) unsigned NOT NULL,
  `type` int(10) unsigned NOT NULL,
  PRIMARY KEY (`id`)
) ENGINE=InnoDB AUTO_INCREMENT=22 DEFAULT CHARSET=utf8mb4 COLLATE=utf8mb4_unicode_ci ROW_FORMAT=COMPACT;

-- Dumping data for table booking_tickets.locations: ~21 rows (approximately)
/*!40000 ALTER TABLE `locations` DISABLE KEYS */;
INSERT INTO `locations` (`id`, `name`, `total_seats`, `type`) VALUES
	(1, 'Sân vận động Thống Nhất', 15000, 1),
	(2, 'Sân vận động Quốc gia Mỹ Đình', 40192, 1),
	(3, 'Sân vận động Hàng Đẫy', 22500, 1),
	(4, 'Phòng chiếu CGV-01', 100, 0),
	(5, 'Phòng chiếu CGV-02', 100, 0),
	(6, 'Phòng chiếu CGV-03', 100, 0),
	(7, 'Phòng chiếu BHD-01', 100, 0),
	(8, 'Phòng chiếu BHD-02', 100, 0),
	(9, 'Phòng chiếu BHD-03', 100, 0),
	(10, 'Phòng chiếu GLX-01', 100, 0),
	(11, 'Phòng chiếu GLX-02', 100, 0),
	(12, 'Phòng chiếu GLX-03', 100, 0),
	(13, 'Phòng chiếu LC-01', 100, 0),
	(14, 'Phòng chiếu LC-02', 100, 0),
	(15, 'Phòng chiếu LC-03', 100, 0),
	(16, 'Phòng chiếu CB-01', 100, 0),
	(17, 'Phòng chiếu CB-02', 100, 0),
	(18, 'Phòng chiếu CB-03', 100, 0),
	(19, 'Phòng chiếu MGS-01', 100, 0),
	(20, 'Phòng chiếu MGS-02', 100, 0),
	(21, 'Phòng chiếu MGS-03', 100, 0);
/*!40000 ALTER TABLE `locations` ENABLE KEYS */;

-- Dumping structure for table booking_tickets.movies
DROP TABLE IF EXISTS `movies`;
CREATE TABLE IF NOT EXISTS `movies` (
  `id` int(10) unsigned NOT NULL AUTO_INCREMENT,
  `name` varchar(256) COLLATE utf8mb4_unicode_ci NOT NULL,
  `img_url` varchar(100) COLLATE utf8mb4_unicode_ci NOT NULL,
  `trailer_url` varchar(100) COLLATE utf8mb4_unicode_ci NOT NULL,
  `score` double unsigned NOT NULL,
  `description` text COLLATE utf8mb4_unicode_ci NOT NULL,
  `min_age` int(10) unsigned NOT NULL,
  `director` varchar(256) COLLATE utf8mb4_unicode_ci NOT NULL,
  `cast` varchar(1024) COLLATE utf8mb4_unicode_ci NOT NULL,
  `running_time` varchar(50) COLLATE utf8mb4_unicode_ci NOT NULL,
  `genre` varchar(50) COLLATE utf8mb4_unicode_ci NOT NULL,
  `initial_release` date NOT NULL,
  PRIMARY KEY (`id`)
) ENGINE=InnoDB AUTO_INCREMENT=13 DEFAULT CHARSET=utf8mb4 COLLATE=utf8mb4_unicode_ci;

-- Dumping data for table booking_tickets.movies: ~12 rows (approximately)
/*!40000 ALTER TABLE `movies` DISABLE KEYS */;
INSERT INTO `movies` (`id`, `name`, `img_url`, `trailer_url`, `score`, `description`, `min_age`, `director`, `cast`, `running_time`, `genre`, `initial_release`) VALUES
	(1, 'Captain Marvel', 'https://drive.google.com/uc?id=13CthOX7v05pn-yE6z5xJaFd5xmW_FeVl', 'https://www.youtube.com/embed/Z1BCujX3pw8', 8.1, 'Lấy bối cảnh những năm 90s, Captain Marvel là một cuộc phiêu lưu hoàn toàn mới đến với một thời kỳ chưa từng xuất hiện trong vũ trụ điện ảnh Marvel. Bộ phim kể về con đường trở thành siêu anh hùng mạnh mẽ nhất vũ trụ của Carol Danvers. Bên cạnh đó, trận chiến ảnh hưởng đến toàn vũ trụ giữa tộc Kree và tộc Skrull đã lan đến Trái Đất, liệu Danvers và các đồng minh có thể ngăn chặn binh đoàn Skrull cũng như các thảm họa tương lai?', 13, 'Anna Boden, Ryan Fleck', 'Brie Larson, Samuel L Jackson, Ben Mendelsohn,...', '129 phút', 'Hành Động, Phiêu Lưu', '2019-02-27'),
	(2, 'Công viên kỳ diệu', 'https://drive.google.com/uc?id=1kCDL0c5906PXyPyFikTvHIKjlm-l6bAU', 'https://www.youtube.com/embed/U-pFuw9LEgg', 7.6, 'Một công viên lung linh, kỳ ảo được tạo nên bởi trí tưởng tượng vô tận của những đứa trẻ.', 6, 'Robert Iscove, Clare Kilner, David Feiss', 'Brianna Denski, Jennifer Garner, Ken Hudson Campbell', '91 phút', 'Hoạt Hình, Phiêu Lưu', '2019-03-14'),
	(3, 'Hạnh phúc của mẹ', 'https://drive.google.com/uc?id=10xhsb61luO2D-6O4zOy-PIWQkJYTYGmJ', 'https://www.youtube.com/embed/ct5ooLDbi40', 7.5, 'Hạnh Phúc Của Mẹ là hành trình người mẹ đơn thân, nghèo khó và nhiều bệnh tật Tuệ (Cát Phượng) giúp con trai Tim mắc hội chứng tự kỷ (bé Huy Khang) thực hiện đam mê nhảy múa, sống hào hứng mỗi ngày…', 6, 'Huỳnh Đông', 'Cát Phượng, Kiều Minh Tuấn, bé Huy Khang,…', '93 phút', 'Tâm Lý', '2019-03-08'),
	(4, 'Yêu nhầm bạn thân', 'https://drive.google.com/uc?id=1g4cyR-ALZDybqLckiRMzct4_Jv6bHALA', 'https://www.youtube.com/embed/i8X2hXPd1XU', 8, 'Friend Zone xoay quanh mối tình đơn phương của Palm – một tiếp viên hàng không. Ngay từ lúc còn ngồi trên ghế nhà trường, anh đã thầm yêu Gink, nhưng sau đó, quyết định giữ tình bạn thân thiết. Nhưng điều gi sẽ xảy ra khi một ngày kia Gink quyết định có bạn trai?', 16, 'Chayanop ‘Mu’ Boonprakob', 'Pimchanok “Baifern” Leuwisetpaiboon, Naphat “Nine” Siangsomboon, Jason Young', '120 phút', 'Hài, Tình cảm', '2019-03-15'),
	(5, 'Chúa quỷ', 'https://drive.google.com/uc?id=1_rdDGBLNMRMwrFxQ07NO1vZDIB6p7_fj', 'https://www.youtube.com/embed/P--oOfNyDwc', 7.3, 'Dịch bệnh đã bùng phát ở một ngôi làng Do Thái. Để cứu sống dân làng, Hanna đã dựa vào thế lực thần bí tạo ra một thực thể lạ. Chính điều này lại là nguồn cơn gieo rắc tội ác.', 18, 'Doron Paz, Yoav Paz', 'Alex Tritenko, Brynie Furstenberg, Hani Furstenberg, Ishai Golan', '97 phút', 'Kinh Dị', '2019-02-05'),
	(6, 'Chúng ta (US)', 'https://drive.google.com/uc?id=1CS4FDT2XmSm2CvEIW_8-CjBPuxKNCX1W', 'https://www.youtube.com/embed/hNCmb-4oXJA', 8.3, 'Us, một tác phẩm đến từ hãng phim Monkeypaw, lấy bối cảnh tại một bờ biển mang tính biểu tượng phía Bắc California trong thời điểm hiện tại, với sự tham gia của các diễn viên như nữ diễn viên đạt giải Oscar Lupita Nyong’o với vai Adelaide Wilson, người đã trở lại căn nhà bên bờ biển mà cô sống thời ấu thơ cùng người chồng Gabe (ngôi sao Winston Duke của Black Panther) và hai người con (Shahadi Wright Joseph, Evan Alex) trong kì nghỉ hè. Bị ám ảnh bởi một chấn thương không thể giải thích trong quá khứ, kết hợp với một chuỗi các sự việc trùng hợp kỳ lạ, Adelaide cảm thấy sự hoang tưởng của bản thân đang tăng ở mức cảnh giác cao độ khi cô ngày càng chắc chắn rằng một điều gì đó tồi tệ sẽ xảy đến với gia đình mình. Sau một ngày vui chơi trên biển cùng một gia đình khác, nhà Tylers (nữ diễn viên thắng giải Emmy – Elisabeth Moss, Tim Heidecker, Cali Sheldon, Noelle Sheldon), Adelaide và gia đình cô chở về ngôi nhà của mình. Khi màn đêm buông xuống, nhà Wilsons bỗng thấy bóng của một gia đình 4 người đang nắm tay nhau đứng trên đường cao tốc. Us đẩy một gia đình Mỹ phải chống lại một đối thủ ghê rợn và kỳ lạ: những bản sao thực thể ma quái của chính họ.', 18, 'Jordan Peele', 'Anna Diop, Elisabeth Moss, Lupita Nyong\'o ,...', '122 phút', 'Hồi hộp', '2019-03-22'),
	(7, 'Phượng Hoàng Bóng Tối - X-Men: Dark Phoenix', 'https://drive.google.com/uc?id=1bTtch5hhzM7Rgi4yXUzaRaj0WfLYikrj', 'https://www.youtube.com/embed/gxs4J9Q6wRw', 0, 'Jean Gray bắt đầu phát triển sức mạnh phi thường, tiềm ẩn trong mình và nó đã biến cô thành Dark Phoenix. Bây giờ X-Men sẽ phải quyết định xem cuộc sống của một thành viên trong nhóm có đáng giá hơn tất cả những người sống trên thế giới.', 13, 'Simon Kinberg', 'Michael Fassbender, James McAvoy, Olivia Munn, Jennifer Lawrence, Jessica Chastain', '120 phút', 'Hành động, Phiêu lưu, Viễn tưởng', '2019-07-06'),
	(8, 'Annabelle 3', 'https://drive.google.com/uc?id=1LxzqMV0FLHJAemOegT51bGOuznPgct4E', 'https://www.youtube.com/embed/bCxm7cTpBAs', 0, 'Trong lúc Ed và Lorraine Warren vắng nhà, búp bê quỷ ám Annabelle đã phá vỡ phong ấn và thao túng các đồ vật tà ma ở phòng trưng bày. Mục tiêu tấn công của chúng là cô con gái nhỏ Judy 10 tuổi của hai vợ chồng. Cùng với cô giữ trẻ và một người bạn, Judy phải tìm cách chống trả các thế lực ác quỷ trước khi cha mẹ cô bé về “dẹp loạn”. ', 18, 'Gary Dauberman', 'Chưa có thông tin', '100 phút', 'Kinh dị, Huyền bí', '2019-07-03'),
	(9, 'Spider-Man: Người Nhện Xa Nhà', 'https://drive.google.com/uc?id=11K_1VKmiGNm2vaNDg61F578m7I6GLTjh', 'https://www.youtube.com/embed/sMxUb1A59MI', 0, 'Sau các sự kiện trong Avengers 4, Spider-Man (Tom Holland) cùng bạn bè đến châu Âu du lịch. Tại đây, cậu bắt tay cùng Mysterio (Jake Gyllenhaal) giải cứu thế giới khỏi những kẻ phản diện nguy hiểm.', 13, 'Jon Watts', 'Cobie Smulders, Marisa Tomei, Jon Favreau, Samuel L. Jackson, Zendaya, Jake Gyllenhaal, Tom Holland', 'Chưa có thông tin', 'Hành động, Viễn tưởng', '2019-07-05'),
	(10, 'Hobbs & Shaw', 'https://drive.google.com/uc?id=1u-bX1T-aSknqPuVcImbJFmcotoo8EjiW', 'https://www.youtube.com/embed/5ds_R_K5-fc', 0, 'Phần ngoại truyện của hai nhân vật được fan yêu thích từ loạt phim đình đám Fast & Furious: Luke Hobbs (The Rock) và Deckard Shaw (Jason Statham). Hai anh chàng thích đấu khẩu luôn mồm này sẽ bắt tay hợp tác trong một phi vụ nghẹt thở.', 16, 'David Leitch', 'Chưa có thông tin', '110 phút', 'Hành động', '2019-08-02'),
	(11, 'Chú Hề Ma Quái 2 - It: Chapter two', 'https://drive.google.com/uc?id=1oZU8JEFdo6M5Ug6zUmnARq7aVrxYgwC2', 'https://www.youtube.com/embed/OvfCQ2g4s0s', 0, 'Đúng chu kỳ 27 năm sau phần phim đầu tiên, thực thể ma quái dưới hình dạng chú hề tái xuất để khủng bố thị trấn Derry. Các thành viên của nhóm Loser’s Club năm xưa phải tập hợp để tiêu diệt It một lần và mãi mãi.', 18, 'Andy Muschietti', 'Chưa có thông tin', 'Chưa có thông tin', 'Kinh dị', '2019-09-06'),
	(12, 'Nữ Hoàng Băng Giá 2 - Frozen 2', 'https://drive.google.com/uc?id=1vZme3wDZ-frw_5Be1T7dZG9AtbHVY54m', 'https://www.youtube.com/embed/DwTls2hIOrA', 0, 'Phần 2 của bom tấn hoạt hình Nữ Hoàng Băng Giá.', 6, 'Jennifer Lee, Chris Buck', 'Jonathan Groff, Kristen Bell, Idina Menzel', '120 phút', 'Jonathan Groff, Kristen Bell, Idina Menzel', '2019-11-22');
/*!40000 ALTER TABLE `movies` ENABLE KEYS */;

-- Dumping structure for table booking_tickets.movie_showings
DROP TABLE IF EXISTS `movie_showings`;
CREATE TABLE IF NOT EXISTS `movie_showings` (
  `id` int(10) unsigned NOT NULL AUTO_INCREMENT,
  `movie_id` int(10) unsigned NOT NULL DEFAULT '0',
  `auditorium_id` int(10) unsigned NOT NULL,
  `price` double unsigned NOT NULL DEFAULT '0',
  `status` int(10) unsigned NOT NULL,
  `type` varchar(50) COLLATE utf8mb4_unicode_ci NOT NULL,
  `release_date` date NOT NULL,
  `time` time NOT NULL,
  PRIMARY KEY (`id`),
  KEY `FK_MOVIE_SHOWINGS_MOVIES` (`movie_id`),
  KEY `FK_MOVIE_SHOWINGS_AUDITORIUMS` (`auditorium_id`),
  CONSTRAINT `FK_MOVIE_SHOWINGS_AUDITORIUMS` FOREIGN KEY (`auditorium_id`) REFERENCES `auditoriums` (`id`) ON DELETE NO ACTION ON UPDATE NO ACTION,
  CONSTRAINT `FK_MOVIE_SHOWINGS_MOVIES` FOREIGN KEY (`movie_id`) REFERENCES `movies` (`id`) ON DELETE NO ACTION ON UPDATE NO ACTION
) ENGINE=InnoDB AUTO_INCREMENT=343 DEFAULT CHARSET=utf8mb4 COLLATE=utf8mb4_unicode_ci;

-- Dumping data for table booking_tickets.movie_showings: ~342 rows (approximately)
/*!40000 ALTER TABLE `movie_showings` DISABLE KEYS */;
INSERT INTO `movie_showings` (`id`, `movie_id`, `auditorium_id`, `price`, `status`, `type`, `release_date`, `time`) VALUES
	(1, 1, 1, 88000, 0, '2D - Phụ đề', '2019-05-10', '16:00:00'),
	(2, 1, 1, 88000, 0, '2D - Phụ đề', '2019-05-10', '17:35:00'),
	(3, 1, 1, 88000, 0, '2D - Phụ đề', '2019-05-10', '18:55:00'),
	(4, 1, 1, 88000, 0, '2D - Phụ đề', '2019-05-10', '21:15:00'),
	(5, 1, 1, 88000, 0, '2D - Phụ đề', '2019-05-10', '22:15:00'),
	(6, 1, 1, 88000, 0, '3D - Phụ đề', '2019-05-11', '16:00:00'),
	(7, 1, 1, 88000, 0, '3D - Phụ đề', '2019-05-11', '17:35:00'),
	(8, 1, 1, 88000, 0, '3D - Phụ đề', '2019-05-11', '18:55:00'),
	(9, 1, 1, 88000, 0, '3D - Phụ đề', '2019-05-11', '21:15:00'),
	(10, 1, 1, 88000, 0, '3D - Phụ đề', '2019-05-11', '22:15:00'),
	(11, 1, 1, 88000, 0, '2D - Phụ đề', '2019-05-12', '16:00:00'),
	(12, 1, 1, 88000, 0, '2D - Phụ đề', '2019-05-12', '17:35:00'),
	(13, 1, 1, 88000, 0, '2D - Phụ đề', '2019-05-12', '18:55:00'),
	(14, 1, 1, 88000, 0, '2D - Phụ đề', '2019-05-12', '21:15:00'),
	(15, 1, 1, 88000, 0, '2D - Phụ đề', '2019-05-12', '22:15:00'),
	(16, 2, 2, 88000, 0, '2D - Phụ đề', '2019-05-15', '14:05:00'),
	(17, 2, 2, 88000, 0, '2D - Phụ đề', '2019-05-15', '18:25:00'),
	(18, 2, 2, 88000, 0, '2D - Phụ đề', '2019-05-15', '21:05:00'),
	(19, 2, 2, 88000, 0, '3D - Phụ đề', '2019-05-16', '14:05:00'),
	(20, 2, 2, 88000, 0, '3D - Phụ đề', '2019-05-16', '18:25:00'),
	(21, 2, 2, 88000, 0, '3D - Phụ đề', '2019-05-16', '21:05:00'),
	(22, 2, 2, 88000, 0, '2D - Phụ đề', '2019-05-17', '14:05:00'),
	(23, 2, 2, 88000, 0, '2D - Phụ đề', '2019-05-17', '18:25:00'),
	(24, 2, 2, 88000, 0, '2D - Phụ đề', '2019-05-17', '21:05:00'),
	(25, 3, 3, 88000, 0, '3D - Phụ đề', '2019-05-18', '18:00:00'),
	(26, 3, 3, 88000, 0, '3D - Phụ đề', '2019-05-18', '20:40:00'),
	(27, 3, 3, 88000, 0, '3D - Phụ đề', '2019-05-18', '23:05:00'),
	(28, 3, 3, 88000, 0, '2D - Phụ đề', '2019-05-19', '18:00:00'),
	(29, 3, 3, 88000, 0, '2D - Phụ đề', '2019-05-19', '20:40:00'),
	(30, 3, 3, 88000, 0, '2D - Phụ đề', '2019-05-19', '23:05:00'),
	(31, 3, 3, 88000, 0, '2D - Phụ đề', '2019-05-20', '18:00:00'),
	(32, 3, 3, 88000, 0, '2D - Phụ đề', '2019-05-20', '20:40:00'),
	(33, 3, 3, 88000, 0, '2D - Phụ đề', '2019-05-20', '23:05:00'),
	(34, 4, 1, 80000, 0, '3D - Phụ đề', '2019-05-19', '16:35:00'),
	(35, 4, 1, 80000, 0, '3D - Phụ đề', '2019-05-19', '18:40:00'),
	(36, 4, 1, 80000, 0, '2D - Phụ đề', '2019-05-20', '16:35:00'),
	(37, 4, 1, 80000, 0, '2D - Phụ đề', '2019-05-20', '18:40:00'),
	(38, 4, 1, 80000, 0, '2D - Phụ đề', '2019-05-21', '16:35:00'),
	(39, 4, 1, 80000, 0, '2D - Phụ đề', '2019-05-21', '18:40:00'),
	(40, 5, 2, 85000, 0, '2D - Phụ đề', '2019-05-20', '14:35:00'),
	(41, 5, 2, 85000, 0, '2D - Phụ đề', '2019-05-20', '20:20:00'),
	(42, 5, 2, 85000, 0, '2D - Phụ đề', '2019-05-20', '23:50:00'),
	(43, 5, 2, 85000, 0, '3D - Phụ đề', '2019-05-21', '14:35:00'),
	(44, 5, 2, 85000, 0, '3D - Phụ đề', '2019-05-21', '20:20:00'),
	(45, 5, 2, 85000, 0, '3D - Phụ đề', '2019-05-21', '23:50:00'),
	(46, 5, 2, 85000, 0, '2D - Phụ đề', '2019-05-22', '14:35:00'),
	(47, 5, 2, 85000, 0, '2D - Phụ đề', '2019-05-22', '20:20:00'),
	(48, 5, 2, 85000, 0, '2D - Phụ đề', '2019-05-22', '23:50:00'),
	(49, 6, 3, 88000, 0, '2D - Phụ đề', '2019-05-30', '14:05:00'),
	(50, 6, 3, 88000, 0, '2D - Phụ đề', '2019-05-30', '18:25:00'),
	(51, 6, 3, 88000, 0, '2D - Phụ đề', '2019-05-30', '21:05:00'),
	(52, 6, 3, 88000, 0, '2D - Phụ đề', '2019-06-01', '14:05:00'),
	(53, 6, 3, 88000, 0, '2D - Phụ đề', '2019-06-01', '18:25:00'),
	(54, 6, 3, 88000, 0, '2D - Phụ đề', '2019-06-01', '21:05:00'),
	(55, 6, 3, 88000, 0, '2D - Phụ đề', '2019-06-02', '14:05:00'),
	(56, 6, 3, 88000, 0, '2D - Phụ đề', '2019-06-02', '18:25:00'),
	(57, 6, 3, 88000, 0, '2D - Phụ đề', '2019-06-02', '21:05:00'),
	(58, 1, 4, 88000, 0, '2D - Phụ đề', '2019-05-10', '16:00:00'),
	(59, 1, 4, 88000, 0, '2D - Phụ đề', '2019-05-10', '17:35:00'),
	(60, 1, 4, 88000, 0, '2D - Phụ đề', '2019-05-10', '18:55:00'),
	(61, 1, 4, 88000, 0, '2D - Phụ đề', '2019-05-10', '21:15:00'),
	(62, 1, 4, 88000, 0, '2D - Phụ đề', '2019-05-10', '22:15:00'),
	(63, 1, 4, 88000, 0, '2D - Phụ đề', '2019-05-11', '16:00:00'),
	(64, 1, 4, 88000, 0, '2D - Phụ đề', '2019-05-11', '17:35:00'),
	(65, 1, 4, 88000, 0, '2D - Phụ đề', '2019-05-11', '18:55:00'),
	(66, 1, 4, 88000, 0, '2D - Phụ đề', '2019-05-11', '21:15:00'),
	(67, 1, 4, 88000, 0, '2D - Phụ đề', '2019-05-11', '22:15:00'),
	(68, 1, 4, 88000, 0, '2D - Phụ đề', '2019-05-12', '16:00:00'),
	(69, 1, 4, 88000, 0, '2D - Phụ đề', '2019-05-12', '17:35:00'),
	(70, 1, 4, 88000, 0, '2D - Phụ đề', '2019-05-12', '18:55:00'),
	(71, 1, 4, 88000, 0, '2D - Phụ đề', '2019-05-12', '21:15:00'),
	(72, 1, 4, 88000, 0, '2D - Phụ đề', '2019-05-12', '22:15:00'),
	(73, 2, 5, 88000, 0, '2D - Phụ đề', '2019-05-15', '14:05:00'),
	(74, 2, 5, 88000, 0, '2D - Phụ đề', '2019-05-15', '18:25:00'),
	(75, 2, 5, 88000, 0, '2D - Phụ đề', '2019-05-15', '21:05:00'),
	(76, 2, 5, 88000, 0, '2D - Phụ đề', '2019-05-16', '14:05:00'),
	(77, 2, 5, 88000, 0, '2D - Phụ đề', '2019-05-16', '18:25:00'),
	(78, 2, 5, 88000, 0, '2D - Phụ đề', '2019-05-16', '21:05:00'),
	(79, 2, 5, 88000, 0, '2D - Phụ đề', '2019-05-17', '14:05:00'),
	(80, 2, 5, 88000, 0, '2D - Phụ đề', '2019-05-17', '18:25:00'),
	(81, 2, 5, 88000, 0, '2D - Phụ đề', '2019-05-17', '21:05:00'),
	(82, 3, 6, 88000, 0, '2D - Phụ đề', '2019-05-18', '18:00:00'),
	(83, 3, 6, 88000, 0, '2D - Phụ đề', '2019-05-18', '20:40:00'),
	(84, 3, 6, 88000, 0, '2D - Phụ đề', '2019-05-18', '23:05:00'),
	(85, 3, 6, 88000, 0, '2D - Phụ đề', '2019-05-19', '18:00:00'),
	(86, 3, 6, 88000, 0, '2D - Phụ đề', '2019-05-19', '20:40:00'),
	(87, 3, 6, 88000, 0, '2D - Phụ đề', '2019-05-19', '23:05:00'),
	(88, 3, 6, 88000, 0, '2D - Phụ đề', '2019-05-20', '18:00:00'),
	(89, 3, 6, 88000, 0, '2D - Phụ đề', '2019-05-20', '20:40:00'),
	(90, 3, 6, 88000, 0, '2D - Phụ đề', '2019-05-20', '23:05:00'),
	(91, 4, 4, 80000, 0, '2D - Phụ đề', '2019-05-19', '16:35:00'),
	(92, 4, 4, 80000, 0, '2D - Phụ đề', '2019-05-19', '18:40:00'),
	(93, 4, 4, 80000, 0, '2D - Phụ đề', '2019-05-20', '16:35:00'),
	(94, 4, 4, 80000, 0, '2D - Phụ đề', '2019-05-20', '18:40:00'),
	(95, 4, 4, 80000, 0, '2D - Phụ đề', '2019-05-21', '16:35:00'),
	(96, 4, 4, 80000, 0, '2D - Phụ đề', '2019-05-21', '18:40:00'),
	(97, 5, 5, 85000, 0, '2D - Phụ đề', '2019-05-20', '14:35:00'),
	(98, 5, 5, 85000, 0, '2D - Phụ đề', '2019-05-20', '20:20:00'),
	(99, 5, 5, 85000, 0, '2D - Phụ đề', '2019-05-20', '23:50:00'),
	(100, 5, 5, 85000, 0, '2D - Phụ đề', '2019-05-21', '14:35:00'),
	(101, 5, 5, 85000, 0, '2D - Phụ đề', '2019-05-21', '20:20:00'),
	(102, 5, 5, 85000, 0, '2D - Phụ đề', '2019-05-21', '23:50:00'),
	(103, 5, 5, 85000, 0, '2D - Phụ đề', '2019-05-22', '14:35:00'),
	(104, 5, 5, 85000, 0, '2D - Phụ đề', '2019-05-22', '20:20:00'),
	(105, 5, 5, 85000, 0, '2D - Phụ đề', '2019-05-22', '23:50:00'),
	(106, 6, 6, 88000, 0, '2D - Phụ đề', '2019-05-30', '14:05:00'),
	(107, 6, 6, 88000, 0, '2D - Phụ đề', '2019-05-30', '18:25:00'),
	(108, 6, 6, 88000, 0, '2D - Phụ đề', '2019-05-30', '21:05:00'),
	(109, 6, 6, 88000, 0, '2D - Phụ đề', '2019-06-01', '14:05:00'),
	(110, 6, 6, 88000, 0, '2D - Phụ đề', '2019-06-01', '18:25:00'),
	(111, 6, 6, 88000, 0, '2D - Phụ đề', '2019-06-01', '21:05:00'),
	(112, 6, 6, 88000, 0, '2D - Phụ đề', '2019-06-02', '14:05:00'),
	(113, 6, 6, 88000, 0, '2D - Phụ đề', '2019-06-02', '18:25:00'),
	(114, 6, 6, 88000, 0, '2D - Phụ đề', '2019-06-02', '21:05:00'),
	(115, 1, 7, 88000, 0, '2D - Phụ đề', '2019-05-10', '16:00:00'),
	(116, 1, 7, 88000, 0, '2D - Phụ đề', '2019-05-10', '17:35:00'),
	(117, 1, 7, 88000, 0, '2D - Phụ đề', '2019-05-10', '18:55:00'),
	(118, 1, 7, 88000, 0, '2D - Phụ đề', '2019-05-10', '21:15:00'),
	(119, 1, 7, 88000, 0, '2D - Phụ đề', '2019-05-10', '22:15:00'),
	(120, 1, 7, 88000, 0, '2D - Phụ đề', '2019-05-11', '16:00:00'),
	(121, 1, 7, 88000, 0, '2D - Phụ đề', '2019-05-11', '17:35:00'),
	(122, 1, 7, 88000, 0, '2D - Phụ đề', '2019-05-11', '18:55:00'),
	(123, 1, 7, 88000, 0, '2D - Phụ đề', '2019-05-11', '21:15:00'),
	(124, 1, 7, 88000, 0, '2D - Phụ đề', '2019-05-11', '22:15:00'),
	(125, 1, 7, 88000, 0, '2D - Phụ đề', '2019-05-12', '16:00:00'),
	(126, 1, 7, 88000, 0, '2D - Phụ đề', '2019-05-12', '17:35:00'),
	(127, 1, 7, 88000, 0, '2D - Phụ đề', '2019-05-12', '18:55:00'),
	(128, 1, 7, 88000, 0, '2D - Phụ đề', '2019-05-12', '21:15:00'),
	(129, 1, 7, 88000, 0, '2D - Phụ đề', '2019-05-12', '22:15:00'),
	(130, 2, 8, 88000, 0, '2D - Phụ đề', '2019-05-15', '14:05:00'),
	(131, 2, 8, 88000, 0, '2D - Phụ đề', '2019-05-15', '18:25:00'),
	(132, 2, 8, 88000, 0, '2D - Phụ đề', '2019-05-15', '21:05:00'),
	(133, 2, 8, 88000, 0, '2D - Phụ đề', '2019-05-16', '14:05:00'),
	(134, 2, 8, 88000, 0, '2D - Phụ đề', '2019-05-16', '18:25:00'),
	(135, 2, 8, 88000, 0, '2D - Phụ đề', '2019-05-16', '21:05:00'),
	(136, 2, 8, 88000, 0, '2D - Phụ đề', '2019-05-17', '14:05:00'),
	(137, 2, 8, 88000, 0, '2D - Phụ đề', '2019-05-17', '18:25:00'),
	(138, 2, 8, 88000, 0, '2D - Phụ đề', '2019-05-17', '21:05:00'),
	(139, 3, 9, 88000, 0, '2D - Phụ đề', '2019-05-18', '18:00:00'),
	(140, 3, 9, 88000, 0, '2D - Phụ đề', '2019-05-18', '20:40:00'),
	(141, 3, 9, 88000, 0, '2D - Phụ đề', '2019-05-18', '23:05:00'),
	(142, 3, 9, 88000, 0, '2D - Phụ đề', '2019-05-19', '18:00:00'),
	(143, 3, 9, 88000, 0, '2D - Phụ đề', '2019-05-19', '20:40:00'),
	(144, 3, 9, 88000, 0, '2D - Phụ đề', '2019-05-19', '23:05:00'),
	(145, 3, 9, 88000, 0, '2D - Phụ đề', '2019-05-20', '18:00:00'),
	(146, 3, 9, 88000, 0, '2D - Phụ đề', '2019-05-20', '20:40:00'),
	(147, 3, 9, 88000, 0, '2D - Phụ đề', '2019-05-20', '23:05:00'),
	(148, 4, 7, 80000, 0, '2D - Phụ đề', '2019-05-19', '16:35:00'),
	(149, 4, 7, 80000, 0, '2D - Phụ đề', '2019-05-19', '18:40:00'),
	(150, 4, 7, 80000, 0, '2D - Phụ đề', '2019-05-20', '16:35:00'),
	(151, 4, 7, 80000, 0, '2D - Phụ đề', '2019-05-20', '18:40:00'),
	(152, 4, 7, 80000, 0, '2D - Phụ đề', '2019-05-21', '16:35:00'),
	(153, 4, 7, 80000, 0, '2D - Phụ đề', '2019-05-21', '18:40:00'),
	(154, 5, 8, 85000, 0, '2D - Phụ đề', '2019-05-20', '14:35:00'),
	(155, 5, 8, 85000, 0, '2D - Phụ đề', '2019-05-20', '20:20:00'),
	(156, 5, 8, 85000, 0, '2D - Phụ đề', '2019-05-20', '23:50:00'),
	(157, 5, 8, 85000, 0, '2D - Phụ đề', '2019-05-21', '14:35:00'),
	(158, 5, 8, 85000, 0, '2D - Phụ đề', '2019-05-21', '20:20:00'),
	(159, 5, 8, 85000, 0, '2D - Phụ đề', '2019-05-21', '23:50:00'),
	(160, 5, 8, 85000, 0, '2D - Phụ đề', '2019-05-22', '14:35:00'),
	(161, 5, 8, 85000, 0, '2D - Phụ đề', '2019-05-22', '20:20:00'),
	(162, 5, 8, 85000, 0, '2D - Phụ đề', '2019-05-22', '23:50:00'),
	(163, 6, 9, 88000, 0, '2D - Phụ đề', '2019-05-30', '14:05:00'),
	(164, 6, 9, 88000, 0, '2D - Phụ đề', '2019-05-30', '18:25:00'),
	(165, 6, 9, 88000, 0, '2D - Phụ đề', '2019-05-30', '21:05:00'),
	(166, 6, 9, 88000, 0, '2D - Phụ đề', '2019-06-01', '14:05:00'),
	(167, 6, 9, 88000, 0, '2D - Phụ đề', '2019-06-01', '18:25:00'),
	(168, 6, 9, 88000, 0, '2D - Phụ đề', '2019-06-01', '21:05:00'),
	(169, 6, 9, 88000, 0, '2D - Phụ đề', '2019-06-02', '14:05:00'),
	(170, 6, 9, 88000, 0, '2D - Phụ đề', '2019-06-02', '18:25:00'),
	(171, 6, 9, 88000, 0, '2D - Phụ đề', '2019-06-02', '21:05:00'),
	(172, 1, 10, 88000, 0, '2D - Phụ đề', '2019-05-10', '16:00:00'),
	(173, 1, 10, 88000, 0, '2D - Phụ đề', '2019-05-10', '17:35:00'),
	(174, 1, 10, 88000, 0, '2D - Phụ đề', '2019-05-10', '18:55:00'),
	(175, 1, 10, 88000, 0, '2D - Phụ đề', '2019-05-10', '21:15:00'),
	(176, 1, 10, 88000, 0, '2D - Phụ đề', '2019-05-10', '22:15:00'),
	(177, 1, 10, 88000, 0, '2D - Phụ đề', '2019-05-11', '16:00:00'),
	(178, 1, 10, 88000, 0, '2D - Phụ đề', '2019-05-11', '17:35:00'),
	(179, 1, 10, 88000, 0, '2D - Phụ đề', '2019-05-11', '18:55:00'),
	(180, 1, 10, 88000, 0, '2D - Phụ đề', '2019-05-11', '21:15:00'),
	(181, 1, 10, 88000, 0, '2D - Phụ đề', '2019-05-11', '22:15:00'),
	(182, 1, 10, 88000, 0, '2D - Phụ đề', '2019-05-12', '16:00:00'),
	(183, 1, 10, 88000, 0, '2D - Phụ đề', '2019-05-12', '17:35:00'),
	(184, 1, 10, 88000, 0, '2D - Phụ đề', '2019-05-12', '18:55:00'),
	(185, 1, 10, 88000, 0, '2D - Phụ đề', '2019-05-12', '21:15:00'),
	(186, 1, 10, 88000, 0, '2D - Phụ đề', '2019-05-12', '22:15:00'),
	(187, 2, 11, 88000, 0, '2D - Phụ đề', '2019-05-15', '14:05:00'),
	(188, 2, 11, 88000, 0, '2D - Phụ đề', '2019-05-15', '18:25:00'),
	(189, 2, 11, 88000, 0, '2D - Phụ đề', '2019-05-15', '21:05:00'),
	(190, 2, 11, 88000, 0, '2D - Phụ đề', '2019-05-16', '14:05:00'),
	(191, 2, 11, 88000, 0, '2D - Phụ đề', '2019-05-16', '18:25:00'),
	(192, 2, 11, 88000, 0, '2D - Phụ đề', '2019-05-16', '21:05:00'),
	(193, 2, 11, 88000, 0, '2D - Phụ đề', '2019-05-17', '14:05:00'),
	(194, 2, 11, 88000, 0, '2D - Phụ đề', '2019-05-17', '18:25:00'),
	(195, 2, 11, 88000, 0, '2D - Phụ đề', '2019-05-17', '21:05:00'),
	(196, 3, 12, 88000, 0, '2D - Phụ đề', '2019-05-18', '18:00:00'),
	(197, 3, 12, 88000, 0, '2D - Phụ đề', '2019-05-18', '20:40:00'),
	(198, 3, 12, 88000, 0, '2D - Phụ đề', '2019-05-18', '23:05:00'),
	(199, 3, 12, 88000, 0, '2D - Phụ đề', '2019-05-19', '18:00:00'),
	(200, 3, 12, 88000, 0, '2D - Phụ đề', '2019-05-19', '20:40:00'),
	(201, 3, 12, 88000, 0, '2D - Phụ đề', '2019-05-19', '23:05:00'),
	(202, 3, 12, 88000, 0, '2D - Phụ đề', '2019-05-20', '18:00:00'),
	(203, 3, 12, 88000, 0, '2D - Phụ đề', '2019-05-20', '20:40:00'),
	(204, 3, 12, 88000, 0, '2D - Phụ đề', '2019-05-20', '23:05:00'),
	(205, 4, 10, 80000, 0, '2D - Phụ đề', '2019-05-19', '16:35:00'),
	(206, 4, 10, 80000, 0, '2D - Phụ đề', '2019-05-19', '18:40:00'),
	(207, 4, 10, 80000, 0, '2D - Phụ đề', '2019-05-20', '16:35:00'),
	(208, 4, 10, 80000, 0, '2D - Phụ đề', '2019-05-20', '18:40:00'),
	(209, 4, 10, 80000, 0, '2D - Phụ đề', '2019-05-21', '16:35:00'),
	(210, 4, 10, 80000, 0, '2D - Phụ đề', '2019-05-21', '18:40:00'),
	(211, 5, 11, 85000, 0, '2D - Phụ đề', '2019-05-20', '14:35:00'),
	(212, 5, 11, 85000, 0, '2D - Phụ đề', '2019-05-20', '20:20:00'),
	(213, 5, 11, 85000, 0, '2D - Phụ đề', '2019-05-20', '23:50:00'),
	(214, 5, 11, 85000, 0, '2D - Phụ đề', '2019-05-21', '14:35:00'),
	(215, 5, 11, 85000, 0, '2D - Phụ đề', '2019-05-21', '20:20:00'),
	(216, 5, 11, 85000, 0, '2D - Phụ đề', '2019-05-21', '23:50:00'),
	(217, 5, 11, 85000, 0, '2D - Phụ đề', '2019-05-22', '14:35:00'),
	(218, 5, 11, 85000, 0, '2D - Phụ đề', '2019-05-22', '20:20:00'),
	(219, 5, 11, 85000, 0, '2D - Phụ đề', '2019-05-22', '23:50:00'),
	(220, 6, 12, 88000, 0, '2D - Phụ đề', '2019-05-30', '14:05:00'),
	(221, 6, 12, 88000, 0, '2D - Phụ đề', '2019-05-30', '18:25:00'),
	(222, 6, 12, 88000, 0, '2D - Phụ đề', '2019-05-30', '21:05:00'),
	(223, 6, 12, 88000, 0, '2D - Phụ đề', '2019-06-01', '14:05:00'),
	(224, 6, 12, 88000, 0, '2D - Phụ đề', '2019-06-01', '18:25:00'),
	(225, 6, 12, 88000, 0, '2D - Phụ đề', '2019-06-01', '21:05:00'),
	(226, 6, 12, 88000, 0, '2D - Phụ đề', '2019-06-02', '14:05:00'),
	(227, 6, 12, 88000, 0, '2D - Phụ đề', '2019-06-02', '18:25:00'),
	(228, 6, 12, 88000, 0, '2D - Phụ đề', '2019-06-02', '21:05:00'),
	(229, 1, 13, 88000, 0, '2D - Phụ đề', '2019-05-10', '16:00:00'),
	(230, 1, 13, 88000, 0, '2D - Phụ đề', '2019-05-10', '17:35:00'),
	(231, 1, 13, 88000, 0, '2D - Phụ đề', '2019-05-10', '18:55:00'),
	(232, 1, 13, 88000, 0, '2D - Phụ đề', '2019-05-10', '21:15:00'),
	(233, 1, 13, 88000, 0, '2D - Phụ đề', '2019-05-10', '22:15:00'),
	(234, 1, 13, 88000, 0, '2D - Phụ đề', '2019-05-11', '16:00:00'),
	(235, 1, 13, 88000, 0, '2D - Phụ đề', '2019-05-11', '17:35:00'),
	(236, 1, 13, 88000, 0, '2D - Phụ đề', '2019-05-11', '18:55:00'),
	(237, 1, 13, 88000, 0, '2D - Phụ đề', '2019-05-11', '21:15:00'),
	(238, 1, 13, 88000, 0, '2D - Phụ đề', '2019-05-11', '22:15:00'),
	(239, 1, 13, 88000, 0, '2D - Phụ đề', '2019-05-12', '16:00:00'),
	(240, 1, 13, 88000, 0, '2D - Phụ đề', '2019-05-12', '17:35:00'),
	(241, 1, 13, 88000, 0, '2D - Phụ đề', '2019-05-12', '18:55:00'),
	(242, 1, 13, 88000, 0, '2D - Phụ đề', '2019-05-12', '21:15:00'),
	(243, 1, 13, 88000, 0, '2D - Phụ đề', '2019-05-12', '22:15:00'),
	(244, 2, 14, 88000, 0, '2D - Phụ đề', '2019-05-15', '14:05:00'),
	(245, 2, 14, 88000, 0, '2D - Phụ đề', '2019-05-15', '18:25:00'),
	(246, 2, 14, 88000, 0, '2D - Phụ đề', '2019-05-15', '21:05:00'),
	(247, 2, 14, 88000, 0, '2D - Phụ đề', '2019-05-16', '14:05:00'),
	(248, 2, 14, 88000, 0, '2D - Phụ đề', '2019-05-16', '18:25:00'),
	(249, 2, 14, 88000, 0, '2D - Phụ đề', '2019-05-16', '21:05:00'),
	(250, 2, 14, 88000, 0, '2D - Phụ đề', '2019-05-17', '14:05:00'),
	(251, 2, 14, 88000, 0, '2D - Phụ đề', '2019-05-17', '18:25:00'),
	(252, 2, 14, 88000, 0, '2D - Phụ đề', '2019-05-17', '21:05:00'),
	(253, 3, 15, 88000, 0, '2D - Phụ đề', '2019-05-18', '18:00:00'),
	(254, 3, 15, 88000, 0, '2D - Phụ đề', '2019-05-18', '20:40:00'),
	(255, 3, 15, 88000, 0, '2D - Phụ đề', '2019-05-18', '23:05:00'),
	(256, 3, 15, 88000, 0, '2D - Phụ đề', '2019-05-19', '18:00:00'),
	(257, 3, 15, 88000, 0, '2D - Phụ đề', '2019-05-19', '20:40:00'),
	(258, 3, 15, 88000, 0, '2D - Phụ đề', '2019-05-19', '23:05:00'),
	(259, 3, 15, 88000, 0, '2D - Phụ đề', '2019-05-20', '18:00:00'),
	(260, 3, 15, 88000, 0, '2D - Phụ đề', '2019-05-20', '20:40:00'),
	(261, 3, 15, 88000, 0, '2D - Phụ đề', '2019-05-20', '23:05:00'),
	(262, 4, 13, 80000, 0, '2D - Phụ đề', '2019-05-19', '16:35:00'),
	(263, 4, 13, 80000, 0, '2D - Phụ đề', '2019-05-19', '18:40:00'),
	(264, 4, 13, 80000, 0, '2D - Phụ đề', '2019-05-20', '16:35:00'),
	(265, 4, 13, 80000, 0, '2D - Phụ đề', '2019-05-20', '18:40:00'),
	(266, 4, 13, 80000, 0, '2D - Phụ đề', '2019-05-21', '16:35:00'),
	(267, 4, 13, 80000, 0, '2D - Phụ đề', '2019-05-21', '18:40:00'),
	(268, 5, 14, 85000, 0, '2D - Phụ đề', '2019-05-20', '14:35:00'),
	(269, 5, 14, 85000, 0, '2D - Phụ đề', '2019-05-20', '20:20:00'),
	(270, 5, 14, 85000, 0, '2D - Phụ đề', '2019-05-20', '23:50:00'),
	(271, 5, 14, 85000, 0, '2D - Phụ đề', '2019-05-21', '14:35:00'),
	(272, 5, 14, 85000, 0, '2D - Phụ đề', '2019-05-21', '20:20:00'),
	(273, 5, 14, 85000, 0, '2D - Phụ đề', '2019-05-21', '23:50:00'),
	(274, 5, 14, 85000, 0, '2D - Phụ đề', '2019-05-22', '14:35:00'),
	(275, 5, 14, 85000, 0, '2D - Phụ đề', '2019-05-22', '20:20:00'),
	(276, 5, 14, 85000, 0, '2D - Phụ đề', '2019-05-22', '23:50:00'),
	(277, 6, 15, 88000, 0, '2D - Phụ đề', '2019-05-30', '14:05:00'),
	(278, 6, 15, 88000, 0, '2D - Phụ đề', '2019-05-30', '18:25:00'),
	(279, 6, 15, 88000, 0, '2D - Phụ đề', '2019-05-30', '21:05:00'),
	(280, 6, 15, 88000, 0, '2D - Phụ đề', '2019-06-01', '14:05:00'),
	(281, 6, 15, 88000, 0, '2D - Phụ đề', '2019-06-01', '18:25:00'),
	(282, 6, 15, 88000, 0, '2D - Phụ đề', '2019-06-01', '21:05:00'),
	(283, 6, 15, 88000, 0, '2D - Phụ đề', '2019-06-02', '14:05:00'),
	(284, 6, 15, 88000, 0, '2D - Phụ đề', '2019-06-02', '18:25:00'),
	(285, 6, 15, 88000, 0, '2D - Phụ đề', '2019-06-02', '21:05:00'),
	(286, 1, 16, 88000, 0, '2D - Phụ đề', '2019-05-10', '16:00:00'),
	(287, 1, 16, 88000, 0, '2D - Phụ đề', '2019-05-10', '17:35:00'),
	(288, 1, 16, 88000, 0, '2D - Phụ đề', '2019-05-10', '18:55:00'),
	(289, 1, 16, 88000, 0, '2D - Phụ đề', '2019-05-10', '21:15:00'),
	(290, 1, 16, 88000, 0, '2D - Phụ đề', '2019-05-10', '22:15:00'),
	(291, 1, 16, 88000, 0, '2D - Phụ đề', '2019-05-11', '16:00:00'),
	(292, 1, 16, 88000, 0, '2D - Phụ đề', '2019-05-11', '17:35:00'),
	(293, 1, 16, 88000, 0, '2D - Phụ đề', '2019-05-11', '18:55:00'),
	(294, 1, 16, 88000, 0, '2D - Phụ đề', '2019-05-11', '21:15:00'),
	(295, 1, 16, 88000, 0, '2D - Phụ đề', '2019-05-11', '22:15:00'),
	(296, 1, 16, 88000, 0, '2D - Phụ đề', '2019-05-12', '16:00:00'),
	(297, 1, 16, 88000, 0, '2D - Phụ đề', '2019-05-12', '17:35:00'),
	(298, 1, 16, 88000, 0, '2D - Phụ đề', '2019-05-12', '18:55:00'),
	(299, 1, 16, 88000, 0, '2D - Phụ đề', '2019-05-12', '21:15:00'),
	(300, 1, 16, 88000, 0, '2D - Phụ đề', '2019-05-12', '22:15:00'),
	(301, 2, 17, 88000, 0, '2D - Phụ đề', '2019-05-15', '14:05:00'),
	(302, 2, 17, 88000, 0, '2D - Phụ đề', '2019-05-15', '18:25:00'),
	(303, 2, 17, 88000, 0, '2D - Phụ đề', '2019-05-15', '21:05:00'),
	(304, 2, 17, 88000, 0, '2D - Phụ đề', '2019-05-16', '14:05:00'),
	(305, 2, 17, 88000, 0, '2D - Phụ đề', '2019-05-16', '18:25:00'),
	(306, 2, 17, 88000, 0, '2D - Phụ đề', '2019-05-16', '21:05:00'),
	(307, 2, 17, 88000, 0, '2D - Phụ đề', '2019-05-17', '14:05:00'),
	(308, 2, 17, 88000, 0, '2D - Phụ đề', '2019-05-17', '18:25:00'),
	(309, 2, 17, 88000, 0, '2D - Phụ đề', '2019-05-17', '21:05:00'),
	(310, 3, 18, 88000, 0, '2D - Phụ đề', '2019-05-18', '18:00:00'),
	(311, 3, 18, 88000, 0, '2D - Phụ đề', '2019-05-18', '20:40:00'),
	(312, 3, 18, 88000, 0, '2D - Phụ đề', '2019-05-18', '23:05:00'),
	(313, 3, 18, 88000, 0, '2D - Phụ đề', '2019-05-19', '18:00:00'),
	(314, 3, 18, 88000, 0, '2D - Phụ đề', '2019-05-19', '20:40:00'),
	(315, 3, 18, 88000, 0, '2D - Phụ đề', '2019-05-19', '23:05:00'),
	(316, 3, 18, 88000, 0, '2D - Phụ đề', '2019-05-20', '18:00:00'),
	(317, 3, 18, 88000, 0, '2D - Phụ đề', '2019-05-20', '20:40:00'),
	(318, 3, 18, 88000, 0, '2D - Phụ đề', '2019-05-20', '23:05:00'),
	(319, 4, 16, 80000, 0, '2D - Phụ đề', '2019-05-19', '16:35:00'),
	(320, 4, 16, 80000, 0, '2D - Phụ đề', '2019-05-19', '18:40:00'),
	(321, 4, 16, 80000, 0, '2D - Phụ đề', '2019-05-20', '16:35:00'),
	(322, 4, 16, 80000, 0, '2D - Phụ đề', '2019-05-20', '18:40:00'),
	(323, 4, 16, 80000, 0, '2D - Phụ đề', '2019-05-21', '16:35:00'),
	(324, 4, 16, 80000, 0, '2D - Phụ đề', '2019-05-21', '18:40:00'),
	(325, 5, 17, 85000, 0, '2D - Phụ đề', '2019-05-20', '14:35:00'),
	(326, 5, 17, 85000, 0, '2D - Phụ đề', '2019-05-20', '20:20:00'),
	(327, 5, 17, 85000, 0, '2D - Phụ đề', '2019-05-20', '23:50:00'),
	(328, 5, 17, 85000, 0, '2D - Phụ đề', '2019-05-21', '14:35:00'),
	(329, 5, 17, 85000, 0, '2D - Phụ đề', '2019-05-21', '20:20:00'),
	(330, 5, 17, 85000, 0, '2D - Phụ đề', '2019-05-21', '23:50:00'),
	(331, 5, 17, 85000, 0, '2D - Phụ đề', '2019-05-22', '14:35:00'),
	(332, 5, 17, 85000, 0, '2D - Phụ đề', '2019-05-22', '20:20:00'),
	(333, 5, 17, 85000, 0, '2D - Phụ đề', '2019-05-22', '23:50:00'),
	(334, 6, 18, 88000, 0, '2D - Phụ đề', '2019-05-30', '14:05:00'),
	(335, 6, 18, 88000, 0, '2D - Phụ đề', '2019-05-30', '18:25:00'),
	(336, 6, 18, 88000, 0, '2D - Phụ đề', '2019-05-30', '21:05:00'),
	(337, 6, 18, 88000, 0, '2D - Phụ đề', '2019-06-01', '14:05:00'),
	(338, 6, 18, 88000, 0, '2D - Phụ đề', '2019-06-01', '18:25:00'),
	(339, 6, 18, 88000, 0, '2D - Phụ đề', '2019-06-01', '21:05:00'),
	(340, 6, 18, 88000, 0, '2D - Phụ đề', '2019-06-02', '14:05:00'),
	(341, 6, 18, 88000, 0, '2D - Phụ đề', '2019-06-02', '18:25:00'),
	(342, 6, 18, 88000, 0, '2D - Phụ đề', '2019-06-02', '21:05:00');
/*!40000 ALTER TABLE `movie_showings` ENABLE KEYS */;

-- Dumping structure for table booking_tickets.seats
DROP TABLE IF EXISTS `seats`;
CREATE TABLE IF NOT EXISTS `seats` (
  `id` int(10) unsigned NOT NULL AUTO_INCREMENT,
  `row` char(10) COLLATE utf8mb4_unicode_ci NOT NULL,
  `number` char(10) COLLATE utf8mb4_unicode_ci NOT NULL,
  `type` int(10) unsigned NOT NULL,
  `location_id` int(10) unsigned NOT NULL,
  `block_id` int(10) unsigned DEFAULT NULL,
  PRIMARY KEY (`id`),
  KEY `FK_SEATS_LOCATIONS` (`location_id`),
  KEY `FK_SEATS_BLOCKS` (`block_id`),
  CONSTRAINT `FK_SEATS_BLOCKS` FOREIGN KEY (`block_id`) REFERENCES `blocks` (`id`) ON DELETE NO ACTION ON UPDATE NO ACTION,
  CONSTRAINT `FK_SEATS_LOCATIONS` FOREIGN KEY (`location_id`) REFERENCES `locations` (`id`) ON DELETE NO ACTION ON UPDATE NO ACTION
) ENGINE=InnoDB AUTO_INCREMENT=2161 DEFAULT CHARSET=utf8mb4 COLLATE=utf8mb4_unicode_ci;

-- Dumping data for table booking_tickets.seats: ~2.160 rows (approximately)
/*!40000 ALTER TABLE `seats` DISABLE KEYS */;
INSERT INTO `seats` (`id`, `row`, `number`, `type`, `location_id`, `block_id`) VALUES
	(1, 'A', '1', 0, 4, NULL),
	(2, 'A', '2', 0, 4, NULL),
	(3, 'A', '3', 0, 4, NULL),
	(4, 'A', '4', 0, 4, NULL),
	(5, 'A', '5', 0, 4, NULL),
	(6, 'A', '6', 0, 4, NULL),
	(7, 'A', '7', 0, 4, NULL),
	(8, 'A', '8', 0, 4, NULL),
	(9, 'A', '9', 0, 4, NULL),
	(10, 'A', '10', 0, 4, NULL),
	(11, 'A', '11', 0, 4, NULL),
	(12, 'A', '12', 0, 4, NULL),
	(13, 'B', '1', 0, 4, NULL),
	(14, 'B', '2', 0, 4, NULL),
	(15, 'B', '3', 0, 4, NULL),
	(16, 'B', '4', 0, 4, NULL),
	(17, 'B', '5', 0, 4, NULL),
	(18, 'B', '6', 0, 4, NULL),
	(19, 'B', '7', 0, 4, NULL),
	(20, 'B', '8', 0, 4, NULL),
	(21, 'B', '9', 0, 4, NULL),
	(22, 'B', '10', 0, 4, NULL),
	(23, 'B', '11', 0, 4, NULL),
	(24, 'B', '12', 0, 4, NULL),
	(25, 'C', '1', 0, 4, NULL),
	(26, 'C', '2', 0, 4, NULL),
	(27, 'C', '3', 0, 4, NULL),
	(28, 'C', '4', 0, 4, NULL),
	(29, 'C', '5', 0, 4, NULL),
	(30, 'C', '6', 0, 4, NULL),
	(31, 'C', '7', 0, 4, NULL),
	(32, 'C', '8', 0, 4, NULL),
	(33, 'C', '9', 0, 4, NULL),
	(34, 'C', '10', 0, 4, NULL),
	(35, 'C', '11', 0, 4, NULL),
	(36, 'C', '12', 0, 4, NULL),
	(37, 'D', '1', 0, 4, NULL),
	(38, 'D', '2', 0, 4, NULL),
	(39, 'D', '3', 0, 4, NULL),
	(40, 'D', '4', 0, 4, NULL),
	(41, 'D', '5', 0, 4, NULL),
	(42, 'D', '6', 0, 4, NULL),
	(43, 'D', '7', 0, 4, NULL),
	(44, 'D', '8', 0, 4, NULL),
	(45, 'D', '9', 0, 4, NULL),
	(46, 'D', '10', 0, 4, NULL),
	(47, 'D', '11', 0, 4, NULL),
	(48, 'D', '12', 0, 4, NULL),
	(49, 'E', '1', 0, 4, NULL),
	(50, 'E', '2', 0, 4, NULL),
	(51, 'E', '3', 0, 4, NULL),
	(52, 'E', '4', 0, 4, NULL),
	(53, 'E', '5', 0, 4, NULL),
	(54, 'E', '6', 0, 4, NULL),
	(55, 'E', '7', 0, 4, NULL),
	(56, 'E', '8', 0, 4, NULL),
	(57, 'E', '9', 0, 4, NULL),
	(58, 'E', '10', 0, 4, NULL),
	(59, 'E', '11', 0, 4, NULL),
	(60, 'E', '12', 0, 4, NULL),
	(61, 'F', '1', 0, 4, NULL),
	(62, 'F', '2', 0, 4, NULL),
	(63, 'F', '3', 0, 4, NULL),
	(64, 'F', '4', 0, 4, NULL),
	(65, 'F', '5', 0, 4, NULL),
	(66, 'F', '6', 0, 4, NULL),
	(67, 'F', '7', 0, 4, NULL),
	(68, 'F', '8', 0, 4, NULL),
	(69, 'F', '9', 0, 4, NULL),
	(70, 'F', '10', 0, 4, NULL),
	(71, 'F', '11', 0, 4, NULL),
	(72, 'F', '12', 0, 4, NULL),
	(73, 'G', '1', 0, 4, NULL),
	(74, 'G', '2', 0, 4, NULL),
	(75, 'G', '3', 0, 4, NULL),
	(76, 'G', '4', 0, 4, NULL),
	(77, 'G', '5', 0, 4, NULL),
	(78, 'G', '6', 0, 4, NULL),
	(79, 'G', '7', 0, 4, NULL),
	(80, 'G', '8', 0, 4, NULL),
	(81, 'G', '9', 0, 4, NULL),
	(82, 'G', '10', 0, 4, NULL),
	(83, 'G', '11', 0, 4, NULL),
	(84, 'G', '12', 0, 4, NULL),
	(85, 'H', '1', 0, 4, NULL),
	(86, 'H', '2', 0, 4, NULL),
	(87, 'H', '3', 0, 4, NULL),
	(88, 'H', '4', 0, 4, NULL),
	(89, 'H', '5', 0, 4, NULL),
	(90, 'H', '6', 0, 4, NULL),
	(91, 'H', '7', 0, 4, NULL),
	(92, 'H', '8', 0, 4, NULL),
	(93, 'H', '9', 0, 4, NULL),
	(94, 'H', '10', 0, 4, NULL),
	(95, 'H', '11', 0, 4, NULL),
	(96, 'H', '12', 0, 4, NULL),
	(97, 'I', '1', 0, 4, NULL),
	(98, 'I', '2', 0, 4, NULL),
	(99, 'I', '3', 0, 4, NULL),
	(100, 'I', '4', 0, 4, NULL),
	(101, 'I', '5', 0, 4, NULL),
	(102, 'I', '6', 0, 4, NULL),
	(103, 'I', '7', 0, 4, NULL),
	(104, 'I', '8', 0, 4, NULL),
	(105, 'I', '9', 0, 4, NULL),
	(106, 'I', '10', 0, 4, NULL),
	(107, 'I', '11', 0, 4, NULL),
	(108, 'I', '12', 0, 4, NULL),
	(109, 'J', '1', 0, 4, NULL),
	(110, 'J', '2', 0, 4, NULL),
	(111, 'J', '3', 0, 4, NULL),
	(112, 'J', '4', 0, 4, NULL),
	(113, 'J', '5', 0, 4, NULL),
	(114, 'J', '6', 0, 4, NULL),
	(115, 'J', '7', 0, 4, NULL),
	(116, 'J', '8', 0, 4, NULL),
	(117, 'J', '9', 0, 4, NULL),
	(118, 'J', '10', 0, 4, NULL),
	(119, 'J', '11', 0, 4, NULL),
	(120, 'J', '12', 0, 4, NULL),
	(121, 'A', '1', 0, 5, NULL),
	(122, 'A', '2', 0, 5, NULL),
	(123, 'A', '3', 0, 5, NULL),
	(124, 'A', '4', 0, 5, NULL),
	(125, 'A', '5', 0, 5, NULL),
	(126, 'A', '6', 0, 5, NULL),
	(127, 'A', '7', 0, 5, NULL),
	(128, 'A', '8', 0, 5, NULL),
	(129, 'A', '9', 0, 5, NULL),
	(130, 'A', '10', 0, 5, NULL),
	(131, 'A', '11', 0, 5, NULL),
	(132, 'A', '12', 0, 5, NULL),
	(133, 'B', '1', 0, 5, NULL),
	(134, 'B', '2', 0, 5, NULL),
	(135, 'B', '3', 0, 5, NULL),
	(136, 'B', '4', 0, 5, NULL),
	(137, 'B', '5', 0, 5, NULL),
	(138, 'B', '6', 0, 5, NULL),
	(139, 'B', '7', 0, 5, NULL),
	(140, 'B', '8', 0, 5, NULL),
	(141, 'B', '9', 0, 5, NULL),
	(142, 'B', '10', 0, 5, NULL),
	(143, 'B', '11', 0, 5, NULL),
	(144, 'B', '12', 0, 5, NULL),
	(145, 'C', '1', 0, 5, NULL),
	(146, 'C', '2', 0, 5, NULL),
	(147, 'C', '3', 0, 5, NULL),
	(148, 'C', '4', 0, 5, NULL),
	(149, 'C', '5', 0, 5, NULL),
	(150, 'C', '6', 0, 5, NULL),
	(151, 'C', '7', 0, 5, NULL),
	(152, 'C', '8', 0, 5, NULL),
	(153, 'C', '9', 0, 5, NULL),
	(154, 'C', '10', 0, 5, NULL),
	(155, 'C', '11', 0, 5, NULL),
	(156, 'C', '12', 0, 5, NULL),
	(157, 'D', '1', 0, 5, NULL),
	(158, 'D', '2', 0, 5, NULL),
	(159, 'D', '3', 0, 5, NULL),
	(160, 'D', '4', 0, 5, NULL),
	(161, 'D', '5', 0, 5, NULL),
	(162, 'D', '6', 0, 5, NULL),
	(163, 'D', '7', 0, 5, NULL),
	(164, 'D', '8', 0, 5, NULL),
	(165, 'D', '9', 0, 5, NULL),
	(166, 'D', '10', 0, 5, NULL),
	(167, 'D', '11', 0, 5, NULL),
	(168, 'D', '12', 0, 5, NULL),
	(169, 'E', '1', 0, 5, NULL),
	(170, 'E', '2', 0, 5, NULL),
	(171, 'E', '3', 0, 5, NULL),
	(172, 'E', '4', 0, 5, NULL),
	(173, 'E', '5', 0, 5, NULL),
	(174, 'E', '6', 0, 5, NULL),
	(175, 'E', '7', 0, 5, NULL),
	(176, 'E', '8', 0, 5, NULL),
	(177, 'E', '9', 0, 5, NULL),
	(178, 'E', '10', 0, 5, NULL),
	(179, 'E', '11', 0, 5, NULL),
	(180, 'E', '12', 0, 5, NULL),
	(181, 'F', '1', 0, 5, NULL),
	(182, 'F', '2', 0, 5, NULL),
	(183, 'F', '3', 0, 5, NULL),
	(184, 'F', '4', 0, 5, NULL),
	(185, 'F', '5', 0, 5, NULL),
	(186, 'F', '6', 0, 5, NULL),
	(187, 'F', '7', 0, 5, NULL),
	(188, 'F', '8', 0, 5, NULL),
	(189, 'F', '9', 0, 5, NULL),
	(190, 'F', '10', 0, 5, NULL),
	(191, 'F', '11', 0, 5, NULL),
	(192, 'F', '12', 0, 5, NULL),
	(193, 'G', '1', 0, 5, NULL),
	(194, 'G', '2', 0, 5, NULL),
	(195, 'G', '3', 0, 5, NULL),
	(196, 'G', '4', 0, 5, NULL),
	(197, 'G', '5', 0, 5, NULL),
	(198, 'G', '6', 0, 5, NULL),
	(199, 'G', '7', 0, 5, NULL),
	(200, 'G', '8', 0, 5, NULL),
	(201, 'G', '9', 0, 5, NULL),
	(202, 'G', '10', 0, 5, NULL),
	(203, 'G', '11', 0, 5, NULL),
	(204, 'G', '12', 0, 5, NULL),
	(205, 'H', '1', 0, 5, NULL),
	(206, 'H', '2', 0, 5, NULL),
	(207, 'H', '3', 0, 5, NULL),
	(208, 'H', '4', 0, 5, NULL),
	(209, 'H', '5', 0, 5, NULL),
	(210, 'H', '6', 0, 5, NULL),
	(211, 'H', '7', 0, 5, NULL),
	(212, 'H', '8', 0, 5, NULL),
	(213, 'H', '9', 0, 5, NULL),
	(214, 'H', '10', 0, 5, NULL),
	(215, 'H', '11', 0, 5, NULL),
	(216, 'H', '12', 0, 5, NULL),
	(217, 'I', '1', 0, 5, NULL),
	(218, 'I', '2', 0, 5, NULL),
	(219, 'I', '3', 0, 5, NULL),
	(220, 'I', '4', 0, 5, NULL),
	(221, 'I', '5', 0, 5, NULL),
	(222, 'I', '6', 0, 5, NULL),
	(223, 'I', '7', 0, 5, NULL),
	(224, 'I', '8', 0, 5, NULL),
	(225, 'I', '9', 0, 5, NULL),
	(226, 'I', '10', 0, 5, NULL),
	(227, 'I', '11', 0, 5, NULL),
	(228, 'I', '12', 0, 5, NULL),
	(229, 'J', '1', 0, 5, NULL),
	(230, 'J', '2', 0, 5, NULL),
	(231, 'J', '3', 0, 5, NULL),
	(232, 'J', '4', 0, 5, NULL),
	(233, 'J', '5', 0, 5, NULL),
	(234, 'J', '6', 0, 5, NULL),
	(235, 'J', '7', 0, 5, NULL),
	(236, 'J', '8', 0, 5, NULL),
	(237, 'J', '9', 0, 5, NULL),
	(238, 'J', '10', 0, 5, NULL),
	(239, 'J', '11', 0, 5, NULL),
	(240, 'J', '12', 0, 5, NULL),
	(241, 'A', '1', 0, 6, NULL),
	(242, 'A', '2', 0, 6, NULL),
	(243, 'A', '3', 0, 6, NULL),
	(244, 'A', '4', 0, 6, NULL),
	(245, 'A', '5', 0, 6, NULL),
	(246, 'A', '6', 0, 6, NULL),
	(247, 'A', '7', 0, 6, NULL),
	(248, 'A', '8', 0, 6, NULL),
	(249, 'A', '9', 0, 6, NULL),
	(250, 'A', '10', 0, 6, NULL),
	(251, 'A', '11', 0, 6, NULL),
	(252, 'A', '12', 0, 6, NULL),
	(253, 'B', '1', 0, 6, NULL),
	(254, 'B', '2', 0, 6, NULL),
	(255, 'B', '3', 0, 6, NULL),
	(256, 'B', '4', 0, 6, NULL),
	(257, 'B', '5', 0, 6, NULL),
	(258, 'B', '6', 0, 6, NULL),
	(259, 'B', '7', 0, 6, NULL),
	(260, 'B', '8', 0, 6, NULL),
	(261, 'B', '9', 0, 6, NULL),
	(262, 'B', '10', 0, 6, NULL),
	(263, 'B', '11', 0, 6, NULL),
	(264, 'B', '12', 0, 6, NULL),
	(265, 'C', '1', 0, 6, NULL),
	(266, 'C', '2', 0, 6, NULL),
	(267, 'C', '3', 0, 6, NULL),
	(268, 'C', '4', 0, 6, NULL),
	(269, 'C', '5', 0, 6, NULL),
	(270, 'C', '6', 0, 6, NULL),
	(271, 'C', '7', 0, 6, NULL),
	(272, 'C', '8', 0, 6, NULL),
	(273, 'C', '9', 0, 6, NULL),
	(274, 'C', '10', 0, 6, NULL),
	(275, 'C', '11', 0, 6, NULL),
	(276, 'C', '12', 0, 6, NULL),
	(277, 'D', '1', 0, 6, NULL),
	(278, 'D', '2', 0, 6, NULL),
	(279, 'D', '3', 0, 6, NULL),
	(280, 'D', '4', 0, 6, NULL),
	(281, 'D', '5', 0, 6, NULL),
	(282, 'D', '6', 0, 6, NULL),
	(283, 'D', '7', 0, 6, NULL),
	(284, 'D', '8', 0, 6, NULL),
	(285, 'D', '9', 0, 6, NULL),
	(286, 'D', '10', 0, 6, NULL),
	(287, 'D', '11', 0, 6, NULL),
	(288, 'D', '12', 0, 6, NULL),
	(289, 'E', '1', 0, 6, NULL),
	(290, 'E', '2', 0, 6, NULL),
	(291, 'E', '3', 0, 6, NULL),
	(292, 'E', '4', 0, 6, NULL),
	(293, 'E', '5', 0, 6, NULL),
	(294, 'E', '6', 0, 6, NULL),
	(295, 'E', '7', 0, 6, NULL),
	(296, 'E', '8', 0, 6, NULL),
	(297, 'E', '9', 0, 6, NULL),
	(298, 'E', '10', 0, 6, NULL),
	(299, 'E', '11', 0, 6, NULL),
	(300, 'E', '12', 0, 6, NULL),
	(301, 'F', '1', 0, 6, NULL),
	(302, 'F', '2', 0, 6, NULL),
	(303, 'F', '3', 0, 6, NULL),
	(304, 'F', '4', 0, 6, NULL),
	(305, 'F', '5', 0, 6, NULL),
	(306, 'F', '6', 0, 6, NULL),
	(307, 'F', '7', 0, 6, NULL),
	(308, 'F', '8', 0, 6, NULL),
	(309, 'F', '9', 0, 6, NULL),
	(310, 'F', '10', 0, 6, NULL),
	(311, 'F', '11', 0, 6, NULL),
	(312, 'F', '12', 0, 6, NULL),
	(313, 'G', '1', 0, 6, NULL),
	(314, 'G', '2', 0, 6, NULL),
	(315, 'G', '3', 0, 6, NULL),
	(316, 'G', '4', 0, 6, NULL),
	(317, 'G', '5', 0, 6, NULL),
	(318, 'G', '6', 0, 6, NULL),
	(319, 'G', '7', 0, 6, NULL),
	(320, 'G', '8', 0, 6, NULL),
	(321, 'G', '9', 0, 6, NULL),
	(322, 'G', '10', 0, 6, NULL),
	(323, 'G', '11', 0, 6, NULL),
	(324, 'G', '12', 0, 6, NULL),
	(325, 'H', '1', 0, 6, NULL),
	(326, 'H', '2', 0, 6, NULL),
	(327, 'H', '3', 0, 6, NULL),
	(328, 'H', '4', 0, 6, NULL),
	(329, 'H', '5', 0, 6, NULL),
	(330, 'H', '6', 0, 6, NULL),
	(331, 'H', '7', 0, 6, NULL),
	(332, 'H', '8', 0, 6, NULL),
	(333, 'H', '9', 0, 6, NULL),
	(334, 'H', '10', 0, 6, NULL),
	(335, 'H', '11', 0, 6, NULL),
	(336, 'H', '12', 0, 6, NULL),
	(337, 'I', '1', 0, 6, NULL),
	(338, 'I', '2', 0, 6, NULL),
	(339, 'I', '3', 0, 6, NULL),
	(340, 'I', '4', 0, 6, NULL),
	(341, 'I', '5', 0, 6, NULL),
	(342, 'I', '6', 0, 6, NULL),
	(343, 'I', '7', 0, 6, NULL),
	(344, 'I', '8', 0, 6, NULL),
	(345, 'I', '9', 0, 6, NULL),
	(346, 'I', '10', 0, 6, NULL),
	(347, 'I', '11', 0, 6, NULL),
	(348, 'I', '12', 0, 6, NULL),
	(349, 'J', '1', 0, 6, NULL),
	(350, 'J', '2', 0, 6, NULL),
	(351, 'J', '3', 0, 6, NULL),
	(352, 'J', '4', 0, 6, NULL),
	(353, 'J', '5', 0, 6, NULL),
	(354, 'J', '6', 0, 6, NULL),
	(355, 'J', '7', 0, 6, NULL),
	(356, 'J', '8', 0, 6, NULL),
	(357, 'J', '9', 0, 6, NULL),
	(358, 'J', '10', 0, 6, NULL),
	(359, 'J', '11', 0, 6, NULL),
	(360, 'J', '12', 0, 6, NULL),
	(361, 'A', '1', 0, 7, NULL),
	(362, 'A', '2', 0, 7, NULL),
	(363, 'A', '3', 0, 7, NULL),
	(364, 'A', '4', 0, 7, NULL),
	(365, 'A', '5', 0, 7, NULL),
	(366, 'A', '6', 0, 7, NULL),
	(367, 'A', '7', 0, 7, NULL),
	(368, 'A', '8', 0, 7, NULL),
	(369, 'A', '9', 0, 7, NULL),
	(370, 'A', '10', 0, 7, NULL),
	(371, 'A', '11', 0, 7, NULL),
	(372, 'A', '12', 0, 7, NULL),
	(373, 'B', '1', 0, 7, NULL),
	(374, 'B', '2', 0, 7, NULL),
	(375, 'B', '3', 0, 7, NULL),
	(376, 'B', '4', 0, 7, NULL),
	(377, 'B', '5', 0, 7, NULL),
	(378, 'B', '6', 0, 7, NULL),
	(379, 'B', '7', 0, 7, NULL),
	(380, 'B', '8', 0, 7, NULL),
	(381, 'B', '9', 0, 7, NULL),
	(382, 'B', '10', 0, 7, NULL),
	(383, 'B', '11', 0, 7, NULL),
	(384, 'B', '12', 0, 7, NULL),
	(385, 'C', '1', 0, 7, NULL),
	(386, 'C', '2', 0, 7, NULL),
	(387, 'C', '3', 0, 7, NULL),
	(388, 'C', '4', 0, 7, NULL),
	(389, 'C', '5', 0, 7, NULL),
	(390, 'C', '6', 0, 7, NULL),
	(391, 'C', '7', 0, 7, NULL),
	(392, 'C', '8', 0, 7, NULL),
	(393, 'C', '9', 0, 7, NULL),
	(394, 'C', '10', 0, 7, NULL),
	(395, 'C', '11', 0, 7, NULL),
	(396, 'C', '12', 0, 7, NULL),
	(397, 'D', '1', 0, 7, NULL),
	(398, 'D', '2', 0, 7, NULL),
	(399, 'D', '3', 0, 7, NULL),
	(400, 'D', '4', 0, 7, NULL),
	(401, 'D', '5', 0, 7, NULL),
	(402, 'D', '6', 0, 7, NULL),
	(403, 'D', '7', 0, 7, NULL),
	(404, 'D', '8', 0, 7, NULL),
	(405, 'D', '9', 0, 7, NULL),
	(406, 'D', '10', 0, 7, NULL),
	(407, 'D', '11', 0, 7, NULL),
	(408, 'D', '12', 0, 7, NULL),
	(409, 'E', '1', 0, 7, NULL),
	(410, 'E', '2', 0, 7, NULL),
	(411, 'E', '3', 0, 7, NULL),
	(412, 'E', '4', 0, 7, NULL),
	(413, 'E', '5', 0, 7, NULL),
	(414, 'E', '6', 0, 7, NULL),
	(415, 'E', '7', 0, 7, NULL),
	(416, 'E', '8', 0, 7, NULL),
	(417, 'E', '9', 0, 7, NULL),
	(418, 'E', '10', 0, 7, NULL),
	(419, 'E', '11', 0, 7, NULL),
	(420, 'E', '12', 0, 7, NULL),
	(421, 'F', '1', 0, 7, NULL),
	(422, 'F', '2', 0, 7, NULL),
	(423, 'F', '3', 0, 7, NULL),
	(424, 'F', '4', 0, 7, NULL),
	(425, 'F', '5', 0, 7, NULL),
	(426, 'F', '6', 0, 7, NULL),
	(427, 'F', '7', 0, 7, NULL),
	(428, 'F', '8', 0, 7, NULL),
	(429, 'F', '9', 0, 7, NULL),
	(430, 'F', '10', 0, 7, NULL),
	(431, 'F', '11', 0, 7, NULL),
	(432, 'F', '12', 0, 7, NULL),
	(433, 'G', '1', 0, 7, NULL),
	(434, 'G', '2', 0, 7, NULL),
	(435, 'G', '3', 0, 7, NULL),
	(436, 'G', '4', 0, 7, NULL),
	(437, 'G', '5', 0, 7, NULL),
	(438, 'G', '6', 0, 7, NULL),
	(439, 'G', '7', 0, 7, NULL),
	(440, 'G', '8', 0, 7, NULL),
	(441, 'G', '9', 0, 7, NULL),
	(442, 'G', '10', 0, 7, NULL),
	(443, 'G', '11', 0, 7, NULL),
	(444, 'G', '12', 0, 7, NULL),
	(445, 'H', '1', 0, 7, NULL),
	(446, 'H', '2', 0, 7, NULL),
	(447, 'H', '3', 0, 7, NULL),
	(448, 'H', '4', 0, 7, NULL),
	(449, 'H', '5', 0, 7, NULL),
	(450, 'H', '6', 0, 7, NULL),
	(451, 'H', '7', 0, 7, NULL),
	(452, 'H', '8', 0, 7, NULL),
	(453, 'H', '9', 0, 7, NULL),
	(454, 'H', '10', 0, 7, NULL),
	(455, 'H', '11', 0, 7, NULL),
	(456, 'H', '12', 0, 7, NULL),
	(457, 'I', '1', 0, 7, NULL),
	(458, 'I', '2', 0, 7, NULL),
	(459, 'I', '3', 0, 7, NULL),
	(460, 'I', '4', 0, 7, NULL),
	(461, 'I', '5', 0, 7, NULL),
	(462, 'I', '6', 0, 7, NULL),
	(463, 'I', '7', 0, 7, NULL),
	(464, 'I', '8', 0, 7, NULL),
	(465, 'I', '9', 0, 7, NULL),
	(466, 'I', '10', 0, 7, NULL),
	(467, 'I', '11', 0, 7, NULL),
	(468, 'I', '12', 0, 7, NULL),
	(469, 'J', '1', 0, 7, NULL),
	(470, 'J', '2', 0, 7, NULL),
	(471, 'J', '3', 0, 7, NULL),
	(472, 'J', '4', 0, 7, NULL),
	(473, 'J', '5', 0, 7, NULL),
	(474, 'J', '6', 0, 7, NULL),
	(475, 'J', '7', 0, 7, NULL),
	(476, 'J', '8', 0, 7, NULL),
	(477, 'J', '9', 0, 7, NULL),
	(478, 'J', '10', 0, 7, NULL),
	(479, 'J', '11', 0, 7, NULL),
	(480, 'J', '12', 0, 7, NULL),
	(481, 'A', '1', 0, 8, NULL),
	(482, 'A', '2', 0, 8, NULL),
	(483, 'A', '3', 0, 8, NULL),
	(484, 'A', '4', 0, 8, NULL),
	(485, 'A', '5', 0, 8, NULL),
	(486, 'A', '6', 0, 8, NULL),
	(487, 'A', '7', 0, 8, NULL),
	(488, 'A', '8', 0, 8, NULL),
	(489, 'A', '9', 0, 8, NULL),
	(490, 'A', '10', 0, 8, NULL),
	(491, 'A', '11', 0, 8, NULL),
	(492, 'A', '12', 0, 8, NULL),
	(493, 'B', '1', 0, 8, NULL),
	(494, 'B', '2', 0, 8, NULL),
	(495, 'B', '3', 0, 8, NULL),
	(496, 'B', '4', 0, 8, NULL),
	(497, 'B', '5', 0, 8, NULL),
	(498, 'B', '6', 0, 8, NULL),
	(499, 'B', '7', 0, 8, NULL),
	(500, 'B', '8', 0, 8, NULL),
	(501, 'B', '9', 0, 8, NULL),
	(502, 'B', '10', 0, 8, NULL),
	(503, 'B', '11', 0, 8, NULL),
	(504, 'B', '12', 0, 8, NULL),
	(505, 'C', '1', 0, 8, NULL),
	(506, 'C', '2', 0, 8, NULL),
	(507, 'C', '3', 0, 8, NULL),
	(508, 'C', '4', 0, 8, NULL),
	(509, 'C', '5', 0, 8, NULL),
	(510, 'C', '6', 0, 8, NULL),
	(511, 'C', '7', 0, 8, NULL),
	(512, 'C', '8', 0, 8, NULL),
	(513, 'C', '9', 0, 8, NULL),
	(514, 'C', '10', 0, 8, NULL),
	(515, 'C', '11', 0, 8, NULL),
	(516, 'C', '12', 0, 8, NULL),
	(517, 'D', '1', 0, 8, NULL),
	(518, 'D', '2', 0, 8, NULL),
	(519, 'D', '3', 0, 8, NULL),
	(520, 'D', '4', 0, 8, NULL),
	(521, 'D', '5', 0, 8, NULL),
	(522, 'D', '6', 0, 8, NULL),
	(523, 'D', '7', 0, 8, NULL),
	(524, 'D', '8', 0, 8, NULL),
	(525, 'D', '9', 0, 8, NULL),
	(526, 'D', '10', 0, 8, NULL),
	(527, 'D', '11', 0, 8, NULL),
	(528, 'D', '12', 0, 8, NULL),
	(529, 'E', '1', 0, 8, NULL),
	(530, 'E', '2', 0, 8, NULL),
	(531, 'E', '3', 0, 8, NULL),
	(532, 'E', '4', 0, 8, NULL),
	(533, 'E', '5', 0, 8, NULL),
	(534, 'E', '6', 0, 8, NULL),
	(535, 'E', '7', 0, 8, NULL),
	(536, 'E', '8', 0, 8, NULL),
	(537, 'E', '9', 0, 8, NULL),
	(538, 'E', '10', 0, 8, NULL),
	(539, 'E', '11', 0, 8, NULL),
	(540, 'E', '12', 0, 8, NULL),
	(541, 'F', '1', 0, 8, NULL),
	(542, 'F', '2', 0, 8, NULL),
	(543, 'F', '3', 0, 8, NULL),
	(544, 'F', '4', 0, 8, NULL),
	(545, 'F', '5', 0, 8, NULL),
	(546, 'F', '6', 0, 8, NULL),
	(547, 'F', '7', 0, 8, NULL),
	(548, 'F', '8', 0, 8, NULL),
	(549, 'F', '9', 0, 8, NULL),
	(550, 'F', '10', 0, 8, NULL),
	(551, 'F', '11', 0, 8, NULL),
	(552, 'F', '12', 0, 8, NULL),
	(553, 'G', '1', 0, 8, NULL),
	(554, 'G', '2', 0, 8, NULL),
	(555, 'G', '3', 0, 8, NULL),
	(556, 'G', '4', 0, 8, NULL),
	(557, 'G', '5', 0, 8, NULL),
	(558, 'G', '6', 0, 8, NULL),
	(559, 'G', '7', 0, 8, NULL),
	(560, 'G', '8', 0, 8, NULL),
	(561, 'G', '9', 0, 8, NULL),
	(562, 'G', '10', 0, 8, NULL),
	(563, 'G', '11', 0, 8, NULL),
	(564, 'G', '12', 0, 8, NULL),
	(565, 'H', '1', 0, 8, NULL),
	(566, 'H', '2', 0, 8, NULL),
	(567, 'H', '3', 0, 8, NULL),
	(568, 'H', '4', 0, 8, NULL),
	(569, 'H', '5', 0, 8, NULL),
	(570, 'H', '6', 0, 8, NULL),
	(571, 'H', '7', 0, 8, NULL),
	(572, 'H', '8', 0, 8, NULL),
	(573, 'H', '9', 0, 8, NULL),
	(574, 'H', '10', 0, 8, NULL),
	(575, 'H', '11', 0, 8, NULL),
	(576, 'H', '12', 0, 8, NULL),
	(577, 'I', '1', 0, 8, NULL),
	(578, 'I', '2', 0, 8, NULL),
	(579, 'I', '3', 0, 8, NULL),
	(580, 'I', '4', 0, 8, NULL),
	(581, 'I', '5', 0, 8, NULL),
	(582, 'I', '6', 0, 8, NULL),
	(583, 'I', '7', 0, 8, NULL),
	(584, 'I', '8', 0, 8, NULL),
	(585, 'I', '9', 0, 8, NULL),
	(586, 'I', '10', 0, 8, NULL),
	(587, 'I', '11', 0, 8, NULL),
	(588, 'I', '12', 0, 8, NULL),
	(589, 'J', '1', 0, 8, NULL),
	(590, 'J', '2', 0, 8, NULL),
	(591, 'J', '3', 0, 8, NULL),
	(592, 'J', '4', 0, 8, NULL),
	(593, 'J', '5', 0, 8, NULL),
	(594, 'J', '6', 0, 8, NULL),
	(595, 'J', '7', 0, 8, NULL),
	(596, 'J', '8', 0, 8, NULL),
	(597, 'J', '9', 0, 8, NULL),
	(598, 'J', '10', 0, 8, NULL),
	(599, 'J', '11', 0, 8, NULL),
	(600, 'J', '12', 0, 8, NULL),
	(601, 'A', '1', 0, 9, NULL),
	(602, 'A', '2', 0, 9, NULL),
	(603, 'A', '3', 0, 9, NULL),
	(604, 'A', '4', 0, 9, NULL),
	(605, 'A', '5', 0, 9, NULL),
	(606, 'A', '6', 0, 9, NULL),
	(607, 'A', '7', 0, 9, NULL),
	(608, 'A', '8', 0, 9, NULL),
	(609, 'A', '9', 0, 9, NULL),
	(610, 'A', '10', 0, 9, NULL),
	(611, 'A', '11', 0, 9, NULL),
	(612, 'A', '12', 0, 9, NULL),
	(613, 'B', '1', 0, 9, NULL),
	(614, 'B', '2', 0, 9, NULL),
	(615, 'B', '3', 0, 9, NULL),
	(616, 'B', '4', 0, 9, NULL),
	(617, 'B', '5', 0, 9, NULL),
	(618, 'B', '6', 0, 9, NULL),
	(619, 'B', '7', 0, 9, NULL),
	(620, 'B', '8', 0, 9, NULL),
	(621, 'B', '9', 0, 9, NULL),
	(622, 'B', '10', 0, 9, NULL),
	(623, 'B', '11', 0, 9, NULL),
	(624, 'B', '12', 0, 9, NULL),
	(625, 'C', '1', 0, 9, NULL),
	(626, 'C', '2', 0, 9, NULL),
	(627, 'C', '3', 0, 9, NULL),
	(628, 'C', '4', 0, 9, NULL),
	(629, 'C', '5', 0, 9, NULL),
	(630, 'C', '6', 0, 9, NULL),
	(631, 'C', '7', 0, 9, NULL),
	(632, 'C', '8', 0, 9, NULL),
	(633, 'C', '9', 0, 9, NULL),
	(634, 'C', '10', 0, 9, NULL),
	(635, 'C', '11', 0, 9, NULL),
	(636, 'C', '12', 0, 9, NULL),
	(637, 'D', '1', 0, 9, NULL),
	(638, 'D', '2', 0, 9, NULL),
	(639, 'D', '3', 0, 9, NULL),
	(640, 'D', '4', 0, 9, NULL),
	(641, 'D', '5', 0, 9, NULL),
	(642, 'D', '6', 0, 9, NULL),
	(643, 'D', '7', 0, 9, NULL),
	(644, 'D', '8', 0, 9, NULL),
	(645, 'D', '9', 0, 9, NULL),
	(646, 'D', '10', 0, 9, NULL),
	(647, 'D', '11', 0, 9, NULL),
	(648, 'D', '12', 0, 9, NULL),
	(649, 'E', '1', 0, 9, NULL),
	(650, 'E', '2', 0, 9, NULL),
	(651, 'E', '3', 0, 9, NULL),
	(652, 'E', '4', 0, 9, NULL),
	(653, 'E', '5', 0, 9, NULL),
	(654, 'E', '6', 0, 9, NULL),
	(655, 'E', '7', 0, 9, NULL),
	(656, 'E', '8', 0, 9, NULL),
	(657, 'E', '9', 0, 9, NULL),
	(658, 'E', '10', 0, 9, NULL),
	(659, 'E', '11', 0, 9, NULL),
	(660, 'E', '12', 0, 9, NULL),
	(661, 'F', '1', 0, 9, NULL),
	(662, 'F', '2', 0, 9, NULL),
	(663, 'F', '3', 0, 9, NULL),
	(664, 'F', '4', 0, 9, NULL),
	(665, 'F', '5', 0, 9, NULL),
	(666, 'F', '6', 0, 9, NULL),
	(667, 'F', '7', 0, 9, NULL),
	(668, 'F', '8', 0, 9, NULL),
	(669, 'F', '9', 0, 9, NULL),
	(670, 'F', '10', 0, 9, NULL),
	(671, 'F', '11', 0, 9, NULL),
	(672, 'F', '12', 0, 9, NULL),
	(673, 'G', '1', 0, 9, NULL),
	(674, 'G', '2', 0, 9, NULL),
	(675, 'G', '3', 0, 9, NULL),
	(676, 'G', '4', 0, 9, NULL),
	(677, 'G', '5', 0, 9, NULL),
	(678, 'G', '6', 0, 9, NULL),
	(679, 'G', '7', 0, 9, NULL),
	(680, 'G', '8', 0, 9, NULL),
	(681, 'G', '9', 0, 9, NULL),
	(682, 'G', '10', 0, 9, NULL),
	(683, 'G', '11', 0, 9, NULL),
	(684, 'G', '12', 0, 9, NULL),
	(685, 'H', '1', 0, 9, NULL),
	(686, 'H', '2', 0, 9, NULL),
	(687, 'H', '3', 0, 9, NULL),
	(688, 'H', '4', 0, 9, NULL),
	(689, 'H', '5', 0, 9, NULL),
	(690, 'H', '6', 0, 9, NULL),
	(691, 'H', '7', 0, 9, NULL),
	(692, 'H', '8', 0, 9, NULL),
	(693, 'H', '9', 0, 9, NULL),
	(694, 'H', '10', 0, 9, NULL),
	(695, 'H', '11', 0, 9, NULL),
	(696, 'H', '12', 0, 9, NULL),
	(697, 'I', '1', 0, 9, NULL),
	(698, 'I', '2', 0, 9, NULL),
	(699, 'I', '3', 0, 9, NULL),
	(700, 'I', '4', 0, 9, NULL),
	(701, 'I', '5', 0, 9, NULL),
	(702, 'I', '6', 0, 9, NULL),
	(703, 'I', '7', 0, 9, NULL),
	(704, 'I', '8', 0, 9, NULL),
	(705, 'I', '9', 0, 9, NULL),
	(706, 'I', '10', 0, 9, NULL),
	(707, 'I', '11', 0, 9, NULL),
	(708, 'I', '12', 0, 9, NULL),
	(709, 'J', '1', 0, 9, NULL),
	(710, 'J', '2', 0, 9, NULL),
	(711, 'J', '3', 0, 9, NULL),
	(712, 'J', '4', 0, 9, NULL),
	(713, 'J', '5', 0, 9, NULL),
	(714, 'J', '6', 0, 9, NULL),
	(715, 'J', '7', 0, 9, NULL),
	(716, 'J', '8', 0, 9, NULL),
	(717, 'J', '9', 0, 9, NULL),
	(718, 'J', '10', 0, 9, NULL),
	(719, 'J', '11', 0, 9, NULL),
	(720, 'J', '12', 0, 9, NULL),
	(721, 'A', '1', 0, 10, NULL),
	(722, 'A', '2', 0, 10, NULL),
	(723, 'A', '3', 0, 10, NULL),
	(724, 'A', '4', 0, 10, NULL),
	(725, 'A', '5', 0, 10, NULL),
	(726, 'A', '6', 0, 10, NULL),
	(727, 'A', '7', 0, 10, NULL),
	(728, 'A', '8', 0, 10, NULL),
	(729, 'A', '9', 0, 10, NULL),
	(730, 'A', '10', 0, 10, NULL),
	(731, 'A', '11', 0, 10, NULL),
	(732, 'A', '12', 0, 10, NULL),
	(733, 'B', '1', 0, 10, NULL),
	(734, 'B', '2', 0, 10, NULL),
	(735, 'B', '3', 0, 10, NULL),
	(736, 'B', '4', 0, 10, NULL),
	(737, 'B', '5', 0, 10, NULL),
	(738, 'B', '6', 0, 10, NULL),
	(739, 'B', '7', 0, 10, NULL),
	(740, 'B', '8', 0, 10, NULL),
	(741, 'B', '9', 0, 10, NULL),
	(742, 'B', '10', 0, 10, NULL),
	(743, 'B', '11', 0, 10, NULL),
	(744, 'B', '12', 0, 10, NULL),
	(745, 'C', '1', 0, 10, NULL),
	(746, 'C', '2', 0, 10, NULL),
	(747, 'C', '3', 0, 10, NULL),
	(748, 'C', '4', 0, 10, NULL),
	(749, 'C', '5', 0, 10, NULL),
	(750, 'C', '6', 0, 10, NULL),
	(751, 'C', '7', 0, 10, NULL),
	(752, 'C', '8', 0, 10, NULL),
	(753, 'C', '9', 0, 10, NULL),
	(754, 'C', '10', 0, 10, NULL),
	(755, 'C', '11', 0, 10, NULL),
	(756, 'C', '12', 0, 10, NULL),
	(757, 'D', '1', 0, 10, NULL),
	(758, 'D', '2', 0, 10, NULL),
	(759, 'D', '3', 0, 10, NULL),
	(760, 'D', '4', 0, 10, NULL),
	(761, 'D', '5', 0, 10, NULL),
	(762, 'D', '6', 0, 10, NULL),
	(763, 'D', '7', 0, 10, NULL),
	(764, 'D', '8', 0, 10, NULL),
	(765, 'D', '9', 0, 10, NULL),
	(766, 'D', '10', 0, 10, NULL),
	(767, 'D', '11', 0, 10, NULL),
	(768, 'D', '12', 0, 10, NULL),
	(769, 'E', '1', 0, 10, NULL),
	(770, 'E', '2', 0, 10, NULL),
	(771, 'E', '3', 0, 10, NULL),
	(772, 'E', '4', 0, 10, NULL),
	(773, 'E', '5', 0, 10, NULL),
	(774, 'E', '6', 0, 10, NULL),
	(775, 'E', '7', 0, 10, NULL),
	(776, 'E', '8', 0, 10, NULL),
	(777, 'E', '9', 0, 10, NULL),
	(778, 'E', '10', 0, 10, NULL),
	(779, 'E', '11', 0, 10, NULL),
	(780, 'E', '12', 0, 10, NULL),
	(781, 'F', '1', 0, 10, NULL),
	(782, 'F', '2', 0, 10, NULL),
	(783, 'F', '3', 0, 10, NULL),
	(784, 'F', '4', 0, 10, NULL),
	(785, 'F', '5', 0, 10, NULL),
	(786, 'F', '6', 0, 10, NULL),
	(787, 'F', '7', 0, 10, NULL),
	(788, 'F', '8', 0, 10, NULL),
	(789, 'F', '9', 0, 10, NULL),
	(790, 'F', '10', 0, 10, NULL),
	(791, 'F', '11', 0, 10, NULL),
	(792, 'F', '12', 0, 10, NULL),
	(793, 'G', '1', 0, 10, NULL),
	(794, 'G', '2', 0, 10, NULL),
	(795, 'G', '3', 0, 10, NULL),
	(796, 'G', '4', 0, 10, NULL),
	(797, 'G', '5', 0, 10, NULL),
	(798, 'G', '6', 0, 10, NULL),
	(799, 'G', '7', 0, 10, NULL),
	(800, 'G', '8', 0, 10, NULL),
	(801, 'G', '9', 0, 10, NULL),
	(802, 'G', '10', 0, 10, NULL),
	(803, 'G', '11', 0, 10, NULL),
	(804, 'G', '12', 0, 10, NULL),
	(805, 'H', '1', 0, 10, NULL),
	(806, 'H', '2', 0, 10, NULL),
	(807, 'H', '3', 0, 10, NULL),
	(808, 'H', '4', 0, 10, NULL),
	(809, 'H', '5', 0, 10, NULL),
	(810, 'H', '6', 0, 10, NULL),
	(811, 'H', '7', 0, 10, NULL),
	(812, 'H', '8', 0, 10, NULL),
	(813, 'H', '9', 0, 10, NULL),
	(814, 'H', '10', 0, 10, NULL),
	(815, 'H', '11', 0, 10, NULL),
	(816, 'H', '12', 0, 10, NULL),
	(817, 'I', '1', 0, 10, NULL),
	(818, 'I', '2', 0, 10, NULL),
	(819, 'I', '3', 0, 10, NULL),
	(820, 'I', '4', 0, 10, NULL),
	(821, 'I', '5', 0, 10, NULL),
	(822, 'I', '6', 0, 10, NULL),
	(823, 'I', '7', 0, 10, NULL),
	(824, 'I', '8', 0, 10, NULL),
	(825, 'I', '9', 0, 10, NULL),
	(826, 'I', '10', 0, 10, NULL),
	(827, 'I', '11', 0, 10, NULL),
	(828, 'I', '12', 0, 10, NULL),
	(829, 'J', '1', 0, 10, NULL),
	(830, 'J', '2', 0, 10, NULL),
	(831, 'J', '3', 0, 10, NULL),
	(832, 'J', '4', 0, 10, NULL),
	(833, 'J', '5', 0, 10, NULL),
	(834, 'J', '6', 0, 10, NULL),
	(835, 'J', '7', 0, 10, NULL),
	(836, 'J', '8', 0, 10, NULL),
	(837, 'J', '9', 0, 10, NULL),
	(838, 'J', '10', 0, 10, NULL),
	(839, 'J', '11', 0, 10, NULL),
	(840, 'J', '12', 0, 10, NULL),
	(841, 'A', '1', 0, 11, NULL),
	(842, 'A', '2', 0, 11, NULL),
	(843, 'A', '3', 0, 11, NULL),
	(844, 'A', '4', 0, 11, NULL),
	(845, 'A', '5', 0, 11, NULL),
	(846, 'A', '6', 0, 11, NULL),
	(847, 'A', '7', 0, 11, NULL),
	(848, 'A', '8', 0, 11, NULL),
	(849, 'A', '9', 0, 11, NULL),
	(850, 'A', '10', 0, 11, NULL),
	(851, 'A', '11', 0, 11, NULL),
	(852, 'A', '12', 0, 11, NULL),
	(853, 'B', '1', 0, 11, NULL),
	(854, 'B', '2', 0, 11, NULL),
	(855, 'B', '3', 0, 11, NULL),
	(856, 'B', '4', 0, 11, NULL),
	(857, 'B', '5', 0, 11, NULL),
	(858, 'B', '6', 0, 11, NULL),
	(859, 'B', '7', 0, 11, NULL),
	(860, 'B', '8', 0, 11, NULL),
	(861, 'B', '9', 0, 11, NULL),
	(862, 'B', '10', 0, 11, NULL),
	(863, 'B', '11', 0, 11, NULL),
	(864, 'B', '12', 0, 11, NULL),
	(865, 'C', '1', 0, 11, NULL),
	(866, 'C', '2', 0, 11, NULL),
	(867, 'C', '3', 0, 11, NULL),
	(868, 'C', '4', 0, 11, NULL),
	(869, 'C', '5', 0, 11, NULL),
	(870, 'C', '6', 0, 11, NULL),
	(871, 'C', '7', 0, 11, NULL),
	(872, 'C', '8', 0, 11, NULL),
	(873, 'C', '9', 0, 11, NULL),
	(874, 'C', '10', 0, 11, NULL),
	(875, 'C', '11', 0, 11, NULL),
	(876, 'C', '12', 0, 11, NULL),
	(877, 'D', '1', 0, 11, NULL),
	(878, 'D', '2', 0, 11, NULL),
	(879, 'D', '3', 0, 11, NULL),
	(880, 'D', '4', 0, 11, NULL),
	(881, 'D', '5', 0, 11, NULL),
	(882, 'D', '6', 0, 11, NULL),
	(883, 'D', '7', 0, 11, NULL),
	(884, 'D', '8', 0, 11, NULL),
	(885, 'D', '9', 0, 11, NULL),
	(886, 'D', '10', 0, 11, NULL),
	(887, 'D', '11', 0, 11, NULL),
	(888, 'D', '12', 0, 11, NULL),
	(889, 'E', '1', 0, 11, NULL),
	(890, 'E', '2', 0, 11, NULL),
	(891, 'E', '3', 0, 11, NULL),
	(892, 'E', '4', 0, 11, NULL),
	(893, 'E', '5', 0, 11, NULL),
	(894, 'E', '6', 0, 11, NULL),
	(895, 'E', '7', 0, 11, NULL),
	(896, 'E', '8', 0, 11, NULL),
	(897, 'E', '9', 0, 11, NULL),
	(898, 'E', '10', 0, 11, NULL),
	(899, 'E', '11', 0, 11, NULL),
	(900, 'E', '12', 0, 11, NULL),
	(901, 'F', '1', 0, 11, NULL),
	(902, 'F', '2', 0, 11, NULL),
	(903, 'F', '3', 0, 11, NULL),
	(904, 'F', '4', 0, 11, NULL),
	(905, 'F', '5', 0, 11, NULL),
	(906, 'F', '6', 0, 11, NULL),
	(907, 'F', '7', 0, 11, NULL),
	(908, 'F', '8', 0, 11, NULL),
	(909, 'F', '9', 0, 11, NULL),
	(910, 'F', '10', 0, 11, NULL),
	(911, 'F', '11', 0, 11, NULL),
	(912, 'F', '12', 0, 11, NULL),
	(913, 'G', '1', 0, 11, NULL),
	(914, 'G', '2', 0, 11, NULL),
	(915, 'G', '3', 0, 11, NULL),
	(916, 'G', '4', 0, 11, NULL),
	(917, 'G', '5', 0, 11, NULL),
	(918, 'G', '6', 0, 11, NULL),
	(919, 'G', '7', 0, 11, NULL),
	(920, 'G', '8', 0, 11, NULL),
	(921, 'G', '9', 0, 11, NULL),
	(922, 'G', '10', 0, 11, NULL),
	(923, 'G', '11', 0, 11, NULL),
	(924, 'G', '12', 0, 11, NULL),
	(925, 'H', '1', 0, 11, NULL),
	(926, 'H', '2', 0, 11, NULL),
	(927, 'H', '3', 0, 11, NULL),
	(928, 'H', '4', 0, 11, NULL),
	(929, 'H', '5', 0, 11, NULL),
	(930, 'H', '6', 0, 11, NULL),
	(931, 'H', '7', 0, 11, NULL),
	(932, 'H', '8', 0, 11, NULL),
	(933, 'H', '9', 0, 11, NULL),
	(934, 'H', '10', 0, 11, NULL),
	(935, 'H', '11', 0, 11, NULL),
	(936, 'H', '12', 0, 11, NULL),
	(937, 'I', '1', 0, 11, NULL),
	(938, 'I', '2', 0, 11, NULL),
	(939, 'I', '3', 0, 11, NULL),
	(940, 'I', '4', 0, 11, NULL),
	(941, 'I', '5', 0, 11, NULL),
	(942, 'I', '6', 0, 11, NULL),
	(943, 'I', '7', 0, 11, NULL),
	(944, 'I', '8', 0, 11, NULL),
	(945, 'I', '9', 0, 11, NULL),
	(946, 'I', '10', 0, 11, NULL),
	(947, 'I', '11', 0, 11, NULL),
	(948, 'I', '12', 0, 11, NULL),
	(949, 'J', '1', 0, 11, NULL),
	(950, 'J', '2', 0, 11, NULL),
	(951, 'J', '3', 0, 11, NULL),
	(952, 'J', '4', 0, 11, NULL),
	(953, 'J', '5', 0, 11, NULL),
	(954, 'J', '6', 0, 11, NULL),
	(955, 'J', '7', 0, 11, NULL),
	(956, 'J', '8', 0, 11, NULL),
	(957, 'J', '9', 0, 11, NULL),
	(958, 'J', '10', 0, 11, NULL),
	(959, 'J', '11', 0, 11, NULL),
	(960, 'J', '12', 0, 11, NULL),
	(961, 'A', '1', 0, 12, NULL),
	(962, 'A', '2', 0, 12, NULL),
	(963, 'A', '3', 0, 12, NULL),
	(964, 'A', '4', 0, 12, NULL),
	(965, 'A', '5', 0, 12, NULL),
	(966, 'A', '6', 0, 12, NULL),
	(967, 'A', '7', 0, 12, NULL),
	(968, 'A', '8', 0, 12, NULL),
	(969, 'A', '9', 0, 12, NULL),
	(970, 'A', '10', 0, 12, NULL),
	(971, 'A', '11', 0, 12, NULL),
	(972, 'A', '12', 0, 12, NULL),
	(973, 'B', '1', 0, 12, NULL),
	(974, 'B', '2', 0, 12, NULL),
	(975, 'B', '3', 0, 12, NULL),
	(976, 'B', '4', 0, 12, NULL),
	(977, 'B', '5', 0, 12, NULL),
	(978, 'B', '6', 0, 12, NULL),
	(979, 'B', '7', 0, 12, NULL),
	(980, 'B', '8', 0, 12, NULL),
	(981, 'B', '9', 0, 12, NULL),
	(982, 'B', '10', 0, 12, NULL),
	(983, 'B', '11', 0, 12, NULL),
	(984, 'B', '12', 0, 12, NULL),
	(985, 'C', '1', 0, 12, NULL),
	(986, 'C', '2', 0, 12, NULL),
	(987, 'C', '3', 0, 12, NULL),
	(988, 'C', '4', 0, 12, NULL),
	(989, 'C', '5', 0, 12, NULL),
	(990, 'C', '6', 0, 12, NULL),
	(991, 'C', '7', 0, 12, NULL),
	(992, 'C', '8', 0, 12, NULL),
	(993, 'C', '9', 0, 12, NULL),
	(994, 'C', '10', 0, 12, NULL),
	(995, 'C', '11', 0, 12, NULL),
	(996, 'C', '12', 0, 12, NULL),
	(997, 'D', '1', 0, 12, NULL),
	(998, 'D', '2', 0, 12, NULL),
	(999, 'D', '3', 0, 12, NULL),
	(1000, 'D', '4', 0, 12, NULL),
	(1001, 'D', '5', 0, 12, NULL),
	(1002, 'D', '6', 0, 12, NULL),
	(1003, 'D', '7', 0, 12, NULL),
	(1004, 'D', '8', 0, 12, NULL),
	(1005, 'D', '9', 0, 12, NULL),
	(1006, 'D', '10', 0, 12, NULL),
	(1007, 'D', '11', 0, 12, NULL),
	(1008, 'D', '12', 0, 12, NULL),
	(1009, 'E', '1', 0, 12, NULL),
	(1010, 'E', '2', 0, 12, NULL),
	(1011, 'E', '3', 0, 12, NULL),
	(1012, 'E', '4', 0, 12, NULL),
	(1013, 'E', '5', 0, 12, NULL),
	(1014, 'E', '6', 0, 12, NULL),
	(1015, 'E', '7', 0, 12, NULL),
	(1016, 'E', '8', 0, 12, NULL),
	(1017, 'E', '9', 0, 12, NULL),
	(1018, 'E', '10', 0, 12, NULL),
	(1019, 'E', '11', 0, 12, NULL),
	(1020, 'E', '12', 0, 12, NULL),
	(1021, 'F', '1', 0, 12, NULL),
	(1022, 'F', '2', 0, 12, NULL),
	(1023, 'F', '3', 0, 12, NULL),
	(1024, 'F', '4', 0, 12, NULL),
	(1025, 'F', '5', 0, 12, NULL),
	(1026, 'F', '6', 0, 12, NULL),
	(1027, 'F', '7', 0, 12, NULL),
	(1028, 'F', '8', 0, 12, NULL),
	(1029, 'F', '9', 0, 12, NULL),
	(1030, 'F', '10', 0, 12, NULL),
	(1031, 'F', '11', 0, 12, NULL),
	(1032, 'F', '12', 0, 12, NULL),
	(1033, 'G', '1', 0, 12, NULL),
	(1034, 'G', '2', 0, 12, NULL),
	(1035, 'G', '3', 0, 12, NULL),
	(1036, 'G', '4', 0, 12, NULL),
	(1037, 'G', '5', 0, 12, NULL),
	(1038, 'G', '6', 0, 12, NULL),
	(1039, 'G', '7', 0, 12, NULL),
	(1040, 'G', '8', 0, 12, NULL),
	(1041, 'G', '9', 0, 12, NULL),
	(1042, 'G', '10', 0, 12, NULL),
	(1043, 'G', '11', 0, 12, NULL),
	(1044, 'G', '12', 0, 12, NULL),
	(1045, 'H', '1', 0, 12, NULL),
	(1046, 'H', '2', 0, 12, NULL),
	(1047, 'H', '3', 0, 12, NULL),
	(1048, 'H', '4', 0, 12, NULL),
	(1049, 'H', '5', 0, 12, NULL),
	(1050, 'H', '6', 0, 12, NULL),
	(1051, 'H', '7', 0, 12, NULL),
	(1052, 'H', '8', 0, 12, NULL),
	(1053, 'H', '9', 0, 12, NULL),
	(1054, 'H', '10', 0, 12, NULL),
	(1055, 'H', '11', 0, 12, NULL),
	(1056, 'H', '12', 0, 12, NULL),
	(1057, 'I', '1', 0, 12, NULL),
	(1058, 'I', '2', 0, 12, NULL),
	(1059, 'I', '3', 0, 12, NULL),
	(1060, 'I', '4', 0, 12, NULL),
	(1061, 'I', '5', 0, 12, NULL),
	(1062, 'I', '6', 0, 12, NULL),
	(1063, 'I', '7', 0, 12, NULL),
	(1064, 'I', '8', 0, 12, NULL),
	(1065, 'I', '9', 0, 12, NULL),
	(1066, 'I', '10', 0, 12, NULL),
	(1067, 'I', '11', 0, 12, NULL),
	(1068, 'I', '12', 0, 12, NULL),
	(1069, 'J', '1', 0, 12, NULL),
	(1070, 'J', '2', 0, 12, NULL),
	(1071, 'J', '3', 0, 12, NULL),
	(1072, 'J', '4', 0, 12, NULL),
	(1073, 'J', '5', 0, 12, NULL),
	(1074, 'J', '6', 0, 12, NULL),
	(1075, 'J', '7', 0, 12, NULL),
	(1076, 'J', '8', 0, 12, NULL),
	(1077, 'J', '9', 0, 12, NULL),
	(1078, 'J', '10', 0, 12, NULL),
	(1079, 'J', '11', 0, 12, NULL),
	(1080, 'J', '12', 0, 12, NULL),
	(1081, 'A', '1', 0, 13, NULL),
	(1082, 'A', '2', 0, 13, NULL),
	(1083, 'A', '3', 0, 13, NULL),
	(1084, 'A', '4', 0, 13, NULL),
	(1085, 'A', '5', 0, 13, NULL),
	(1086, 'A', '6', 0, 13, NULL),
	(1087, 'A', '7', 0, 13, NULL),
	(1088, 'A', '8', 0, 13, NULL),
	(1089, 'A', '9', 0, 13, NULL),
	(1090, 'A', '10', 0, 13, NULL),
	(1091, 'A', '11', 0, 13, NULL),
	(1092, 'A', '12', 0, 13, NULL),
	(1093, 'B', '1', 0, 13, NULL),
	(1094, 'B', '2', 0, 13, NULL),
	(1095, 'B', '3', 0, 13, NULL),
	(1096, 'B', '4', 0, 13, NULL),
	(1097, 'B', '5', 0, 13, NULL),
	(1098, 'B', '6', 0, 13, NULL),
	(1099, 'B', '7', 0, 13, NULL),
	(1100, 'B', '8', 0, 13, NULL),
	(1101, 'B', '9', 0, 13, NULL),
	(1102, 'B', '10', 0, 13, NULL),
	(1103, 'B', '11', 0, 13, NULL),
	(1104, 'B', '12', 0, 13, NULL),
	(1105, 'C', '1', 0, 13, NULL),
	(1106, 'C', '2', 0, 13, NULL),
	(1107, 'C', '3', 0, 13, NULL),
	(1108, 'C', '4', 0, 13, NULL),
	(1109, 'C', '5', 0, 13, NULL),
	(1110, 'C', '6', 0, 13, NULL),
	(1111, 'C', '7', 0, 13, NULL),
	(1112, 'C', '8', 0, 13, NULL),
	(1113, 'C', '9', 0, 13, NULL),
	(1114, 'C', '10', 0, 13, NULL),
	(1115, 'C', '11', 0, 13, NULL),
	(1116, 'C', '12', 0, 13, NULL),
	(1117, 'D', '1', 0, 13, NULL),
	(1118, 'D', '2', 0, 13, NULL),
	(1119, 'D', '3', 0, 13, NULL),
	(1120, 'D', '4', 0, 13, NULL),
	(1121, 'D', '5', 0, 13, NULL),
	(1122, 'D', '6', 0, 13, NULL),
	(1123, 'D', '7', 0, 13, NULL),
	(1124, 'D', '8', 0, 13, NULL),
	(1125, 'D', '9', 0, 13, NULL),
	(1126, 'D', '10', 0, 13, NULL),
	(1127, 'D', '11', 0, 13, NULL),
	(1128, 'D', '12', 0, 13, NULL),
	(1129, 'E', '1', 0, 13, NULL),
	(1130, 'E', '2', 0, 13, NULL),
	(1131, 'E', '3', 0, 13, NULL),
	(1132, 'E', '4', 0, 13, NULL),
	(1133, 'E', '5', 0, 13, NULL),
	(1134, 'E', '6', 0, 13, NULL),
	(1135, 'E', '7', 0, 13, NULL),
	(1136, 'E', '8', 0, 13, NULL),
	(1137, 'E', '9', 0, 13, NULL),
	(1138, 'E', '10', 0, 13, NULL),
	(1139, 'E', '11', 0, 13, NULL),
	(1140, 'E', '12', 0, 13, NULL),
	(1141, 'F', '1', 0, 13, NULL),
	(1142, 'F', '2', 0, 13, NULL),
	(1143, 'F', '3', 0, 13, NULL),
	(1144, 'F', '4', 0, 13, NULL),
	(1145, 'F', '5', 0, 13, NULL),
	(1146, 'F', '6', 0, 13, NULL),
	(1147, 'F', '7', 0, 13, NULL),
	(1148, 'F', '8', 0, 13, NULL),
	(1149, 'F', '9', 0, 13, NULL),
	(1150, 'F', '10', 0, 13, NULL),
	(1151, 'F', '11', 0, 13, NULL),
	(1152, 'F', '12', 0, 13, NULL),
	(1153, 'G', '1', 0, 13, NULL),
	(1154, 'G', '2', 0, 13, NULL),
	(1155, 'G', '3', 0, 13, NULL),
	(1156, 'G', '4', 0, 13, NULL),
	(1157, 'G', '5', 0, 13, NULL),
	(1158, 'G', '6', 0, 13, NULL),
	(1159, 'G', '7', 0, 13, NULL),
	(1160, 'G', '8', 0, 13, NULL),
	(1161, 'G', '9', 0, 13, NULL),
	(1162, 'G', '10', 0, 13, NULL),
	(1163, 'G', '11', 0, 13, NULL),
	(1164, 'G', '12', 0, 13, NULL),
	(1165, 'H', '1', 0, 13, NULL),
	(1166, 'H', '2', 0, 13, NULL),
	(1167, 'H', '3', 0, 13, NULL),
	(1168, 'H', '4', 0, 13, NULL),
	(1169, 'H', '5', 0, 13, NULL),
	(1170, 'H', '6', 0, 13, NULL),
	(1171, 'H', '7', 0, 13, NULL),
	(1172, 'H', '8', 0, 13, NULL),
	(1173, 'H', '9', 0, 13, NULL),
	(1174, 'H', '10', 0, 13, NULL),
	(1175, 'H', '11', 0, 13, NULL),
	(1176, 'H', '12', 0, 13, NULL),
	(1177, 'I', '1', 0, 13, NULL),
	(1178, 'I', '2', 0, 13, NULL),
	(1179, 'I', '3', 0, 13, NULL),
	(1180, 'I', '4', 0, 13, NULL),
	(1181, 'I', '5', 0, 13, NULL),
	(1182, 'I', '6', 0, 13, NULL),
	(1183, 'I', '7', 0, 13, NULL),
	(1184, 'I', '8', 0, 13, NULL),
	(1185, 'I', '9', 0, 13, NULL),
	(1186, 'I', '10', 0, 13, NULL),
	(1187, 'I', '11', 0, 13, NULL),
	(1188, 'I', '12', 0, 13, NULL),
	(1189, 'J', '1', 0, 13, NULL),
	(1190, 'J', '2', 0, 13, NULL),
	(1191, 'J', '3', 0, 13, NULL),
	(1192, 'J', '4', 0, 13, NULL),
	(1193, 'J', '5', 0, 13, NULL),
	(1194, 'J', '6', 0, 13, NULL),
	(1195, 'J', '7', 0, 13, NULL),
	(1196, 'J', '8', 0, 13, NULL),
	(1197, 'J', '9', 0, 13, NULL),
	(1198, 'J', '10', 0, 13, NULL),
	(1199, 'J', '11', 0, 13, NULL),
	(1200, 'J', '12', 0, 13, NULL),
	(1201, 'A', '1', 0, 14, NULL),
	(1202, 'A', '2', 0, 14, NULL),
	(1203, 'A', '3', 0, 14, NULL),
	(1204, 'A', '4', 0, 14, NULL),
	(1205, 'A', '5', 0, 14, NULL),
	(1206, 'A', '6', 0, 14, NULL),
	(1207, 'A', '7', 0, 14, NULL),
	(1208, 'A', '8', 0, 14, NULL),
	(1209, 'A', '9', 0, 14, NULL),
	(1210, 'A', '10', 0, 14, NULL),
	(1211, 'A', '11', 0, 14, NULL),
	(1212, 'A', '12', 0, 14, NULL),
	(1213, 'B', '1', 0, 14, NULL),
	(1214, 'B', '2', 0, 14, NULL),
	(1215, 'B', '3', 0, 14, NULL),
	(1216, 'B', '4', 0, 14, NULL),
	(1217, 'B', '5', 0, 14, NULL),
	(1218, 'B', '6', 0, 14, NULL),
	(1219, 'B', '7', 0, 14, NULL),
	(1220, 'B', '8', 0, 14, NULL),
	(1221, 'B', '9', 0, 14, NULL),
	(1222, 'B', '10', 0, 14, NULL),
	(1223, 'B', '11', 0, 14, NULL),
	(1224, 'B', '12', 0, 14, NULL),
	(1225, 'C', '1', 0, 14, NULL),
	(1226, 'C', '2', 0, 14, NULL),
	(1227, 'C', '3', 0, 14, NULL),
	(1228, 'C', '4', 0, 14, NULL),
	(1229, 'C', '5', 0, 14, NULL),
	(1230, 'C', '6', 0, 14, NULL),
	(1231, 'C', '7', 0, 14, NULL),
	(1232, 'C', '8', 0, 14, NULL),
	(1233, 'C', '9', 0, 14, NULL),
	(1234, 'C', '10', 0, 14, NULL),
	(1235, 'C', '11', 0, 14, NULL),
	(1236, 'C', '12', 0, 14, NULL),
	(1237, 'D', '1', 0, 14, NULL),
	(1238, 'D', '2', 0, 14, NULL),
	(1239, 'D', '3', 0, 14, NULL),
	(1240, 'D', '4', 0, 14, NULL),
	(1241, 'D', '5', 0, 14, NULL),
	(1242, 'D', '6', 0, 14, NULL),
	(1243, 'D', '7', 0, 14, NULL),
	(1244, 'D', '8', 0, 14, NULL),
	(1245, 'D', '9', 0, 14, NULL),
	(1246, 'D', '10', 0, 14, NULL),
	(1247, 'D', '11', 0, 14, NULL),
	(1248, 'D', '12', 0, 14, NULL),
	(1249, 'E', '1', 0, 14, NULL),
	(1250, 'E', '2', 0, 14, NULL),
	(1251, 'E', '3', 0, 14, NULL),
	(1252, 'E', '4', 0, 14, NULL),
	(1253, 'E', '5', 0, 14, NULL),
	(1254, 'E', '6', 0, 14, NULL),
	(1255, 'E', '7', 0, 14, NULL),
	(1256, 'E', '8', 0, 14, NULL),
	(1257, 'E', '9', 0, 14, NULL),
	(1258, 'E', '10', 0, 14, NULL),
	(1259, 'E', '11', 0, 14, NULL),
	(1260, 'E', '12', 0, 14, NULL),
	(1261, 'F', '1', 0, 14, NULL),
	(1262, 'F', '2', 0, 14, NULL),
	(1263, 'F', '3', 0, 14, NULL),
	(1264, 'F', '4', 0, 14, NULL),
	(1265, 'F', '5', 0, 14, NULL),
	(1266, 'F', '6', 0, 14, NULL),
	(1267, 'F', '7', 0, 14, NULL),
	(1268, 'F', '8', 0, 14, NULL),
	(1269, 'F', '9', 0, 14, NULL),
	(1270, 'F', '10', 0, 14, NULL),
	(1271, 'F', '11', 0, 14, NULL),
	(1272, 'F', '12', 0, 14, NULL),
	(1273, 'G', '1', 0, 14, NULL),
	(1274, 'G', '2', 0, 14, NULL),
	(1275, 'G', '3', 0, 14, NULL),
	(1276, 'G', '4', 0, 14, NULL),
	(1277, 'G', '5', 0, 14, NULL),
	(1278, 'G', '6', 0, 14, NULL),
	(1279, 'G', '7', 0, 14, NULL),
	(1280, 'G', '8', 0, 14, NULL),
	(1281, 'G', '9', 0, 14, NULL),
	(1282, 'G', '10', 0, 14, NULL),
	(1283, 'G', '11', 0, 14, NULL),
	(1284, 'G', '12', 0, 14, NULL),
	(1285, 'H', '1', 0, 14, NULL),
	(1286, 'H', '2', 0, 14, NULL),
	(1287, 'H', '3', 0, 14, NULL),
	(1288, 'H', '4', 0, 14, NULL),
	(1289, 'H', '5', 0, 14, NULL),
	(1290, 'H', '6', 0, 14, NULL),
	(1291, 'H', '7', 0, 14, NULL),
	(1292, 'H', '8', 0, 14, NULL),
	(1293, 'H', '9', 0, 14, NULL),
	(1294, 'H', '10', 0, 14, NULL),
	(1295, 'H', '11', 0, 14, NULL),
	(1296, 'H', '12', 0, 14, NULL),
	(1297, 'I', '1', 0, 14, NULL),
	(1298, 'I', '2', 0, 14, NULL),
	(1299, 'I', '3', 0, 14, NULL),
	(1300, 'I', '4', 0, 14, NULL),
	(1301, 'I', '5', 0, 14, NULL),
	(1302, 'I', '6', 0, 14, NULL),
	(1303, 'I', '7', 0, 14, NULL),
	(1304, 'I', '8', 0, 14, NULL),
	(1305, 'I', '9', 0, 14, NULL),
	(1306, 'I', '10', 0, 14, NULL),
	(1307, 'I', '11', 0, 14, NULL),
	(1308, 'I', '12', 0, 14, NULL),
	(1309, 'J', '1', 0, 14, NULL),
	(1310, 'J', '2', 0, 14, NULL),
	(1311, 'J', '3', 0, 14, NULL),
	(1312, 'J', '4', 0, 14, NULL),
	(1313, 'J', '5', 0, 14, NULL),
	(1314, 'J', '6', 0, 14, NULL),
	(1315, 'J', '7', 0, 14, NULL),
	(1316, 'J', '8', 0, 14, NULL),
	(1317, 'J', '9', 0, 14, NULL),
	(1318, 'J', '10', 0, 14, NULL),
	(1319, 'J', '11', 0, 14, NULL),
	(1320, 'J', '12', 0, 14, NULL),
	(1321, 'A', '1', 0, 15, NULL),
	(1322, 'A', '2', 0, 15, NULL),
	(1323, 'A', '3', 0, 15, NULL),
	(1324, 'A', '4', 0, 15, NULL),
	(1325, 'A', '5', 0, 15, NULL),
	(1326, 'A', '6', 0, 15, NULL),
	(1327, 'A', '7', 0, 15, NULL),
	(1328, 'A', '8', 0, 15, NULL),
	(1329, 'A', '9', 0, 15, NULL),
	(1330, 'A', '10', 0, 15, NULL),
	(1331, 'A', '11', 0, 15, NULL),
	(1332, 'A', '12', 0, 15, NULL),
	(1333, 'B', '1', 0, 15, NULL),
	(1334, 'B', '2', 0, 15, NULL),
	(1335, 'B', '3', 0, 15, NULL),
	(1336, 'B', '4', 0, 15, NULL),
	(1337, 'B', '5', 0, 15, NULL),
	(1338, 'B', '6', 0, 15, NULL),
	(1339, 'B', '7', 0, 15, NULL),
	(1340, 'B', '8', 0, 15, NULL),
	(1341, 'B', '9', 0, 15, NULL),
	(1342, 'B', '10', 0, 15, NULL),
	(1343, 'B', '11', 0, 15, NULL),
	(1344, 'B', '12', 0, 15, NULL),
	(1345, 'C', '1', 0, 15, NULL),
	(1346, 'C', '2', 0, 15, NULL),
	(1347, 'C', '3', 0, 15, NULL),
	(1348, 'C', '4', 0, 15, NULL),
	(1349, 'C', '5', 0, 15, NULL),
	(1350, 'C', '6', 0, 15, NULL),
	(1351, 'C', '7', 0, 15, NULL),
	(1352, 'C', '8', 0, 15, NULL),
	(1353, 'C', '9', 0, 15, NULL),
	(1354, 'C', '10', 0, 15, NULL),
	(1355, 'C', '11', 0, 15, NULL),
	(1356, 'C', '12', 0, 15, NULL),
	(1357, 'D', '1', 0, 15, NULL),
	(1358, 'D', '2', 0, 15, NULL),
	(1359, 'D', '3', 0, 15, NULL),
	(1360, 'D', '4', 0, 15, NULL),
	(1361, 'D', '5', 0, 15, NULL),
	(1362, 'D', '6', 0, 15, NULL),
	(1363, 'D', '7', 0, 15, NULL),
	(1364, 'D', '8', 0, 15, NULL),
	(1365, 'D', '9', 0, 15, NULL),
	(1366, 'D', '10', 0, 15, NULL),
	(1367, 'D', '11', 0, 15, NULL),
	(1368, 'D', '12', 0, 15, NULL),
	(1369, 'E', '1', 0, 15, NULL),
	(1370, 'E', '2', 0, 15, NULL),
	(1371, 'E', '3', 0, 15, NULL),
	(1372, 'E', '4', 0, 15, NULL),
	(1373, 'E', '5', 0, 15, NULL),
	(1374, 'E', '6', 0, 15, NULL),
	(1375, 'E', '7', 0, 15, NULL),
	(1376, 'E', '8', 0, 15, NULL),
	(1377, 'E', '9', 0, 15, NULL),
	(1378, 'E', '10', 0, 15, NULL),
	(1379, 'E', '11', 0, 15, NULL),
	(1380, 'E', '12', 0, 15, NULL),
	(1381, 'F', '1', 0, 15, NULL),
	(1382, 'F', '2', 0, 15, NULL),
	(1383, 'F', '3', 0, 15, NULL),
	(1384, 'F', '4', 0, 15, NULL),
	(1385, 'F', '5', 0, 15, NULL),
	(1386, 'F', '6', 0, 15, NULL),
	(1387, 'F', '7', 0, 15, NULL),
	(1388, 'F', '8', 0, 15, NULL),
	(1389, 'F', '9', 0, 15, NULL),
	(1390, 'F', '10', 0, 15, NULL),
	(1391, 'F', '11', 0, 15, NULL),
	(1392, 'F', '12', 0, 15, NULL),
	(1393, 'G', '1', 0, 15, NULL),
	(1394, 'G', '2', 0, 15, NULL),
	(1395, 'G', '3', 0, 15, NULL),
	(1396, 'G', '4', 0, 15, NULL),
	(1397, 'G', '5', 0, 15, NULL),
	(1398, 'G', '6', 0, 15, NULL),
	(1399, 'G', '7', 0, 15, NULL),
	(1400, 'G', '8', 0, 15, NULL),
	(1401, 'G', '9', 0, 15, NULL),
	(1402, 'G', '10', 0, 15, NULL),
	(1403, 'G', '11', 0, 15, NULL),
	(1404, 'G', '12', 0, 15, NULL),
	(1405, 'H', '1', 0, 15, NULL),
	(1406, 'H', '2', 0, 15, NULL),
	(1407, 'H', '3', 0, 15, NULL),
	(1408, 'H', '4', 0, 15, NULL),
	(1409, 'H', '5', 0, 15, NULL),
	(1410, 'H', '6', 0, 15, NULL),
	(1411, 'H', '7', 0, 15, NULL),
	(1412, 'H', '8', 0, 15, NULL),
	(1413, 'H', '9', 0, 15, NULL),
	(1414, 'H', '10', 0, 15, NULL),
	(1415, 'H', '11', 0, 15, NULL),
	(1416, 'H', '12', 0, 15, NULL),
	(1417, 'I', '1', 0, 15, NULL),
	(1418, 'I', '2', 0, 15, NULL),
	(1419, 'I', '3', 0, 15, NULL),
	(1420, 'I', '4', 0, 15, NULL),
	(1421, 'I', '5', 0, 15, NULL),
	(1422, 'I', '6', 0, 15, NULL),
	(1423, 'I', '7', 0, 15, NULL),
	(1424, 'I', '8', 0, 15, NULL),
	(1425, 'I', '9', 0, 15, NULL),
	(1426, 'I', '10', 0, 15, NULL),
	(1427, 'I', '11', 0, 15, NULL),
	(1428, 'I', '12', 0, 15, NULL),
	(1429, 'J', '1', 0, 15, NULL),
	(1430, 'J', '2', 0, 15, NULL),
	(1431, 'J', '3', 0, 15, NULL),
	(1432, 'J', '4', 0, 15, NULL),
	(1433, 'J', '5', 0, 15, NULL),
	(1434, 'J', '6', 0, 15, NULL),
	(1435, 'J', '7', 0, 15, NULL),
	(1436, 'J', '8', 0, 15, NULL),
	(1437, 'J', '9', 0, 15, NULL),
	(1438, 'J', '10', 0, 15, NULL),
	(1439, 'J', '11', 0, 15, NULL),
	(1440, 'J', '12', 0, 15, NULL),
	(1441, 'A', '1', 0, 16, NULL),
	(1442, 'A', '2', 0, 16, NULL),
	(1443, 'A', '3', 0, 16, NULL),
	(1444, 'A', '4', 0, 16, NULL),
	(1445, 'A', '5', 0, 16, NULL),
	(1446, 'A', '6', 0, 16, NULL),
	(1447, 'A', '7', 0, 16, NULL),
	(1448, 'A', '8', 0, 16, NULL),
	(1449, 'A', '9', 0, 16, NULL),
	(1450, 'A', '10', 0, 16, NULL),
	(1451, 'A', '11', 0, 16, NULL),
	(1452, 'A', '12', 0, 16, NULL),
	(1453, 'B', '1', 0, 16, NULL),
	(1454, 'B', '2', 0, 16, NULL),
	(1455, 'B', '3', 0, 16, NULL),
	(1456, 'B', '4', 0, 16, NULL),
	(1457, 'B', '5', 0, 16, NULL),
	(1458, 'B', '6', 0, 16, NULL),
	(1459, 'B', '7', 0, 16, NULL),
	(1460, 'B', '8', 0, 16, NULL),
	(1461, 'B', '9', 0, 16, NULL),
	(1462, 'B', '10', 0, 16, NULL),
	(1463, 'B', '11', 0, 16, NULL),
	(1464, 'B', '12', 0, 16, NULL),
	(1465, 'C', '1', 0, 16, NULL),
	(1466, 'C', '2', 0, 16, NULL),
	(1467, 'C', '3', 0, 16, NULL),
	(1468, 'C', '4', 0, 16, NULL),
	(1469, 'C', '5', 0, 16, NULL),
	(1470, 'C', '6', 0, 16, NULL),
	(1471, 'C', '7', 0, 16, NULL),
	(1472, 'C', '8', 0, 16, NULL),
	(1473, 'C', '9', 0, 16, NULL),
	(1474, 'C', '10', 0, 16, NULL),
	(1475, 'C', '11', 0, 16, NULL),
	(1476, 'C', '12', 0, 16, NULL),
	(1477, 'D', '1', 0, 16, NULL),
	(1478, 'D', '2', 0, 16, NULL),
	(1479, 'D', '3', 0, 16, NULL),
	(1480, 'D', '4', 0, 16, NULL),
	(1481, 'D', '5', 0, 16, NULL),
	(1482, 'D', '6', 0, 16, NULL),
	(1483, 'D', '7', 0, 16, NULL),
	(1484, 'D', '8', 0, 16, NULL),
	(1485, 'D', '9', 0, 16, NULL),
	(1486, 'D', '10', 0, 16, NULL),
	(1487, 'D', '11', 0, 16, NULL),
	(1488, 'D', '12', 0, 16, NULL),
	(1489, 'E', '1', 0, 16, NULL),
	(1490, 'E', '2', 0, 16, NULL),
	(1491, 'E', '3', 0, 16, NULL),
	(1492, 'E', '4', 0, 16, NULL),
	(1493, 'E', '5', 0, 16, NULL),
	(1494, 'E', '6', 0, 16, NULL),
	(1495, 'E', '7', 0, 16, NULL),
	(1496, 'E', '8', 0, 16, NULL),
	(1497, 'E', '9', 0, 16, NULL),
	(1498, 'E', '10', 0, 16, NULL),
	(1499, 'E', '11', 0, 16, NULL),
	(1500, 'E', '12', 0, 16, NULL),
	(1501, 'F', '1', 0, 16, NULL),
	(1502, 'F', '2', 0, 16, NULL),
	(1503, 'F', '3', 0, 16, NULL),
	(1504, 'F', '4', 0, 16, NULL),
	(1505, 'F', '5', 0, 16, NULL),
	(1506, 'F', '6', 0, 16, NULL),
	(1507, 'F', '7', 0, 16, NULL),
	(1508, 'F', '8', 0, 16, NULL),
	(1509, 'F', '9', 0, 16, NULL),
	(1510, 'F', '10', 0, 16, NULL),
	(1511, 'F', '11', 0, 16, NULL),
	(1512, 'F', '12', 0, 16, NULL),
	(1513, 'G', '1', 0, 16, NULL),
	(1514, 'G', '2', 0, 16, NULL),
	(1515, 'G', '3', 0, 16, NULL),
	(1516, 'G', '4', 0, 16, NULL),
	(1517, 'G', '5', 0, 16, NULL),
	(1518, 'G', '6', 0, 16, NULL),
	(1519, 'G', '7', 0, 16, NULL),
	(1520, 'G', '8', 0, 16, NULL),
	(1521, 'G', '9', 0, 16, NULL),
	(1522, 'G', '10', 0, 16, NULL),
	(1523, 'G', '11', 0, 16, NULL),
	(1524, 'G', '12', 0, 16, NULL),
	(1525, 'H', '1', 0, 16, NULL),
	(1526, 'H', '2', 0, 16, NULL),
	(1527, 'H', '3', 0, 16, NULL),
	(1528, 'H', '4', 0, 16, NULL),
	(1529, 'H', '5', 0, 16, NULL),
	(1530, 'H', '6', 0, 16, NULL),
	(1531, 'H', '7', 0, 16, NULL),
	(1532, 'H', '8', 0, 16, NULL),
	(1533, 'H', '9', 0, 16, NULL),
	(1534, 'H', '10', 0, 16, NULL),
	(1535, 'H', '11', 0, 16, NULL),
	(1536, 'H', '12', 0, 16, NULL),
	(1537, 'I', '1', 0, 16, NULL),
	(1538, 'I', '2', 0, 16, NULL),
	(1539, 'I', '3', 0, 16, NULL),
	(1540, 'I', '4', 0, 16, NULL),
	(1541, 'I', '5', 0, 16, NULL),
	(1542, 'I', '6', 0, 16, NULL),
	(1543, 'I', '7', 0, 16, NULL),
	(1544, 'I', '8', 0, 16, NULL),
	(1545, 'I', '9', 0, 16, NULL),
	(1546, 'I', '10', 0, 16, NULL),
	(1547, 'I', '11', 0, 16, NULL),
	(1548, 'I', '12', 0, 16, NULL),
	(1549, 'J', '1', 0, 16, NULL),
	(1550, 'J', '2', 0, 16, NULL),
	(1551, 'J', '3', 0, 16, NULL),
	(1552, 'J', '4', 0, 16, NULL),
	(1553, 'J', '5', 0, 16, NULL),
	(1554, 'J', '6', 0, 16, NULL),
	(1555, 'J', '7', 0, 16, NULL),
	(1556, 'J', '8', 0, 16, NULL),
	(1557, 'J', '9', 0, 16, NULL),
	(1558, 'J', '10', 0, 16, NULL),
	(1559, 'J', '11', 0, 16, NULL),
	(1560, 'J', '12', 0, 16, NULL),
	(1561, 'A', '1', 0, 17, NULL),
	(1562, 'A', '2', 0, 17, NULL),
	(1563, 'A', '3', 0, 17, NULL),
	(1564, 'A', '4', 0, 17, NULL),
	(1565, 'A', '5', 0, 17, NULL),
	(1566, 'A', '6', 0, 17, NULL),
	(1567, 'A', '7', 0, 17, NULL),
	(1568, 'A', '8', 0, 17, NULL),
	(1569, 'A', '9', 0, 17, NULL),
	(1570, 'A', '10', 0, 17, NULL),
	(1571, 'A', '11', 0, 17, NULL),
	(1572, 'A', '12', 0, 17, NULL),
	(1573, 'B', '1', 0, 17, NULL),
	(1574, 'B', '2', 0, 17, NULL),
	(1575, 'B', '3', 0, 17, NULL),
	(1576, 'B', '4', 0, 17, NULL),
	(1577, 'B', '5', 0, 17, NULL),
	(1578, 'B', '6', 0, 17, NULL),
	(1579, 'B', '7', 0, 17, NULL),
	(1580, 'B', '8', 0, 17, NULL),
	(1581, 'B', '9', 0, 17, NULL),
	(1582, 'B', '10', 0, 17, NULL),
	(1583, 'B', '11', 0, 17, NULL),
	(1584, 'B', '12', 0, 17, NULL),
	(1585, 'C', '1', 0, 17, NULL),
	(1586, 'C', '2', 0, 17, NULL),
	(1587, 'C', '3', 0, 17, NULL),
	(1588, 'C', '4', 0, 17, NULL),
	(1589, 'C', '5', 0, 17, NULL),
	(1590, 'C', '6', 0, 17, NULL),
	(1591, 'C', '7', 0, 17, NULL),
	(1592, 'C', '8', 0, 17, NULL),
	(1593, 'C', '9', 0, 17, NULL),
	(1594, 'C', '10', 0, 17, NULL),
	(1595, 'C', '11', 0, 17, NULL),
	(1596, 'C', '12', 0, 17, NULL),
	(1597, 'D', '1', 0, 17, NULL),
	(1598, 'D', '2', 0, 17, NULL),
	(1599, 'D', '3', 0, 17, NULL),
	(1600, 'D', '4', 0, 17, NULL),
	(1601, 'D', '5', 0, 17, NULL),
	(1602, 'D', '6', 0, 17, NULL),
	(1603, 'D', '7', 0, 17, NULL),
	(1604, 'D', '8', 0, 17, NULL),
	(1605, 'D', '9', 0, 17, NULL),
	(1606, 'D', '10', 0, 17, NULL),
	(1607, 'D', '11', 0, 17, NULL),
	(1608, 'D', '12', 0, 17, NULL),
	(1609, 'E', '1', 0, 17, NULL),
	(1610, 'E', '2', 0, 17, NULL),
	(1611, 'E', '3', 0, 17, NULL),
	(1612, 'E', '4', 0, 17, NULL),
	(1613, 'E', '5', 0, 17, NULL),
	(1614, 'E', '6', 0, 17, NULL),
	(1615, 'E', '7', 0, 17, NULL),
	(1616, 'E', '8', 0, 17, NULL),
	(1617, 'E', '9', 0, 17, NULL),
	(1618, 'E', '10', 0, 17, NULL),
	(1619, 'E', '11', 0, 17, NULL),
	(1620, 'E', '12', 0, 17, NULL),
	(1621, 'F', '1', 0, 17, NULL),
	(1622, 'F', '2', 0, 17, NULL),
	(1623, 'F', '3', 0, 17, NULL),
	(1624, 'F', '4', 0, 17, NULL),
	(1625, 'F', '5', 0, 17, NULL),
	(1626, 'F', '6', 0, 17, NULL),
	(1627, 'F', '7', 0, 17, NULL),
	(1628, 'F', '8', 0, 17, NULL),
	(1629, 'F', '9', 0, 17, NULL),
	(1630, 'F', '10', 0, 17, NULL),
	(1631, 'F', '11', 0, 17, NULL),
	(1632, 'F', '12', 0, 17, NULL),
	(1633, 'G', '1', 0, 17, NULL),
	(1634, 'G', '2', 0, 17, NULL),
	(1635, 'G', '3', 0, 17, NULL),
	(1636, 'G', '4', 0, 17, NULL),
	(1637, 'G', '5', 0, 17, NULL),
	(1638, 'G', '6', 0, 17, NULL),
	(1639, 'G', '7', 0, 17, NULL),
	(1640, 'G', '8', 0, 17, NULL),
	(1641, 'G', '9', 0, 17, NULL),
	(1642, 'G', '10', 0, 17, NULL),
	(1643, 'G', '11', 0, 17, NULL),
	(1644, 'G', '12', 0, 17, NULL),
	(1645, 'H', '1', 0, 17, NULL),
	(1646, 'H', '2', 0, 17, NULL),
	(1647, 'H', '3', 0, 17, NULL),
	(1648, 'H', '4', 0, 17, NULL),
	(1649, 'H', '5', 0, 17, NULL),
	(1650, 'H', '6', 0, 17, NULL),
	(1651, 'H', '7', 0, 17, NULL),
	(1652, 'H', '8', 0, 17, NULL),
	(1653, 'H', '9', 0, 17, NULL),
	(1654, 'H', '10', 0, 17, NULL),
	(1655, 'H', '11', 0, 17, NULL),
	(1656, 'H', '12', 0, 17, NULL),
	(1657, 'I', '1', 0, 17, NULL),
	(1658, 'I', '2', 0, 17, NULL),
	(1659, 'I', '3', 0, 17, NULL),
	(1660, 'I', '4', 0, 17, NULL),
	(1661, 'I', '5', 0, 17, NULL),
	(1662, 'I', '6', 0, 17, NULL),
	(1663, 'I', '7', 0, 17, NULL),
	(1664, 'I', '8', 0, 17, NULL),
	(1665, 'I', '9', 0, 17, NULL),
	(1666, 'I', '10', 0, 17, NULL),
	(1667, 'I', '11', 0, 17, NULL),
	(1668, 'I', '12', 0, 17, NULL),
	(1669, 'J', '1', 0, 17, NULL),
	(1670, 'J', '2', 0, 17, NULL),
	(1671, 'J', '3', 0, 17, NULL),
	(1672, 'J', '4', 0, 17, NULL),
	(1673, 'J', '5', 0, 17, NULL),
	(1674, 'J', '6', 0, 17, NULL),
	(1675, 'J', '7', 0, 17, NULL),
	(1676, 'J', '8', 0, 17, NULL),
	(1677, 'J', '9', 0, 17, NULL),
	(1678, 'J', '10', 0, 17, NULL),
	(1679, 'J', '11', 0, 17, NULL),
	(1680, 'J', '12', 0, 17, NULL),
	(1681, 'A', '1', 0, 18, NULL),
	(1682, 'A', '2', 0, 18, NULL),
	(1683, 'A', '3', 0, 18, NULL),
	(1684, 'A', '4', 0, 18, NULL),
	(1685, 'A', '5', 0, 18, NULL),
	(1686, 'A', '6', 0, 18, NULL),
	(1687, 'A', '7', 0, 18, NULL),
	(1688, 'A', '8', 0, 18, NULL),
	(1689, 'A', '9', 0, 18, NULL),
	(1690, 'A', '10', 0, 18, NULL),
	(1691, 'A', '11', 0, 18, NULL),
	(1692, 'A', '12', 0, 18, NULL),
	(1693, 'B', '1', 0, 18, NULL),
	(1694, 'B', '2', 0, 18, NULL),
	(1695, 'B', '3', 0, 18, NULL),
	(1696, 'B', '4', 0, 18, NULL),
	(1697, 'B', '5', 0, 18, NULL),
	(1698, 'B', '6', 0, 18, NULL),
	(1699, 'B', '7', 0, 18, NULL),
	(1700, 'B', '8', 0, 18, NULL),
	(1701, 'B', '9', 0, 18, NULL),
	(1702, 'B', '10', 0, 18, NULL),
	(1703, 'B', '11', 0, 18, NULL),
	(1704, 'B', '12', 0, 18, NULL),
	(1705, 'C', '1', 0, 18, NULL),
	(1706, 'C', '2', 0, 18, NULL),
	(1707, 'C', '3', 0, 18, NULL),
	(1708, 'C', '4', 0, 18, NULL),
	(1709, 'C', '5', 0, 18, NULL),
	(1710, 'C', '6', 0, 18, NULL),
	(1711, 'C', '7', 0, 18, NULL),
	(1712, 'C', '8', 0, 18, NULL),
	(1713, 'C', '9', 0, 18, NULL),
	(1714, 'C', '10', 0, 18, NULL),
	(1715, 'C', '11', 0, 18, NULL),
	(1716, 'C', '12', 0, 18, NULL),
	(1717, 'D', '1', 0, 18, NULL),
	(1718, 'D', '2', 0, 18, NULL),
	(1719, 'D', '3', 0, 18, NULL),
	(1720, 'D', '4', 0, 18, NULL),
	(1721, 'D', '5', 0, 18, NULL),
	(1722, 'D', '6', 0, 18, NULL),
	(1723, 'D', '7', 0, 18, NULL),
	(1724, 'D', '8', 0, 18, NULL),
	(1725, 'D', '9', 0, 18, NULL),
	(1726, 'D', '10', 0, 18, NULL),
	(1727, 'D', '11', 0, 18, NULL),
	(1728, 'D', '12', 0, 18, NULL),
	(1729, 'E', '1', 0, 18, NULL),
	(1730, 'E', '2', 0, 18, NULL),
	(1731, 'E', '3', 0, 18, NULL),
	(1732, 'E', '4', 0, 18, NULL),
	(1733, 'E', '5', 0, 18, NULL),
	(1734, 'E', '6', 0, 18, NULL),
	(1735, 'E', '7', 0, 18, NULL),
	(1736, 'E', '8', 0, 18, NULL),
	(1737, 'E', '9', 0, 18, NULL),
	(1738, 'E', '10', 0, 18, NULL),
	(1739, 'E', '11', 0, 18, NULL),
	(1740, 'E', '12', 0, 18, NULL),
	(1741, 'F', '1', 0, 18, NULL),
	(1742, 'F', '2', 0, 18, NULL),
	(1743, 'F', '3', 0, 18, NULL),
	(1744, 'F', '4', 0, 18, NULL),
	(1745, 'F', '5', 0, 18, NULL),
	(1746, 'F', '6', 0, 18, NULL),
	(1747, 'F', '7', 0, 18, NULL),
	(1748, 'F', '8', 0, 18, NULL),
	(1749, 'F', '9', 0, 18, NULL),
	(1750, 'F', '10', 0, 18, NULL),
	(1751, 'F', '11', 0, 18, NULL),
	(1752, 'F', '12', 0, 18, NULL),
	(1753, 'G', '1', 0, 18, NULL),
	(1754, 'G', '2', 0, 18, NULL),
	(1755, 'G', '3', 0, 18, NULL),
	(1756, 'G', '4', 0, 18, NULL),
	(1757, 'G', '5', 0, 18, NULL),
	(1758, 'G', '6', 0, 18, NULL),
	(1759, 'G', '7', 0, 18, NULL),
	(1760, 'G', '8', 0, 18, NULL),
	(1761, 'G', '9', 0, 18, NULL),
	(1762, 'G', '10', 0, 18, NULL),
	(1763, 'G', '11', 0, 18, NULL),
	(1764, 'G', '12', 0, 18, NULL),
	(1765, 'H', '1', 0, 18, NULL),
	(1766, 'H', '2', 0, 18, NULL),
	(1767, 'H', '3', 0, 18, NULL),
	(1768, 'H', '4', 0, 18, NULL),
	(1769, 'H', '5', 0, 18, NULL),
	(1770, 'H', '6', 0, 18, NULL),
	(1771, 'H', '7', 0, 18, NULL),
	(1772, 'H', '8', 0, 18, NULL),
	(1773, 'H', '9', 0, 18, NULL),
	(1774, 'H', '10', 0, 18, NULL),
	(1775, 'H', '11', 0, 18, NULL),
	(1776, 'H', '12', 0, 18, NULL),
	(1777, 'I', '1', 0, 18, NULL),
	(1778, 'I', '2', 0, 18, NULL),
	(1779, 'I', '3', 0, 18, NULL),
	(1780, 'I', '4', 0, 18, NULL),
	(1781, 'I', '5', 0, 18, NULL),
	(1782, 'I', '6', 0, 18, NULL),
	(1783, 'I', '7', 0, 18, NULL),
	(1784, 'I', '8', 0, 18, NULL),
	(1785, 'I', '9', 0, 18, NULL),
	(1786, 'I', '10', 0, 18, NULL),
	(1787, 'I', '11', 0, 18, NULL),
	(1788, 'I', '12', 0, 18, NULL),
	(1789, 'J', '1', 0, 18, NULL),
	(1790, 'J', '2', 0, 18, NULL),
	(1791, 'J', '3', 0, 18, NULL),
	(1792, 'J', '4', 0, 18, NULL),
	(1793, 'J', '5', 0, 18, NULL),
	(1794, 'J', '6', 0, 18, NULL),
	(1795, 'J', '7', 0, 18, NULL),
	(1796, 'J', '8', 0, 18, NULL),
	(1797, 'J', '9', 0, 18, NULL),
	(1798, 'J', '10', 0, 18, NULL),
	(1799, 'J', '11', 0, 18, NULL),
	(1800, 'J', '12', 0, 18, NULL),
	(1801, 'A', '1', 0, 19, NULL),
	(1802, 'A', '2', 0, 19, NULL),
	(1803, 'A', '3', 0, 19, NULL),
	(1804, 'A', '4', 0, 19, NULL),
	(1805, 'A', '5', 0, 19, NULL),
	(1806, 'A', '6', 0, 19, NULL),
	(1807, 'A', '7', 0, 19, NULL),
	(1808, 'A', '8', 0, 19, NULL),
	(1809, 'A', '9', 0, 19, NULL),
	(1810, 'A', '10', 0, 19, NULL),
	(1811, 'A', '11', 0, 19, NULL),
	(1812, 'A', '12', 0, 19, NULL),
	(1813, 'B', '1', 0, 19, NULL),
	(1814, 'B', '2', 0, 19, NULL),
	(1815, 'B', '3', 0, 19, NULL),
	(1816, 'B', '4', 0, 19, NULL),
	(1817, 'B', '5', 0, 19, NULL),
	(1818, 'B', '6', 0, 19, NULL),
	(1819, 'B', '7', 0, 19, NULL),
	(1820, 'B', '8', 0, 19, NULL),
	(1821, 'B', '9', 0, 19, NULL),
	(1822, 'B', '10', 0, 19, NULL),
	(1823, 'B', '11', 0, 19, NULL),
	(1824, 'B', '12', 0, 19, NULL),
	(1825, 'C', '1', 0, 19, NULL),
	(1826, 'C', '2', 0, 19, NULL),
	(1827, 'C', '3', 0, 19, NULL),
	(1828, 'C', '4', 0, 19, NULL),
	(1829, 'C', '5', 0, 19, NULL),
	(1830, 'C', '6', 0, 19, NULL),
	(1831, 'C', '7', 0, 19, NULL),
	(1832, 'C', '8', 0, 19, NULL),
	(1833, 'C', '9', 0, 19, NULL),
	(1834, 'C', '10', 0, 19, NULL),
	(1835, 'C', '11', 0, 19, NULL),
	(1836, 'C', '12', 0, 19, NULL),
	(1837, 'D', '1', 0, 19, NULL),
	(1838, 'D', '2', 0, 19, NULL),
	(1839, 'D', '3', 0, 19, NULL),
	(1840, 'D', '4', 0, 19, NULL),
	(1841, 'D', '5', 0, 19, NULL),
	(1842, 'D', '6', 0, 19, NULL),
	(1843, 'D', '7', 0, 19, NULL),
	(1844, 'D', '8', 0, 19, NULL),
	(1845, 'D', '9', 0, 19, NULL),
	(1846, 'D', '10', 0, 19, NULL),
	(1847, 'D', '11', 0, 19, NULL),
	(1848, 'D', '12', 0, 19, NULL),
	(1849, 'E', '1', 0, 19, NULL),
	(1850, 'E', '2', 0, 19, NULL),
	(1851, 'E', '3', 0, 19, NULL),
	(1852, 'E', '4', 0, 19, NULL),
	(1853, 'E', '5', 0, 19, NULL),
	(1854, 'E', '6', 0, 19, NULL),
	(1855, 'E', '7', 0, 19, NULL),
	(1856, 'E', '8', 0, 19, NULL),
	(1857, 'E', '9', 0, 19, NULL),
	(1858, 'E', '10', 0, 19, NULL),
	(1859, 'E', '11', 0, 19, NULL),
	(1860, 'E', '12', 0, 19, NULL),
	(1861, 'F', '1', 0, 19, NULL),
	(1862, 'F', '2', 0, 19, NULL),
	(1863, 'F', '3', 0, 19, NULL),
	(1864, 'F', '4', 0, 19, NULL),
	(1865, 'F', '5', 0, 19, NULL),
	(1866, 'F', '6', 0, 19, NULL),
	(1867, 'F', '7', 0, 19, NULL),
	(1868, 'F', '8', 0, 19, NULL),
	(1869, 'F', '9', 0, 19, NULL),
	(1870, 'F', '10', 0, 19, NULL),
	(1871, 'F', '11', 0, 19, NULL),
	(1872, 'F', '12', 0, 19, NULL),
	(1873, 'G', '1', 0, 19, NULL),
	(1874, 'G', '2', 0, 19, NULL),
	(1875, 'G', '3', 0, 19, NULL),
	(1876, 'G', '4', 0, 19, NULL),
	(1877, 'G', '5', 0, 19, NULL),
	(1878, 'G', '6', 0, 19, NULL),
	(1879, 'G', '7', 0, 19, NULL),
	(1880, 'G', '8', 0, 19, NULL),
	(1881, 'G', '9', 0, 19, NULL),
	(1882, 'G', '10', 0, 19, NULL),
	(1883, 'G', '11', 0, 19, NULL),
	(1884, 'G', '12', 0, 19, NULL),
	(1885, 'H', '1', 0, 19, NULL),
	(1886, 'H', '2', 0, 19, NULL),
	(1887, 'H', '3', 0, 19, NULL),
	(1888, 'H', '4', 0, 19, NULL),
	(1889, 'H', '5', 0, 19, NULL),
	(1890, 'H', '6', 0, 19, NULL),
	(1891, 'H', '7', 0, 19, NULL),
	(1892, 'H', '8', 0, 19, NULL),
	(1893, 'H', '9', 0, 19, NULL),
	(1894, 'H', '10', 0, 19, NULL),
	(1895, 'H', '11', 0, 19, NULL),
	(1896, 'H', '12', 0, 19, NULL),
	(1897, 'I', '1', 0, 19, NULL),
	(1898, 'I', '2', 0, 19, NULL),
	(1899, 'I', '3', 0, 19, NULL),
	(1900, 'I', '4', 0, 19, NULL),
	(1901, 'I', '5', 0, 19, NULL),
	(1902, 'I', '6', 0, 19, NULL),
	(1903, 'I', '7', 0, 19, NULL),
	(1904, 'I', '8', 0, 19, NULL),
	(1905, 'I', '9', 0, 19, NULL),
	(1906, 'I', '10', 0, 19, NULL),
	(1907, 'I', '11', 0, 19, NULL),
	(1908, 'I', '12', 0, 19, NULL),
	(1909, 'J', '1', 0, 19, NULL),
	(1910, 'J', '2', 0, 19, NULL),
	(1911, 'J', '3', 0, 19, NULL),
	(1912, 'J', '4', 0, 19, NULL),
	(1913, 'J', '5', 0, 19, NULL),
	(1914, 'J', '6', 0, 19, NULL),
	(1915, 'J', '7', 0, 19, NULL),
	(1916, 'J', '8', 0, 19, NULL),
	(1917, 'J', '9', 0, 19, NULL),
	(1918, 'J', '10', 0, 19, NULL),
	(1919, 'J', '11', 0, 19, NULL),
	(1920, 'J', '12', 0, 19, NULL),
	(1921, 'A', '1', 0, 20, NULL),
	(1922, 'A', '2', 0, 20, NULL),
	(1923, 'A', '3', 0, 20, NULL),
	(1924, 'A', '4', 0, 20, NULL),
	(1925, 'A', '5', 0, 20, NULL),
	(1926, 'A', '6', 0, 20, NULL),
	(1927, 'A', '7', 0, 20, NULL),
	(1928, 'A', '8', 0, 20, NULL),
	(1929, 'A', '9', 0, 20, NULL),
	(1930, 'A', '10', 0, 20, NULL),
	(1931, 'A', '11', 0, 20, NULL),
	(1932, 'A', '12', 0, 20, NULL),
	(1933, 'B', '1', 0, 20, NULL),
	(1934, 'B', '2', 0, 20, NULL),
	(1935, 'B', '3', 0, 20, NULL),
	(1936, 'B', '4', 0, 20, NULL),
	(1937, 'B', '5', 0, 20, NULL),
	(1938, 'B', '6', 0, 20, NULL),
	(1939, 'B', '7', 0, 20, NULL),
	(1940, 'B', '8', 0, 20, NULL),
	(1941, 'B', '9', 0, 20, NULL),
	(1942, 'B', '10', 0, 20, NULL),
	(1943, 'B', '11', 0, 20, NULL),
	(1944, 'B', '12', 0, 20, NULL),
	(1945, 'C', '1', 0, 20, NULL),
	(1946, 'C', '2', 0, 20, NULL),
	(1947, 'C', '3', 0, 20, NULL),
	(1948, 'C', '4', 0, 20, NULL),
	(1949, 'C', '5', 0, 20, NULL),
	(1950, 'C', '6', 0, 20, NULL),
	(1951, 'C', '7', 0, 20, NULL),
	(1952, 'C', '8', 0, 20, NULL),
	(1953, 'C', '9', 0, 20, NULL),
	(1954, 'C', '10', 0, 20, NULL),
	(1955, 'C', '11', 0, 20, NULL),
	(1956, 'C', '12', 0, 20, NULL),
	(1957, 'D', '1', 0, 20, NULL),
	(1958, 'D', '2', 0, 20, NULL),
	(1959, 'D', '3', 0, 20, NULL),
	(1960, 'D', '4', 0, 20, NULL),
	(1961, 'D', '5', 0, 20, NULL),
	(1962, 'D', '6', 0, 20, NULL),
	(1963, 'D', '7', 0, 20, NULL),
	(1964, 'D', '8', 0, 20, NULL),
	(1965, 'D', '9', 0, 20, NULL),
	(1966, 'D', '10', 0, 20, NULL),
	(1967, 'D', '11', 0, 20, NULL),
	(1968, 'D', '12', 0, 20, NULL),
	(1969, 'E', '1', 0, 20, NULL),
	(1970, 'E', '2', 0, 20, NULL),
	(1971, 'E', '3', 0, 20, NULL),
	(1972, 'E', '4', 0, 20, NULL),
	(1973, 'E', '5', 0, 20, NULL),
	(1974, 'E', '6', 0, 20, NULL),
	(1975, 'E', '7', 0, 20, NULL),
	(1976, 'E', '8', 0, 20, NULL),
	(1977, 'E', '9', 0, 20, NULL),
	(1978, 'E', '10', 0, 20, NULL),
	(1979, 'E', '11', 0, 20, NULL),
	(1980, 'E', '12', 0, 20, NULL),
	(1981, 'F', '1', 0, 20, NULL),
	(1982, 'F', '2', 0, 20, NULL),
	(1983, 'F', '3', 0, 20, NULL),
	(1984, 'F', '4', 0, 20, NULL),
	(1985, 'F', '5', 0, 20, NULL),
	(1986, 'F', '6', 0, 20, NULL),
	(1987, 'F', '7', 0, 20, NULL),
	(1988, 'F', '8', 0, 20, NULL),
	(1989, 'F', '9', 0, 20, NULL),
	(1990, 'F', '10', 0, 20, NULL),
	(1991, 'F', '11', 0, 20, NULL),
	(1992, 'F', '12', 0, 20, NULL),
	(1993, 'G', '1', 0, 20, NULL),
	(1994, 'G', '2', 0, 20, NULL),
	(1995, 'G', '3', 0, 20, NULL),
	(1996, 'G', '4', 0, 20, NULL),
	(1997, 'G', '5', 0, 20, NULL),
	(1998, 'G', '6', 0, 20, NULL),
	(1999, 'G', '7', 0, 20, NULL),
	(2000, 'G', '8', 0, 20, NULL),
	(2001, 'G', '9', 0, 20, NULL),
	(2002, 'G', '10', 0, 20, NULL),
	(2003, 'G', '11', 0, 20, NULL),
	(2004, 'G', '12', 0, 20, NULL),
	(2005, 'H', '1', 0, 20, NULL),
	(2006, 'H', '2', 0, 20, NULL),
	(2007, 'H', '3', 0, 20, NULL),
	(2008, 'H', '4', 0, 20, NULL),
	(2009, 'H', '5', 0, 20, NULL),
	(2010, 'H', '6', 0, 20, NULL),
	(2011, 'H', '7', 0, 20, NULL),
	(2012, 'H', '8', 0, 20, NULL),
	(2013, 'H', '9', 0, 20, NULL),
	(2014, 'H', '10', 0, 20, NULL),
	(2015, 'H', '11', 0, 20, NULL),
	(2016, 'H', '12', 0, 20, NULL),
	(2017, 'I', '1', 0, 20, NULL),
	(2018, 'I', '2', 0, 20, NULL),
	(2019, 'I', '3', 0, 20, NULL),
	(2020, 'I', '4', 0, 20, NULL),
	(2021, 'I', '5', 0, 20, NULL),
	(2022, 'I', '6', 0, 20, NULL),
	(2023, 'I', '7', 0, 20, NULL),
	(2024, 'I', '8', 0, 20, NULL),
	(2025, 'I', '9', 0, 20, NULL),
	(2026, 'I', '10', 0, 20, NULL),
	(2027, 'I', '11', 0, 20, NULL),
	(2028, 'I', '12', 0, 20, NULL),
	(2029, 'J', '1', 0, 20, NULL),
	(2030, 'J', '2', 0, 20, NULL),
	(2031, 'J', '3', 0, 20, NULL),
	(2032, 'J', '4', 0, 20, NULL),
	(2033, 'J', '5', 0, 20, NULL),
	(2034, 'J', '6', 0, 20, NULL),
	(2035, 'J', '7', 0, 20, NULL),
	(2036, 'J', '8', 0, 20, NULL),
	(2037, 'J', '9', 0, 20, NULL),
	(2038, 'J', '10', 0, 20, NULL),
	(2039, 'J', '11', 0, 20, NULL),
	(2040, 'J', '12', 0, 20, NULL),
	(2041, 'A', '1', 0, 21, NULL),
	(2042, 'A', '2', 0, 21, NULL),
	(2043, 'A', '3', 0, 21, NULL),
	(2044, 'A', '4', 0, 21, NULL),
	(2045, 'A', '5', 0, 21, NULL),
	(2046, 'A', '6', 0, 21, NULL),
	(2047, 'A', '7', 0, 21, NULL),
	(2048, 'A', '8', 0, 21, NULL),
	(2049, 'A', '9', 0, 21, NULL),
	(2050, 'A', '10', 0, 21, NULL),
	(2051, 'A', '11', 0, 21, NULL),
	(2052, 'A', '12', 0, 21, NULL),
	(2053, 'B', '1', 0, 21, NULL),
	(2054, 'B', '2', 0, 21, NULL),
	(2055, 'B', '3', 0, 21, NULL),
	(2056, 'B', '4', 0, 21, NULL),
	(2057, 'B', '5', 0, 21, NULL),
	(2058, 'B', '6', 0, 21, NULL),
	(2059, 'B', '7', 0, 21, NULL),
	(2060, 'B', '8', 0, 21, NULL),
	(2061, 'B', '9', 0, 21, NULL),
	(2062, 'B', '10', 0, 21, NULL),
	(2063, 'B', '11', 0, 21, NULL),
	(2064, 'B', '12', 0, 21, NULL),
	(2065, 'C', '1', 0, 21, NULL),
	(2066, 'C', '2', 0, 21, NULL),
	(2067, 'C', '3', 0, 21, NULL),
	(2068, 'C', '4', 0, 21, NULL),
	(2069, 'C', '5', 0, 21, NULL),
	(2070, 'C', '6', 0, 21, NULL),
	(2071, 'C', '7', 0, 21, NULL),
	(2072, 'C', '8', 0, 21, NULL),
	(2073, 'C', '9', 0, 21, NULL),
	(2074, 'C', '10', 0, 21, NULL),
	(2075, 'C', '11', 0, 21, NULL),
	(2076, 'C', '12', 0, 21, NULL),
	(2077, 'D', '1', 0, 21, NULL),
	(2078, 'D', '2', 0, 21, NULL),
	(2079, 'D', '3', 0, 21, NULL),
	(2080, 'D', '4', 0, 21, NULL),
	(2081, 'D', '5', 0, 21, NULL),
	(2082, 'D', '6', 0, 21, NULL),
	(2083, 'D', '7', 0, 21, NULL),
	(2084, 'D', '8', 0, 21, NULL),
	(2085, 'D', '9', 0, 21, NULL),
	(2086, 'D', '10', 0, 21, NULL),
	(2087, 'D', '11', 0, 21, NULL),
	(2088, 'D', '12', 0, 21, NULL),
	(2089, 'E', '1', 0, 21, NULL),
	(2090, 'E', '2', 0, 21, NULL),
	(2091, 'E', '3', 0, 21, NULL),
	(2092, 'E', '4', 0, 21, NULL),
	(2093, 'E', '5', 0, 21, NULL),
	(2094, 'E', '6', 0, 21, NULL),
	(2095, 'E', '7', 0, 21, NULL),
	(2096, 'E', '8', 0, 21, NULL),
	(2097, 'E', '9', 0, 21, NULL),
	(2098, 'E', '10', 0, 21, NULL),
	(2099, 'E', '11', 0, 21, NULL),
	(2100, 'E', '12', 0, 21, NULL),
	(2101, 'F', '1', 0, 21, NULL),
	(2102, 'F', '2', 0, 21, NULL),
	(2103, 'F', '3', 0, 21, NULL),
	(2104, 'F', '4', 0, 21, NULL),
	(2105, 'F', '5', 0, 21, NULL),
	(2106, 'F', '6', 0, 21, NULL),
	(2107, 'F', '7', 0, 21, NULL),
	(2108, 'F', '8', 0, 21, NULL),
	(2109, 'F', '9', 0, 21, NULL),
	(2110, 'F', '10', 0, 21, NULL),
	(2111, 'F', '11', 0, 21, NULL),
	(2112, 'F', '12', 0, 21, NULL),
	(2113, 'G', '1', 0, 21, NULL),
	(2114, 'G', '2', 0, 21, NULL),
	(2115, 'G', '3', 0, 21, NULL),
	(2116, 'G', '4', 0, 21, NULL),
	(2117, 'G', '5', 0, 21, NULL),
	(2118, 'G', '6', 0, 21, NULL),
	(2119, 'G', '7', 0, 21, NULL),
	(2120, 'G', '8', 0, 21, NULL),
	(2121, 'G', '9', 0, 21, NULL),
	(2122, 'G', '10', 0, 21, NULL),
	(2123, 'G', '11', 0, 21, NULL),
	(2124, 'G', '12', 0, 21, NULL),
	(2125, 'H', '1', 0, 21, NULL),
	(2126, 'H', '2', 0, 21, NULL),
	(2127, 'H', '3', 0, 21, NULL),
	(2128, 'H', '4', 0, 21, NULL),
	(2129, 'H', '5', 0, 21, NULL),
	(2130, 'H', '6', 0, 21, NULL),
	(2131, 'H', '7', 0, 21, NULL),
	(2132, 'H', '8', 0, 21, NULL),
	(2133, 'H', '9', 0, 21, NULL),
	(2134, 'H', '10', 0, 21, NULL),
	(2135, 'H', '11', 0, 21, NULL),
	(2136, 'H', '12', 0, 21, NULL),
	(2137, 'I', '1', 0, 21, NULL),
	(2138, 'I', '2', 0, 21, NULL),
	(2139, 'I', '3', 0, 21, NULL),
	(2140, 'I', '4', 0, 21, NULL),
	(2141, 'I', '5', 0, 21, NULL),
	(2142, 'I', '6', 0, 21, NULL),
	(2143, 'I', '7', 0, 21, NULL),
	(2144, 'I', '8', 0, 21, NULL),
	(2145, 'I', '9', 0, 21, NULL),
	(2146, 'I', '10', 0, 21, NULL),
	(2147, 'I', '11', 0, 21, NULL),
	(2148, 'I', '12', 0, 21, NULL),
	(2149, 'J', '1', 0, 21, NULL),
	(2150, 'J', '2', 0, 21, NULL),
	(2151, 'J', '3', 0, 21, NULL),
	(2152, 'J', '4', 0, 21, NULL),
	(2153, 'J', '5', 0, 21, NULL),
	(2154, 'J', '6', 0, 21, NULL),
	(2155, 'J', '7', 0, 21, NULL),
	(2156, 'J', '8', 0, 21, NULL),
	(2157, 'J', '9', 0, 21, NULL),
	(2158, 'J', '10', 0, 21, NULL),
	(2159, 'J', '11', 0, 21, NULL),
	(2160, 'J', '12', 0, 21, NULL);
/*!40000 ALTER TABLE `seats` ENABLE KEYS */;

-- Dumping structure for table booking_tickets.users
DROP TABLE IF EXISTS `users`;
CREATE TABLE IF NOT EXISTS `users` (
  `id` int(10) unsigned NOT NULL AUTO_INCREMENT,
  `full_name` varchar(70) COLLATE utf8mb4_unicode_ci NOT NULL,
  `gender` int(10) unsigned DEFAULT NULL,
  `birthday` date DEFAULT NULL,
  `email` varchar(50) COLLATE utf8mb4_unicode_ci NOT NULL,
  `phone` varchar(20) COLLATE utf8mb4_unicode_ci NOT NULL,
  `address` varchar(300) COLLATE utf8mb4_unicode_ci DEFAULT NULL,
  `credit_card_number` varchar(50) COLLATE utf8mb4_unicode_ci DEFAULT NULL,
  `expiration_date` date DEFAULT NULL,
  PRIMARY KEY (`id`)
) ENGINE=InnoDB AUTO_INCREMENT=7 DEFAULT CHARSET=utf8mb4 COLLATE=utf8mb4_unicode_ci;

-- Dumping data for table booking_tickets.users: ~6 rows (approximately)
/*!40000 ALTER TABLE `users` DISABLE KEYS */;
INSERT INTO `users` (`id`, `full_name`, `gender`, `birthday`, `email`, `phone`, `address`, `credit_card_number`, `expiration_date`) VALUES
	(1, 'Châu Hải Hùng', 1, '1995-04-10', 'haihung100495@gmail.com', '0915512337', 'Tp. HCM', NULL, NULL),
	(2, 'Ngô Nhật Huy', 1, '1995-08-30', 'nhathuy.carvin@gmail.com', '01297653154', 'Tp. HCM', NULL, NULL),
	(3, 'Đỗ Nguyễn Minh Luân', 1, '1996-12-12', 'donguyenminhluan96@gmail.com', '0937817912', 'Tp. HCM', NULL, NULL),
	(4, 'Mai Thanh Tân', 1, '1993-08-28', 'thanhtan9876@gmail.com', '0973869608', 'Tp. HCM', NULL, NULL),
	(5, 'Phạm Minh Trung', 1, '1989-07-21', 'pmtrung@hcmus.edu.vn', '0909764990', 'Tp. HCM', NULL, NULL),
	(6, 'Tester', 1, '2000-01-01', 'tester@gmail.com', '19001560', 'Tp. HCM', NULL, NULL);
/*!40000 ALTER TABLE `users` ENABLE KEYS */;

-- Dumping structure for table booking_tickets.venues
DROP TABLE IF EXISTS `venues`;
CREATE TABLE IF NOT EXISTS `venues` (
  `id` int(10) unsigned NOT NULL AUTO_INCREMENT,
  `address` varchar(256) COLLATE utf8mb4_unicode_ci NOT NULL,
  `location_id` int(10) unsigned NOT NULL,
  PRIMARY KEY (`id`),
  KEY `FK_VENUES_LOCATIONS` (`location_id`),
  CONSTRAINT `FK_VENUES_LOCATIONS` FOREIGN KEY (`location_id`) REFERENCES `locations` (`id`) ON DELETE NO ACTION ON UPDATE NO ACTION
) ENGINE=InnoDB AUTO_INCREMENT=4 DEFAULT CHARSET=utf8mb4 COLLATE=utf8mb4_unicode_ci;

-- Dumping data for table booking_tickets.venues: ~3 rows (approximately)
/*!40000 ALTER TABLE `venues` DISABLE KEYS */;
INSERT INTO `venues` (`id`, `address`, `location_id`) VALUES
	(1, '138 Đào Duy Từ, Phường 6, Quận 10, Hồ Chí Minh', 1),
	(2, 'Đường Lê Đức Thọ, Mỹ Đình, Nam Từ Liêm, Hà Nội', 2),
	(3, 'Sân vận động Hàng Đẫy, Số 9 Trịnh Hoài Đức, Cát Linh, Đống Đa, Hà Nội', 3);
/*!40000 ALTER TABLE `venues` ENABLE KEYS */;

/*!40101 SET SQL_MODE=IFNULL(@OLD_SQL_MODE, '') */;
/*!40014 SET FOREIGN_KEY_CHECKS=IF(@OLD_FOREIGN_KEY_CHECKS IS NULL, 1, @OLD_FOREIGN_KEY_CHECKS) */;
/*!40101 SET CHARACTER_SET_CLIENT=@OLD_CHARACTER_SET_CLIENT */;
