-- --------------------------------------------------------
-- Host:                         127.0.0.1
-- Server version:               10.1.36-MariaDB - mariadb.org binary distribution
-- Server OS:                    Win32
-- HeidiSQL Version:             9.5.0.5196
-- --------------------------------------------------------

/*!40101 SET @OLD_CHARACTER_SET_CLIENT=@@CHARACTER_SET_CLIENT */;
/*!40101 SET NAMES utf8 */;
/*!50503 SET NAMES utf8mb4 */;
/*!40014 SET @OLD_FOREIGN_KEY_CHECKS=@@FOREIGN_KEY_CHECKS, FOREIGN_KEY_CHECKS=0 */;
/*!40101 SET @OLD_SQL_MODE=@@SQL_MODE, SQL_MODE='NO_AUTO_VALUE_ON_ZERO' */;


-- Dumping database structure for booking_tickets
-- DROP DATABASE IF EXISTS `booking_tickets`;
-- CREATE DATABASE IF NOT EXISTS `booking_tickets` /*!40100 DEFAULT CHARACTER SET utf8mb4 COLLATE utf8mb4_unicode_ci */;
-- USE `booking_tickets`;

DROP DATABASE IF EXISTS `heroku_9795ac331e55444`;
CREATE DATABASE IF NOT EXISTS `heroku_9795ac331e55444` /*!40100 DEFAULT CHARACTER SET utf8mb4 COLLATE utf8mb4_unicode_ci */;
USE `heroku_9795ac331e55444`;

-- Dumping structure for table booking_tickets.accounts
DROP TABLE IF EXISTS `accounts`;
CREATE TABLE IF NOT EXISTS `accounts` (
  `id` int(10) unsigned NOT NULL AUTO_INCREMENT,
  `username` varchar(70) COLLATE utf8mb4_unicode_ci NOT NULL,
  `password` varchar(100) COLLATE utf8mb4_unicode_ci NOT NULL,
  `user_id` int(10) unsigned NOT NULL,
  PRIMARY KEY (`id`),
  KEY `FK_ACCOUNTS_USERS` (`user_id`),
  CONSTRAINT `FK_ACCOUNTS_USERS` FOREIGN KEY (`user_id`) REFERENCES `users` (`id`) ON DELETE NO ACTION ON UPDATE NO ACTION
) ENGINE=InnoDB AUTO_INCREMENT=7 DEFAULT CHARSET=utf8mb4 COLLATE=utf8mb4_unicode_ci;

-- Dumping data for table booking_tickets.accounts: ~6 rows (approximately)
/*!40000 ALTER TABLE `accounts` DISABLE KEYS */;
INSERT INTO `accounts` (`id`, `username`, `password`, `user_id`) VALUES
	(1, 'chhung', 'e10adc3949ba59abbe56e057f20f883e', 1),
	(2, 'nnhuy', 'e10adc3949ba59abbe56e057f20f883e', 2),
	(3, 'dnmluan', 'e10adc3949ba59abbe56e057f20f883e', 3),
	(4, 'mttan', 'e10adc3949ba59abbe56e057f20f883e', 4),
	(5, 'pmtrung', 'e10adc3949ba59abbe56e057f20f883e', 5),
	(6, 'tester', 'e10adc3949ba59abbe56e057f20f883e', 6);
/*!40000 ALTER TABLE `accounts` ENABLE KEYS */;

-- Dumping structure for table booking_tickets.auditoriums
DROP TABLE IF EXISTS `auditoriums`;
CREATE TABLE IF NOT EXISTS `auditoriums` (
  `id` int(10) unsigned NOT NULL AUTO_INCREMENT,
  `cinema_id` int(10) unsigned NOT NULL,
  `location_id` int(10) unsigned NOT NULL,
  PRIMARY KEY (`id`),
  KEY `FK_AUDITORIUMS_CINEMAS` (`cinema_id`),
  KEY `FK_AUDITORIUMS_LOCATIONS` (`location_id`),
  CONSTRAINT `FK_AUDITORIUMS_CINEMAS` FOREIGN KEY (`cinema_id`) REFERENCES `cinemas` (`id`) ON DELETE NO ACTION ON UPDATE NO ACTION,
  CONSTRAINT `FK_AUDITORIUMS_LOCATIONS` FOREIGN KEY (`location_id`) REFERENCES `locations` (`id`) ON DELETE NO ACTION ON UPDATE NO ACTION
) ENGINE=InnoDB AUTO_INCREMENT=19 DEFAULT CHARSET=utf8mb4 COLLATE=utf8mb4_unicode_ci;

-- Dumping data for table booking_tickets.auditoriums: ~18 rows (approximately)
/*!40000 ALTER TABLE `auditoriums` DISABLE KEYS */;
INSERT INTO `auditoriums` (`id`, `cinema_id`, `location_id`) VALUES
	(1, 1, 4),
	(2, 1, 5),
	(3, 1, 6),
	(4, 2, 7),
	(5, 2, 8),
	(6, 2, 9),
	(7, 3, 10),
	(8, 3, 11),
	(9, 3, 12),
	(10, 4, 13),
	(11, 4, 14),
	(12, 4, 15),
	(13, 5, 16),
	(14, 5, 17),
	(15, 5, 18),
	(16, 6, 19),
	(17, 6, 20),
	(18, 6, 21);
/*!40000 ALTER TABLE `auditoriums` ENABLE KEYS */;

-- Dumping structure for table booking_tickets.blocks
DROP TABLE IF EXISTS `blocks`;
CREATE TABLE IF NOT EXISTS `blocks` (
  `id` int(10) unsigned NOT NULL AUTO_INCREMENT,
  `name` varchar(50) COLLATE utf8mb4_unicode_ci NOT NULL DEFAULT '0',
  `location_id` int(10) unsigned NOT NULL DEFAULT '0',
  PRIMARY KEY (`id`),
  KEY `FK_BLOCKS_LOCATIONS` (`location_id`),
  CONSTRAINT `FK_BLOCKS_LOCATIONS` FOREIGN KEY (`location_id`) REFERENCES `locations` (`id`) ON DELETE NO ACTION ON UPDATE NO ACTION
) ENGINE=InnoDB AUTO_INCREMENT=29 DEFAULT CHARSET=utf8mb4 COLLATE=utf8mb4_unicode_ci;

-- Dumping data for table booking_tickets.blocks: ~29 rows (approximately)
/*!40000 ALTER TABLE `blocks` DISABLE KEYS */;
INSERT INTO `blocks` (`id`, `name`, `location_id`) VALUES
	(1, 'Khán đài A', 1),
	(2, 'Khán đài B', 1),
	(3, 'Khán đài C', 1),
	(4, 'Khán đài D', 1),
	(5, 'Khán đài A', 2),
	(6, 'Khán đài B', 2),
	(7, 'Khán đài C', 2),
	(8, 'Khán đài D', 2),
	(9, 'Khán đài A', 3),
	(10, 'Khán đài B', 3),
	(11, 'Khán đài C', 3),
	(12, 'Khán đài D', 3),
	(13, 'Khán đài A', 22),
	(14, 'Khán đài B', 22),
	(15, 'Khán đài C', 22),
	(16, 'Khán đài D', 22),
	(17, 'Khán đài A', 23),
	(18, 'Khán đài B', 23),
	(19, 'Khán đài C', 23),
	(20, 'Khán đài D', 23),
	(21, 'Khán đài A', 24),
	(22, 'Khán đài B', 24),
	(23, 'Khán đài C', 24),
	(24, 'Khán đài D', 24),
	(25, 'Khán đài A', 25),
	(26, 'Khán đài B', 25),
	(27, 'Khán đài C', 25),
	(28, 'Khán đài D', 25);
/*!40000 ALTER TABLE `blocks` ENABLE KEYS */;

-- Dumping structure for table booking_tickets.booked_combos
DROP TABLE IF EXISTS `booked_combos`;
CREATE TABLE IF NOT EXISTS `booked_combos` (
  `booking_id` int(10) unsigned NOT NULL,
  `combo_id` int(10) unsigned NOT NULL,
  `price` double DEFAULT NULL,
  `quantity` int(10) unsigned DEFAULT NULL,
  PRIMARY KEY (`booking_id`,`combo_id`),
  KEY `FK_BOOKED_COMBOS_COMBOS` (`combo_id`),
  KEY `FK_BOOKED_COMBOS_BOOKINGS` (`booking_id`),
  CONSTRAINT `FK_BOOKED_COMBOS_BOOKINGS` FOREIGN KEY (`booking_id`) REFERENCES `bookings` (`id`) ON DELETE NO ACTION ON UPDATE NO ACTION,
  CONSTRAINT `FK_BOOKED_COMBOS_COMBOS` FOREIGN KEY (`combo_id`) REFERENCES `combos` (`id`) ON DELETE NO ACTION ON UPDATE NO ACTION
) ENGINE=InnoDB DEFAULT CHARSET=utf8mb4 COLLATE=utf8mb4_unicode_ci;

-- Dumping data for table booking_tickets.booked_combos: ~3 rows (approximately)
/*!40000 ALTER TABLE `booked_combos` DISABLE KEYS */;
INSERT INTO `booked_combos` (`booking_id`, `combo_id`, `price`, `quantity`) VALUES
	(1, 1, 279000, 1),
	(2, 2, 639000, 1),
	(2, 3, 269000, 1);
/*!40000 ALTER TABLE `booked_combos` ENABLE KEYS */;

-- Dumping structure for table booking_tickets.booked_seats
DROP TABLE IF EXISTS `booked_seats`;
CREATE TABLE IF NOT EXISTS `booked_seats` (
  `booking_id` int(10) unsigned NOT NULL,
  `seat_id` int(10) unsigned NOT NULL,
  `price` double unsigned NOT NULL,
  PRIMARY KEY (`booking_id`,`seat_id`),
  KEY `FK_BOOKED_SEATS_BOOKINGS` (`booking_id`),
  KEY `FK_BOOKED_SEATS_SEATS` (`seat_id`),
  CONSTRAINT `FK_BOOKED_SEATS_BOOKINGS` FOREIGN KEY (`booking_id`) REFERENCES `bookings` (`id`) ON DELETE NO ACTION ON UPDATE NO ACTION
) ENGINE=InnoDB DEFAULT CHARSET=utf8mb4 COLLATE=utf8mb4_unicode_ci;

-- Dumping data for table booking_tickets.booked_seats: ~12 rows (approximately)
/*!40000 ALTER TABLE `booked_seats` DISABLE KEYS */;
INSERT INTO `booked_seats` (`booking_id`, `seat_id`, `price`) VALUES
	(1, 1, 88000),
	(2, 421, 88000),
	(2, 422, 88000),
	(3, 733, 88000),
	(4, 2161, 100000);
/*!40000 ALTER TABLE `booked_seats` ENABLE KEYS */;

-- Dumping structure for table booking_tickets.bookings
DROP TABLE IF EXISTS `bookings`;
CREATE TABLE IF NOT EXISTS `bookings` (
  `id` int(10) unsigned NOT NULL AUTO_INCREMENT,
  `account_id` int(10) unsigned NOT NULL,
  `movie_showings_id` int(10) unsigned DEFAULT NULL,
  `sale_id` int(10) unsigned DEFAULT NULL,
  `code` char(10) COLLATE utf8mb4_unicode_ci NOT NULL,
  `type` int(10) unsigned NOT NULL,
  `created_at` timestamp NOT NULL DEFAULT CURRENT_TIMESTAMP ON UPDATE CURRENT_TIMESTAMP,
  PRIMARY KEY (`id`),
  KEY `FK_BOOKINGS_ACCOUNTS` (`account_id`),
  KEY `FK_BOOKINGS_MOVIE_SHOWINGS` (`movie_showings_id`),
  KEY `FK_BOOKINGS_SALES` (`sale_id`),
  CONSTRAINT `FK_BOOKINGS_ACCOUNTS` FOREIGN KEY (`account_id`) REFERENCES `accounts` (`id`) ON DELETE NO ACTION ON UPDATE NO ACTION,
  CONSTRAINT `FK_BOOKINGS_MOVIE_SHOWINGS` FOREIGN KEY (`movie_showings_id`) REFERENCES `movie_showings` (`id`) ON DELETE NO ACTION ON UPDATE NO ACTION,
  CONSTRAINT `FK_BOOKINGS_SALES` FOREIGN KEY (`sale_id`) REFERENCES `sales` (`id`) ON DELETE NO ACTION ON UPDATE NO ACTION
) ENGINE=InnoDB AUTO_INCREMENT=5 DEFAULT CHARSET=utf8mb4 COLLATE=utf8mb4_unicode_ci;

-- Dumping data for table booking_tickets.bookings: ~8 rows (approximately)
/*!40000 ALTER TABLE `bookings` DISABLE KEYS */;
INSERT INTO `bookings` (`id`, `account_id`, `movie_showings_id`, `sale_id`, `code`, `type`, `created_at`) VALUES
	(1, 6, 1, NULL, '5hlyRb9', 0, '2019-06-01 08:10:00'),
	(2, 6, 57, NULL, 'hUmTCvX', 0, '2019-06-10 12:00:00'),
	(3, 6, 58, NULL, 'Js0JS21', 0, '2019-06-10 22:00:00'),
	(4, 6, NULL, 1, 'suA071u', 1, '2019-06-14 11:30:00');
/*!40000 ALTER TABLE `bookings` ENABLE KEYS */;

-- Dumping structure for table booking_tickets.cinemas
DROP TABLE IF EXISTS `cinemas`;
CREATE TABLE IF NOT EXISTS `cinemas` (
  `id` int(10) unsigned NOT NULL AUTO_INCREMENT,
  `name` varchar(50) COLLATE utf8mb4_unicode_ci NOT NULL,
  `icon_url` varchar(100) COLLATE utf8mb4_unicode_ci NOT NULL,
  `view_url` varchar(100) COLLATE utf8mb4_unicode_ci NOT NULL,
  `address` varchar(256) COLLATE utf8mb4_unicode_ci NOT NULL,
  `phone` varchar(20) COLLATE utf8mb4_unicode_ci NOT NULL,
  `operating_hours` varchar(20) COLLATE utf8mb4_unicode_ci NOT NULL,
  `introduce` text COLLATE utf8mb4_unicode_ci NOT NULL,
  `avg_point` float unsigned NOT NULL,
  `cineplex_id` int(10) unsigned NOT NULL,
  PRIMARY KEY (`id`),
  KEY `FK_CINEMAS_CINEPLEX` (`cineplex_id`),
  CONSTRAINT `FK_CINEMAS_CINEPLEX` FOREIGN KEY (`cineplex_id`) REFERENCES `cineplex` (`id`) ON DELETE NO ACTION ON UPDATE NO ACTION
) ENGINE=InnoDB AUTO_INCREMENT=30 DEFAULT CHARSET=utf8mb4 COLLATE=utf8mb4_unicode_ci;

-- Dumping data for table booking_tickets.cinemas: ~29 rows (approximately)
/*!40000 ALTER TABLE `cinemas` DISABLE KEYS */;
INSERT INTO `cinemas` (`id`, `name`, `icon_url`, `view_url`, `address`, `phone`, `operating_hours`, `introduce`, `avg_point`, `cineplex_id`) VALUES
	(1, 'CGV - Pearl Plaza', 'https://drive.google.com/uc?id=1_z9wnHeevMJYpci5__WQdDsT07ZeRLVp', 'https://drive.google.com/uc?id=1t8OpRhhapWpC_kYsQ0P0kqbtr7xjuLyo', 'Lầu 5, Pearl Plaza, 561 Điện Biên Phủ, Bình Thạnh, TP.HCM', '083 510 6788', '8:00 - 23:30', 'CGV Pearl Plaza là một trong những cụm rạp chiếu phim tiêu chuẩn quốc tế của hệ thống rạp chiếu phim CGV tại thị trường Việt Nam. CGV Pearl Plaza đi vào hoạt động với 7 phòng chiếu, gần 800 chỗ ngồi đi kèm công nghệ chiếu phim hiện đại, chắc chắn sẽ mang đến cho khán giả những trải nghiệm điện ảnh đẳng cấp và hoàn toàn khác biệt.', 9.8, 1),
	(2, 'BHD - Bitexco', 'https://drive.google.com/uc?id=1Fuk60XPv5ga18G1tblcMv1LP5wqNKQuo', 'https://drive.google.com/uc?id=16xn7YyMdowfRp2b_E8JZq4jW-wHmc476', 'L3-Bitexco Icon 68, 2 Hải Triều, Q.1, TP.HCM', '028 6267 0670', '8:00 - 24:00', 'Đây là một trong những cụm rạp được đầu tư quy mô nhất hiện nay tại Việt Nam, với tổng diện tích hơn 2.000 m2, bao gồm 7 phòng chiếu được trang bị theo tiêu chuẩn quốc tế. Âm thanh đạt chuẩn Dolby 7.1 với hệ thống cách âm hiện đại, trong đó có 4 phòng 3D,  cùng hơn 1.000 ghế ngồi được thiết kế theo kiểu dáng đẹp mắt và tiện dụng để mang lại sự thoải mái nhất cho khán giả.', 8.5, 2),
	(3, 'GLX - Nguyễn Du', 'https://drive.google.com/uc?id=1rk9g8_RcsUaqMi9BIzFcCICkSndbawHz', 'https://drive.google.com/uc?id=1aO8AdM_BwCEsqj9qagEk36JdijDNdfd7', '116 Nguyễn Du, Q.1, TP.HCM', '1900 2224', '9:00 - 23:00', 'Galaxy Nguyễn Du gồm 5 phòng chiếu với hơn 1000 chỗ ngồi được thiết kế tinh tế giúp khách hàng có thể xem phim một cách thoải mái và thuận tiện. Chất lượng hình ảnh rõ nét, màn hình chiếu kỹ thuật 3D và Digital vô cùng sắc mịn, mang đến một không gian giải trí vô cùng sống động.', 8, 3),
	(4, 'Lotte - Nowzone', 'https://drive.google.com/uc?id=1bthl6vmz7B62oyRj9A5gohb8RypBovjB', 'https://drive.google.com/uc?id=1MsC368wcQHKOjuXpJNhXdFIHv5XOXley', 'L5-Nowzone, 235 Nguyễn Văn Cừ, Q.1, TP.HCM', '028 3926 2255', '8:00 - 24:00', 'Cụm rạp Lotte Cinema Nowzone hoạt động tại Tầng 5 TTTM Nowzone, 235 Nguyễn Văn Cừ, Q1, TP.HCM. Là cụm rạp <i>sinh sau đẻ muộn</i> khi là cụm rạp thứ 6 tại TPHCM của Lotte Cinema, nhưng Lotte Cinema Nowzone vẫn có nhiều điểm nhấn khác biệt với các <i>đàn anh</i> đi trước. Đầu tiên là vị trí thuận lợi bậc nhất khi nằm trên con đường Nguyễn Văn Cừ nhộn nhịp và đông đúc, là đầu mối giao thông của 4 quận trung tâm là Q1, Q3, Q5 và Q10, sát bên nhiều trường THPT và Đại Học, nên rất dễ dàng cho các bạn khán giả trẻ từ khắp nơi đổ về xem phim và thư giãn.', 6.9, 4),
	(5, 'CineBox - Lý Chính Thắng', 'https://drive.google.com/uc?id=1XVxfIUhuAdUrYoxTFqg9D3hJsJFYXBB-', 'https://drive.google.com/uc?id=1Xk2QHIYUUlEqzHoR8hb0s0R-a2t_ZX0N', '212 Lý Chính Thắng, Q.3, TP.HCM', '028 3526 4818', '8:00 - 23:30', 'Hệ thống âm thanh hiện đại DOLBY Digital – được các nhà sản xuất phim lớn trên thế giới công nhận, tại Cinebox, bạn được chúng tôi truyền đạt cảm xúc âm thanh đích thực từ tác phẩm điện ảnh. Cinebox luôn hướng đến một môi trường giải trí thanh lịch và thân thiện, tạo cho bạn cảm giác thoải mái và gần gũi khi thưởng thức cà phê, ăn nhẹ, cùng xem một bộ phim với người yêu, bạn bè hay người thân trong gia đình.', 7.8, 8),
	(6, 'MegaGS - Cao Thắng', 'https://drive.google.com/uc?id=17-aQUOfjscXp2b8HDozTB86LnXflz83D', 'https://drive.google.com/uc?id=1YUhGtrKkDBjlEhTeF4m4ly5uKYTznVLa', '19 Cao Thắng, Q.3, TP.HCM', '028 6264 9911', '8:30 - 23:30', 'So với chất lượng mang lại thì giá cả tại Mega GS lại cực kỳ hấp dẫn. Giá vé phim 2D vào suất sớm trước 11h sáng chỉ 40,000đ đối với ngày thường, và 55,000đ đối với ngày cuối tuần. Đặc biệt ngày thứ 4 vui vẻ MEGA DAY luôn là ngày hấp dẫn nhất với mức giá rẻ nhất trong tuần với chỉ 50,000đ dành cho trẻ em / HS-SV và 55,000đ dành cho người lớn.', 8.2, 6),
	(7, 'DDC - Đống Đa', 'https://drive.google.com/uc?id=1GwEzMWR_uaePfL3aGDqJcBP1S41-Dy5q', 'https://drive.google.com/uc?id=1j2MkSUIOkVIeX3FANnJ7zGlo_QSRYPKi', '890 Trần Hưng Đạo, Q.5, TP.HCM', '028 39 2344833', '8:30 - 23:00', 'DDC gồm 6 phòng chiếu với gần 1000 chỗ ngồi được thiết kế tinh tế giúp khách hàng có thể xem phim một cách thoải mái và thuận tiện nhất. Chất lượng hình ảnh rõ nét, màn hình chiếu kỹ thuật  vô cùng sắc mịn, mang đến một không gian giải trí vô cùng sống động, không những thế giá vé cực kỳ rẻ cũng như combo bắp nước và quà khuyến mãi theo phim cực kool cũng được xem như là một thế mạnh của DDC.', 7.5, 7),
	(8, 'CNS - Hai Bà Trưng', 'https://drive.google.com/uc?id=1q85L57gmNfTp25p7wlgUo-5WSajqNzpF', 'https://drive.google.com/uc?id=17cvqwd36XwZ4nC75IoRyF8uqG6AGRD27', '135 Hai Bà Trưng, Bến Nghé, Q.1, TP.HCM', '028 7300 7279', '8:00 - 23:30', 'Rạp nằm ngay trụng tâm quận 1. Cụm rạp là một không gian giải trí rộng lớn để hẹn bạn bè, sinh nhật, họp báo, café hay đơn giản là selfie. Thức uống ngon, Coca-cola sảng khoái, bắp rang phô mai, caramel bổ dưỡng với giá cả cực chất.  Nhiều events liên tục ra mắt các bộ phim mới và các chương trình khuyến mãi hấp dẫn riêng có tại Cinestar Cinema.', 8, 5),
	(9, 'CNS - Quốc Thanh', 'https://drive.google.com/uc?id=1q85L57gmNfTp25p7wlgUo-5WSajqNzpF', 'https://drive.google.com/uc?id=14l7uW10TFjjHAUVmpd2oOxMDXjgORaeZ', '271 Nguyễn Trãi, Q.1, TP.HCM', '028 7300 8881', '8:00 - 23:30', 'Rạp nằm ngay trụng tâm quận 1. Cụm rạp là một không gian giải trí rộng lớn để hẹn bạn bè, sinh nhật, họp báo, café hay đơn giản là selfie. Thức uống ngon, Coca-cola sảng khoái, bắp rang phô mai, caramel bổ dưỡng với giá cả cực chất.  Nhiều events liên tục ra mắt các bộ phim mới và các chương trình khuyến mãi hấp dẫn riêng có tại Cinestar Cinema.', 7.5, 5),
	(10, 'CGV - Sư Vạn Hạnh', 'https://drive.google.com/uc?id=1_z9wnHeevMJYpci5__WQdDsT07ZeRLVp', 'https://drive.google.com/uc?id=1K90OWapTgbWcgGgrwSf0idwKiPEi0IhC', 'Tầng 6 Vạn Hạnh Mall, 11 Sư Vạn Hạnh, Quận 10, TP.HCM', '028 3862 5588', '8:00 - 23:30', 'Cũng như các cụm rạp khác trên toàn quốc, rạp Sư Vạn Hạnh vẫn được thiết kế theo phong cách retro cổ điển, quen thuộc. Tuy nhiên với lợi thế không gian lớn, rạp được bố trí đẹp mắt với những điểm nhấn ấn tượng đủ để khán giả đến với rạp mê mẩn và thỏa sức chụp ảnh tại bất kỳ góc nào của rạp.\r\n\\nMỗi phòng chiếu phim được trang bị hệ thống ghế ngồi êm ái, mang lại cảm giác thoải mái cho người xem khi theo dõi một tác phẩm có thời lượng khoảng hai tiếng đồng hồ. Hệ thống màn hình và âm thanh tiêu chuẩn quốc tế, mang lại những hình ảnh sắc nét và đầy cảm xúc dành cho khán giả khi theo dõi phim.', 9.5, 1),
	(11, 'CGV - Golden Plaza', 'https://drive.google.com/uc?id=1_z9wnHeevMJYpci5__WQdDsT07ZeRLVp', 'https://drive.google.com/uc?id=1Bn2Uy5J75U4oZ2QV2J0BL4dhInfmZtRY', 'Tầng 4, Trung tâm thương mại Golden Plaza, 922 Nguyễn Trãi, P.14, Q.5, TP.HCM', '1900 6017', '8:00 - 23:30', 'Chính thức khai trương CGV Golden Plaza - cụm rạp thứ 40, tọa lạc tại tầng 4, Trung tâm thương mại Golden Plaza (922 Nguyễn Trãi, Phường 14, Quận 5, TP. HCM). Đây là hệ thống rạp chiếu thứ 2 khai trương sau CGV Vincom Trà Vinh, tính từ đầu năm 2017, nhằm tiếp tục mang đến những trải nghiệm điện ảnh chất lượng cao cho khán giả yêu phim trên cả nước.', 7.6, 1),
	(12, 'CGV - Vincom Landmark 81', 'https://drive.google.com/uc?id=1_z9wnHeevMJYpci5__WQdDsT07ZeRLVp', 'https://drive.google.com/uc?id=1KwNoT7CrOqMe2dEL2cVYidsM2BlINvrB', 'T B1 , TTTM Vincom Center Landmark 81, 772 Điện Biên Phủ, P.22, Q.Bình Thạnh, TP.HCM', '1900 6017', '8:00 - 23:30', 'Cũng như các cụm rạp khác trên toàn quốc, rạp Landmark81 vẫn được thiết kế theo phong cách retro cổ điển, quen thuộc. Tuy nhiên với lợi thế không gian lớn, rạp được bố trí đẹp mắt với những điểm nhấn ấn tượng đủ để khán giả đến với rạp mê mẩn và thỏa sức chụp ảnh tại bất kỳ góc nào của rạp.\r\n\\nMỗi phòng chiếu phim được trang bị hệ thống ghế ngồi êm ái, mang lại cảm giác thoải mái cho người xem khi theo dõi một tác phẩm có thời lượng khoảng hai tiếng đồng hồ. Hệ thống màn hình và âm thanh tiêu chuẩn quốc tế, mang lại những hình ảnh sắc nét và đầy cảm xúc dành cho khán giả khi theo dõi phim.', 10, 1),
	(13, 'CGV - Vincom Đồng Khởi', 'https://drive.google.com/uc?id=1_z9wnHeevMJYpci5__WQdDsT07ZeRLVp', 'https://drive.google.com/uc?id=1lyFRaP9Szi2uema8oaLSKZp8cwKezYEa', 'Tầng 3, TTTM Vincom Center B, 72 Lê Thánh Tôn, Bến Nghé, Q.1, TP.HCM', '1900 6017', '8:00 - 23:30', 'CGV Vincom Đồng Khởi đi vào hoạt động với 8 phòng chiếu được trang bị hệ thống hiện đại. Đây là một trong những hệ thống rạp chiếu nằm ở vị trí trung tâm của CGV, hứa hẹn là điểm đến thường xuyên của các tín đồ điện ảnh, cũng như là địa điểm lý tưởng để tổ chức các sự kiện sang trọng.', 10, 1),
	(14, 'CGV - Crescent Mall', 'https://drive.google.com/uc?id=1_z9wnHeevMJYpci5__WQdDsT07ZeRLVp', 'https://drive.google.com/uc?id=1trHYbZlAyxdtp6kvaZ9BWfP4bVYQd-5n', 'Lầu 5, Crescent Mall, Đại lộ Nguyễn Văn Linh, Phú Mỹ Hưng, Q.7, TP.HCM', '028 5412 2222', '8:00 - 23:30', 'CGV Crescent Mall có hệ thống phòng chiếu mới và hiện đại nhất: 8 phòng chiếu với hơn 1,200 ghế ngồi trên diện tích hơn 2000 m2. Chính sự rộng rãi đó đã mang lại một không gian hoàn toàn thoải mái cho dân ghiền phim. Hệ thống âm thanh kỹ thuật số 7.1 hỗ trợ tối đa cho các phim hành động, phiêu lưu tạo nên cảm giác sống động, chân thực.', 9.1, 1),
	(15, 'CGV - Aeon Bình Tân', 'https://drive.google.com/uc?id=1_z9wnHeevMJYpci5__WQdDsT07ZeRLVp', 'https://drive.google.com/uc?id=1hDFiAqpPkUbgyUEzMsQs_CE0S_yUqLn7', 'Tầng 3, TTTM Aeon Mall Bình Tân, Số 1 đường số 17A, khu phố 11, Bình Trị Đông B, Bình Tân, TP.HCM', '083 620 2299', '8:00 - 23:30', 'CGV Aeon Mall Bình Tân hoạt động tại tầng 3, nằm trong khu vực TTTM Aeon Mall Bình Tân (tổng diện tích sàn 114.000m2, Lô PT1, Hi-tech Healthcare Park, 532A Kinh Dương Vương, phường Bình Trị Đông B, Quận Bình Tân, TP.Hồ Chí Minh). Được trang bị 7 phòng chiếu hiện đại, đặc biệt là phòng chiếu STARIUM LASER, CGV Aeon Mall Bình Tân là một trong những cụm rạp lớn nhất của CJ CGV tại Việt Nam với tổng số hơn 1.200 ghế ngồi. Đây cũng hứa hẹn sẽ là một điểm sáng giải trí của người dân khu vực Bình Tân và lân cận.', 9, 1),
	(16, 'CGV - Thảo Điền Pearl', 'https://drive.google.com/uc?id=1_z9wnHeevMJYpci5__WQdDsT07ZeRLVp', 'https://drive.google.com/uc?id=1mD0wlKxehAQLuhS-cYsfrruVt2wBU4wd', 'Tầng 2, Thảo Điền Mall, 12 Quốc Hương, Thảo Điền, Q.2, TP.HCM', '028 3519 3000', '8:00 - 23:30', 'CGV Thảo Điền Pearl tọa lạc tại tầng 2 Thảo Điền Mall, số 12 Quốc Hương, phường Thảo Điền, Quận 2, Tp.HCM hoạt động với 6 phòng chiếu (4 phòng 2D, 2 phòng 3D), tổng số ghế 615. Được coi là vị trí đặc biệt kết nối cửa ngõ phía Đông với trung tâm thành phố Hồ Chí Minh, nơi giao điểm giữa các tuyến đường giao thông huyết mạch của thành phố, CGV Thảo Điền Pearl dự kiến sẽ là điểm đến thuận tiện kết nối cộng đồng những người yêu điện ảnh của thành phố mang tên Bác.', 8, 1),
	(17, 'CGV - Pandora City', 'https://drive.google.com/uc?id=1_z9wnHeevMJYpci5__WQdDsT07ZeRLVp', 'https://drive.google.com/uc?id=1LlCxE9SSvcnEghKccOG4TdclnvHG7n16', 'Lầu 3, Pandora City, 1/1 Trường Chinh, Tân Phú, TP.HCM', '028 3812 3000', '8:00 - 23:30', 'CGV Pandora City được đặt trong trung tâm mua bán phức hợp mới và hiện đại nhất tại khu vực quận Tân Phú và Tân Bình. Sự kết hợp giữa CGV Cinemas với những thương hiệu mua sắm và ẩm thực tại Pandora City sẽ mang đến cho cộng đồng sự tiện lợi khi cùng khám phá những giá trị và trải nghiệm giải trí thú vị.', 5, 1),
	(18, 'CGV - Hùng Vương Plaza', 'https://drive.google.com/uc?id=1_z9wnHeevMJYpci5__WQdDsT07ZeRLVp', 'https://drive.google.com/uc?id=1nOu6IDx0QABaonS98WwYw5YjJ-_p1sBr', 'Lầu 7, 126 Hùng Vương, Q.5, TP.HCM', '028 2222 0388', '8:00 - 23:30', 'CGV Hùng Vương Plaza là một trong số ít những trung tâm mua sắm tiện nghi và sang trọng ở Việt Nam gồm 3 tầng mua sắm với các gian hàng cao cấp của Parkson, khu food court, nhà hàng, games video và bowling cùng các tiện ích giải trí khác. CGV Cinemas nằm ở tầng 7, trung tâm mua sắm Hùng Vương. Tại đây, bạn có thể sử dụng hoặc thang máy hoặc thang cuốn để lên tầng 7.', 8, 1),
	(19, 'BHD - Vincom Thảo Điền', 'https://drive.google.com/uc?id=1Fuk60XPv5ga18G1tblcMv1LP5wqNKQuo', 'https://drive.google.com/uc?id=1biWOVIHq0BV-Wuafkfzk_noumY4cEvJF', 'Lầu 5, Megamall, 159 XL Hà Nội, Q.2, TP.HCM', '028 3744 6969', '8:00 - 24:00', 'Cụm rạp mới BHD Star Mega Mall Thảo Điền toạ lạc tại lầu 5 của TTTM Vincom. Với tầm vóc thương mại và thương hiệu có tiếng của các TTTM Vincom cũng như quy mô đầu tư chất lượng quốc tế của tập đoàn BHD, thì rõ ràng đây lại là một sự kết hợp tuyệt vời nữa giữa giải trí và mua sắm, thiên đường cho các gia đình và các bạn trẻ hội tụ.', 8.7, 2),
	(20, 'BHD - Vincom 3/2', 'https://drive.google.com/uc?id=1Fuk60XPv5ga18G1tblcMv1LP5wqNKQuo', 'https://drive.google.com/uc?id=1MfYJxYjZ7pGi3AJ008JQRhGbtoJvJ2MJ', 'Lầu 5, Vincom 3/2, 3C Đường 3/2, Q.10, TP.HCM', '028 6264 5820', '8:30 - 23:30', 'Tọa lạc tại tầng 4 của Trung tâm mua sắm Vincom (3C, đường 3 Tháng 2, P.12, Q.10 – TP.HCM), BHD Star Cinema có 5 phòng chiếu 2D và 3D được trang bị hệ thống âm thanh, trang thiết bị nội thất hiện đại, với tổng số ghế là 666.', 7.8, 2),
	(21, 'BHD - Vincom Quang Trung', 'https://drive.google.com/uc?id=1Fuk60XPv5ga18G1tblcMv1LP5wqNKQuo', 'https://drive.google.com/uc?id=1DZjVLmsR87S_cI8eJkq7elmuZHx1oqVE', 'B1-Vincom QT, 190 Quang Trung, Gò Vấp, TP.HCM', '028 3989 2468', '8:30 - 23:30', 'Cụm rạp BHD Star Quang Trung toạ lạc tại tầng B1, TTTM Vincom Quang Trung, 190 Quang Trung, P.10, Gò Vấp là sự kết hợp tuyệt vời giữa mô hình TTTM và giải trí. Tại đây khán giả có thể vừa thoả sức mua sắm với hệ thống siêu thị Vinmart, các gian hàng hoá/ mỹ phẩm, khu thời trang cao cấp, ẩm thực thuộc TTTM Vincom; vừa có thể tận hưởng không gian giải trí mang đậm phong cách Việt Nam nhưng lại hiện đại không kém so với quốc tế.', 8.4, 2),
	(22, 'BHD - Vincom Lê Văn Việt', 'https://drive.google.com/uc?id=1Fuk60XPv5ga18G1tblcMv1LP5wqNKQuo', 'https://drive.google.com/uc?id=1pIMnJ6p5-d5zqNRE9j1IIDny9nYVXKox', 'Lầu 4, Vincom Plaza, 50 Lê Văn Việt, Q.9, TP.HCM', '028 3736 7070', '8:30 - 23:30', 'Với quy mô 6 phòng chiếu kỹ thuật số 2D/3D và gần 1000 ghế ngồi, cụm rạp BHD Star Vincom Lê Văn Việt sẽ đón tiếp những khán giả hâm mộ điện ảnh bằng các chương trình khuyến mãi vô cùng hấp dẫn.', 7, 2),
	(23, 'BHD - Phạm Hùng', 'https://drive.google.com/uc?id=1Fuk60XPv5ga18G1tblcMv1LP5wqNKQuo', 'https://drive.google.com/uc?id=1QBB-LzECZchlNXMGUyDsXexjtaqVDWNZ', 'Lầu 4, Satra Phạm Hùng, C6/27 Phạm Hùng, Bình Chánh, TP.HCM', '028 3758 9142', '8:30 - 23:30', 'Cụm rạp mới BHD Star Phạm Hùng được xây dựng theo tiêu chuẩn thiết kế nội thất hoàn toàn mới, có tổng cộng 6 phòng chiếu kỹ thuật số, bao gồm phòng chiếu 2D và 3D với tổng cộng 1050 ghế. Tất cả các phòng chiếu đều được trang bị các hệ thống máy chiếu và âm thanh tốt nhất trên thị trường.', 6.5, 2),
	(24, 'GLX - Quang Trung', 'https://drive.google.com/uc?id=1rk9g8_RcsUaqMi9BIzFcCICkSndbawHz', 'https://drive.google.com/uc?id=1e8kpARPM-NbmsJIHYL8hB3YGfBX7v331', 'Lầu 3, Co.opmart Foodcosa, 304A Quang Trung, Gò Vấp, TP.HCM', '028 3589 7899', '9:00 - 23:00', 'Galaxy Quang Trung nằm trọn lầu 3 của khu phức hợp với diện tích gần 2.500m2, có 7 phòng chiếu với 1.200 chỗ ngồi. Toàn bộ cụm rạp sử dụng các thiết bị và công nghệ tân tiến nhất trên thế giới hiện nay như công nghệ âm thanh Dolby 7.1, công nghệ hình ảnh Digital, chiếu cả phim 2D và 3D.', 8.3, 3),
	(25, 'GLX - Phạm Văn Chí', 'https://drive.google.com/uc?id=1rk9g8_RcsUaqMi9BIzFcCICkSndbawHz', 'https://drive.google.com/uc?id=1KdCqYs3IdMN1WCfPPFPpIDWEdEReOwLl', 'Lầu 5, TTTM Platinum Plaza, 634 Phạm Văn Chí, Q.6, TP.HCM', '1900 2224', '9:00 - 23:00', 'Với trang thiết bị hiện đại, màn hình rộng sắc nét và hệ thống âm thanh vòm Dolby 7.1, Galaxy Phạm Văn Chí sẽ mang đến cho khán giả những trải nghiệm sống động, đáp ứng tối đa nhu cầu thưởng thức phim ảnh. Với không gian rạp trẻ trung, đội ngũ nhân viên thân thiện, Galaxy Phạm Văn Chí sẽ là điểm đến mới của giới trẻ khu vực quận 6, quận 5, quận 8, quận Bình Tân và huyện Bình Chánh.', 8.8, 3),
	(26, 'GLX - Kinh Dương Vương', 'https://drive.google.com/uc?id=1rk9g8_RcsUaqMi9BIzFcCICkSndbawHz', 'https://drive.google.com/uc?id=1jCIC6sToZ5sedEX_lcfdQ271P1u9Umb0', '718bis Kinh Dương Vương, Q.6, TP.HCM', '028 3817 2398', '9:00 - 23:00', 'Với quy mô 7 phòng chiếu được thiết kế theo đúng chuẩn quốc tế, ghế ngồi được các nhà thiết kế rạp đầy kinh nghiệm thiết kế với khoảng cách rộng rãi, có độ nhún tạo cảm giác thư giãn như ở nhà. Điều đặc biệt mà Galaxy Cinema đem đến cho khán giả là tất cả các phòng chiếu đều được trang bị những thiết bị hiện đại nhất hiện nay: âm thanh Dolby 7.1, màn hình chiếu kỹ thuật 3D và Digital vô cùng mịn, sắc nét đến từng phút giây.', 8.9, 3),
	(27, 'Lotte - Cộng Hòa', 'https://drive.google.com/uc?id=1bthl6vmz7B62oyRj9A5gohb8RypBovjB', 'https://drive.google.com/uc?id=1kR-hjEKQWdAWIO_Q04Z7gc_RLO66AiFx', 'Lầu 4, Pico Plaza, 20 Cộng Hòa, Tân Bình, TP.HCM', '028 3811 6333', '8:00 - 24:00', 'Lotte Cinema Cộng Hoà là cụm rạp thứ 8 của hệ thống rạp Lotte Cinema. Cụm rạp này bao gồm 6 phòng chiếu cao cấp, sở hữu đầy đủ các tính năng mới nhất của điện ảnh thế giới như Dolby Atmos, công nghệ màn ảnh Digital, ghế đôi (couple-seat) cao cấp, và đặc biệt, đây là cụm rạp đầu tiên tại Việt Nam có phòng chờ dành cho những khách hàng V.I.P.', 7.3, 4),
	(28, 'Lotte - Diamond', 'https://drive.google.com/uc?id=1bthl6vmz7B62oyRj9A5gohb8RypBovjB', 'https://drive.google.com/uc?id=1PgXMr8bf02WE6D8rL9BU3dtJmeM543nj', 'Lầu 13, Diamond Plaza, 34 Lê Duẩn, Q.1, TP.HCM', '028 3811 6333', '8:00 - 24:00', 'Cũng với thiết kế đặc trưng của các cụm rạp Lotte như sàn trải thảm đỏ, ghế ngồi chờ giống quầy bar, nhưng cụm rạp Lotte Diamond có diện tích khả nhỏ và không có độ lộng lẫy “Hollywood” nếu so với cụm rạp Lotte Nam Sài Gòn.', 8.4, 4),
	(29, 'Lotte - Phú Thọ', 'https://drive.google.com/uc?id=1bthl6vmz7B62oyRj9A5gohb8RypBovjB', 'https://drive.google.com/uc?id=1FmzWHe6aSB_8diKGt2zcGgG6oCK1c1sI', 'Lầu 4, Lotte Mart Phú Thọ, Q.11, TP.HCM', '028 6264 2603', '8:00 - 24:00', 'Lotte Cinema Phú Thọ là cụm rạp thứ 12 của Lotte Cinema Việt Nam. Lotte Cinema Phú Thọ có 4 phòng chiếu 2D và 3D hiện đại, hình ảnh sống động, sắc nét với hệ thống âm thanh Dobby Surround tạo hiệu ứng điện ảnh tuyệt vời.', 8.2, 4);
/*!40000 ALTER TABLE `cinemas` ENABLE KEYS */;

-- Dumping structure for table booking_tickets.cineplex
DROP TABLE IF EXISTS `cineplex`;
CREATE TABLE IF NOT EXISTS `cineplex` (
  `id` int(10) unsigned NOT NULL AUTO_INCREMENT,
  `icon_url` varchar(100) COLLATE utf8mb4_unicode_ci NOT NULL,
  `name` varchar(50) COLLATE utf8mb4_unicode_ci NOT NULL,
  PRIMARY KEY (`id`)
) ENGINE=InnoDB AUTO_INCREMENT=9 DEFAULT CHARSET=utf8mb4 COLLATE=utf8mb4_unicode_ci;

-- Dumping data for table booking_tickets.cineplex: ~8 rows (approximately)
/*!40000 ALTER TABLE `cineplex` DISABLE KEYS */;
INSERT INTO `cineplex` (`id`, `icon_url`, `name`) VALUES
	(1, 'https://drive.google.com/uc?id=1_z9wnHeevMJYpci5__WQdDsT07ZeRLVp', 'CGV Cinemas'),
	(2, 'https://drive.google.com/uc?id=1Fuk60XPv5ga18G1tblcMv1LP5wqNKQuo', 'BHD Star Cineplex'),
	(3, 'https://drive.google.com/uc?id=1rk9g8_RcsUaqMi9BIzFcCICkSndbawHz', 'Galaxy Cinema'),
	(4, 'https://drive.google.com/uc?id=1bthl6vmz7B62oyRj9A5gohb8RypBovjB', 'Lotte Cinema'),
	(5, 'https://drive.google.com/uc?id=1q85L57gmNfTp25p7wlgUo-5WSajqNzpF', 'CineStar'),
	(6, 'https://drive.google.com/uc?id=17-aQUOfjscXp2b8HDozTB86LnXflz83D', 'Mega GS'),
	(7, 'https://drive.google.com/uc?id=1GwEzMWR_uaePfL3aGDqJcBP1S41-Dy5q', 'DDC - Đống Đa'),
	(8, 'https://drive.google.com/uc?id=1XVxfIUhuAdUrYoxTFqg9D3hJsJFYXBB-', 'Cụm rạp khác');
/*!40000 ALTER TABLE `cineplex` ENABLE KEYS */;

-- Dumping structure for table booking_tickets.combos
DROP TABLE IF EXISTS `combos`;
CREATE TABLE IF NOT EXISTS `combos` (
  `id` int(10) unsigned NOT NULL AUTO_INCREMENT,
  `name` varchar(100) COLLATE utf8mb4_unicode_ci NOT NULL,
  `price` double NOT NULL,
  `img_url` varchar(100) COLLATE utf8mb4_unicode_ci DEFAULT NULL,
  `description` text COLLATE utf8mb4_unicode_ci,
  `cinema_id` int(10) unsigned NOT NULL,
  PRIMARY KEY (`id`),
  KEY `FK_COMBOS_CINEMAS` (`cinema_id`),
  CONSTRAINT `FK_COMBOS_CINEMAS` FOREIGN KEY (`cinema_id`) REFERENCES `cinemas` (`id`)
) ENGINE=InnoDB AUTO_INCREMENT=7 DEFAULT CHARSET=utf8mb4 COLLATE=utf8mb4_unicode_ci;

-- Dumping data for table booking_tickets.combos: ~6 rows (approximately)
/*!40000 ALTER TABLE `combos` DISABLE KEYS */;
INSERT INTO `combos` (`id`, `name`, `price`, `img_url`, `description`, `cinema_id`) VALUES
	(1, 'CAPTAIN MARVEL COMBO', 279000, 'https://drive.google.com/uc?id=1rsrp5XEpPKU4UqBDqfcu0QnSUhcqwK78', 'Đón chào Tháng 3 với sức mạnh vô song đến từ Captain Marvel.', 1),
	(2, 'GUDETAMA COMBO', 639000, 'https://drive.google.com/uc?id=1kVC0ZoDiIrYiTfEJzQwccHA8vS2lh7B8', 'GUDETAMA – Bé trứng lười đã xuất hiện tại CGV.', 1),
	(3, 'WHITE VALENTINE COMBO', 269000, 'https://drive.google.com/uc?id=1Em8j2cCneOb8QpSaLqycIrenle-M-rhc', 'COMBO TÌNH YÊU CHO NGÀY VALENTINE TRẮNG NGỌT LỊM!', 1),
	(4, 'SJORA - NƯỚC TRÁI CÂY VỊ ĐÀO VÀ XOÀI', 39000, 'https://drive.google.com/uc?id=1Dl1q_2-wyK7bB1CCMO2mkBIDgTEfyEq-', 'Sjora – nước trái cây vị Đào và Xoài huyền thoại của đất nước Singapore và Malaysia nay đã có mặt tại CGV Việt Nam.', 1),
	(5, 'BÁNH WAFFLE - GIÒN THƠM KHÓ CƯỠNG', 39000, 'https://drive.google.com/uc?id=1_WXSm8eFwIIviLCPGT2R2jzc21BKa6e2', 'Bánh nướng Waffle giòn thơm đã có mặt tại CGV .', 1),
	(6, 'PIZZA NÓNG HỔI, VỪA THỔI VỪA ĂN', 115000, 'https://drive.google.com/uc?id=1DVo1RDZKntGwyVjYbH6tegjhMv6O6bHc', 'Sản phẩm Pizza mới được làm thủ công hoàn toàn theo phong cách Ý. Đế bánh được làm từ bột mì cao cấp để đảm bảo được chất lượng và hương vị tốt nhất. Các thành phần phủ bánh được chọn lọc kỹ lưỡng giữ nguyên hương vị tươi mới cho sản phẩm. Cà chua và phô mai được nhập khẩu từ Ý, giữ đúng nguyên bản hương vị truyền thống.', 1);
/*!40000 ALTER TABLE `combos` ENABLE KEYS */;

-- Dumping structure for table booking_tickets.events
DROP TABLE IF EXISTS `events`;
CREATE TABLE IF NOT EXISTS `events` (
  `id` int(10) unsigned NOT NULL AUTO_INCREMENT,
  `name` varchar(256) COLLATE utf8mb4_unicode_ci NOT NULL,
  `img_url` varchar(100) COLLATE utf8mb4_unicode_ci NOT NULL,
  `video_url` varchar(100) COLLATE utf8mb4_unicode_ci NOT NULL,
  `release_date` date NOT NULL,
  `time` time NOT NULL,
  `organizer` varchar(100) COLLATE utf8mb4_unicode_ci NOT NULL,
  `category` int(10) unsigned NOT NULL,
  `description` text COLLATE utf8mb4_unicode_ci NOT NULL,
  PRIMARY KEY (`id`)
) ENGINE=InnoDB AUTO_INCREMENT=8 DEFAULT CHARSET=utf8mb4 COLLATE=utf8mb4_unicode_ci;

-- Dumping data for table booking_tickets.events: ~7 rows (approximately)
/*!40000 ALTER TABLE `events` DISABLE KEYS */;
INSERT INTO `events` (`id`, `name`, `img_url`, `video_url`, `release_date`, `time`, `organizer`, `category`, `description`) VALUES
	(1, 'Việt Nam vs. Jordan', 'https://drive.google.com/uc?id=1FuLliJ8w-yR-iMZ5ZLeD17bNDcU-jOPu', 'https://www.youtube.com/embed/BK37WG6eoqY', '2019-06-20', '19:00:00', 'Liên đoàn Bóng đá Việt Nam  - VFF', 0, 'ĐTQG Việt Nam vs.  ĐTQG Jordan | Bảng C - Vòng loại Asian Cup 2019'),
	(2, 'Việt Nam vs. Philipines', 'https://drive.google.com/uc?id=1W-RyEA_Z8SrKzClKS4HXUO3QWFBIvLyQ', 'https://www.youtube.com/embed/QNagp1_Tc28', '2019-06-23', '19:30:00', 'Liên đoàn Bóng đá Việt Nam  - VFF', 0, 'ĐTQG Việt Nam vs. ĐTQG Philipines | Vòng bán kết lượt đi AFF Suzuki Cup 2019'),
	(3, 'Hà Nội vs. Bình Dương', 'https://drive.google.com/uc?id=1rE2C61lDtkXN8hc8jktD7Qv_U1SOVMz3', 'https://www.youtube.com/embed/0YmPaYtNaNo', '2019-06-26', '16:00:00', 'Công ty Cổ phần Bóng đá chuyên nghiệp Việt Nam - VPF', 0, 'Hà Nội và cơ hội đòi nợ Bình Dương ở Siêu Cup quốc gia 2019'),
	(4, 'Việt Nam vs. Malaysia', 'https://drive.google.com/uc?id=1vQwy0JQm8H-uUp7qNiljjykLxeob9oxb', 'https://www.youtube.com/embed/WvdpImavAMY', '2019-06-29', '16:00:00', 'Liên đoàn Bóng đá Việt Nam  - VFF', 0, 'ĐTQG Việt Nam-  ĐTQG Malaysia | Vòng bảng AFF Suzuki Cup 2019'),
	(5, 'Việt Nam vs. Indonesia', 'https://drive.google.com/uc?id=19qcCvhHvgaN5zvjApcKcWhZz8prfkgHI', 'https://www.youtube.com/embed/NG4AX_I6GME', '2019-07-02', '16:30:00', 'Liên đoàn Bóng đá thế giới - FIFA', 0, 'Giải World - Friendlies'),
	(6, 'Việt Nam vs. Nhật Bản', 'https://drive.google.com/uc?id=1rbwAJcaanCIVxUqFyPgrC7Nt1yq-FHHU', 'https://www.youtube.com/embed/PVA-GowTEa8', '2019-07-05', '17:00:00', 'Liên đoàn bóng đá châu Á - AFC', 0, 'Giải Asian Cup 2019'),
	(7, 'Việt Nam - Yamen', 'https://drive.google.com/uc?id=1Nbe-tKBs069_-a1JMyh-4DwW8McWJv9l', 'https://www.youtube.com/embed/Wuxob7abUPI', '2019-07-08', '18:00:00', 'Liên đoàn bóng đá châu Á - AFC', 0, 'Giải Asian Cup 2019');
/*!40000 ALTER TABLE `events` ENABLE KEYS */;

-- Dumping structure for procedure booking_tickets.insertSeatsForVenues
DROP PROCEDURE IF EXISTS `insertSeatsForVenues`;
DELIMITER //
//
DELIMITER ;

-- Dumping structure for table booking_tickets.locations
DROP TABLE IF EXISTS `locations`;
CREATE TABLE IF NOT EXISTS `locations` (
  `id` int(10) unsigned NOT NULL AUTO_INCREMENT,
  `name` varchar(50) COLLATE utf8mb4_unicode_ci NOT NULL,
  `total_seats` int(10) unsigned NOT NULL,
  `type` int(10) unsigned NOT NULL,
  PRIMARY KEY (`id`)
) ENGINE=InnoDB AUTO_INCREMENT=26 DEFAULT CHARSET=utf8mb4 COLLATE=utf8mb4_unicode_ci ROW_FORMAT=COMPACT;

-- Dumping data for table booking_tickets.locations: ~25 rows (approximately)
/*!40000 ALTER TABLE `locations` DISABLE KEYS */;
INSERT INTO `locations` (`id`, `name`, `total_seats`, `type`) VALUES
	(1, 'Sân vận động Thống Nhất', 15000, 1),
	(2, 'Sân vận động Quốc gia Mỹ Đình', 40192, 1),
	(3, 'Sân vận động Hàng Đẫy', 22500, 1),
	(4, 'Rạp CGV-01', 100, 0),
	(5, 'Rạp CGV-02', 100, 0),
	(6, 'Rạp CGV-03', 100, 0),
	(7, 'Rạp BHD-01', 100, 0),
	(8, 'Rạp BHD-02', 100, 0),
	(9, 'Rạp BHD-03', 100, 0),
	(10, 'Rạp GLX-01', 100, 0),
	(11, 'Rạp GLX-02', 100, 0),
	(12, 'Rạp GLX-03', 100, 0),
	(13, 'Rạp LC-01', 100, 0),
	(14, 'Rạp LC-02', 100, 0),
	(15, 'Rạp LC-03', 100, 0),
	(16, 'Rạp CB-01', 100, 0),
	(17, 'Rạp CB-02', 100, 0),
	(18, 'Rạp CB-03', 100, 0),
	(19, 'Rạp MGS-01', 100, 0),
	(20, 'Rạp MGS-02', 100, 0),
	(21, 'Rạp MGS-03', 100, 0),
	(22, 'Sân vận động Gò Đậu', 18250, 1),
	(23, 'Sân vận động Chi Lăng', 30000, 1),
	(24, 'Sân vận động Cần Thơ', 60000, 1),
	(25, 'Sân vận động Tự Do', 25000, 1);
/*!40000 ALTER TABLE `locations` ENABLE KEYS */;

-- Dumping structure for table booking_tickets.movies
DROP TABLE IF EXISTS `movies`;
CREATE TABLE IF NOT EXISTS `movies` (
  `id` int(10) unsigned NOT NULL AUTO_INCREMENT,
  `name` varchar(256) COLLATE utf8mb4_unicode_ci NOT NULL,
  `img_url` varchar(100) COLLATE utf8mb4_unicode_ci NOT NULL,
  `trailer_url` varchar(100) COLLATE utf8mb4_unicode_ci NOT NULL,
  `score` double unsigned NOT NULL,
  `description` text COLLATE utf8mb4_unicode_ci NOT NULL,
  `min_age` int(10) unsigned NOT NULL,
  `director` varchar(256) COLLATE utf8mb4_unicode_ci NOT NULL,
  `cast` varchar(1024) COLLATE utf8mb4_unicode_ci NOT NULL,
  `running_time` varchar(50) COLLATE utf8mb4_unicode_ci NOT NULL,
  `genre` varchar(50) COLLATE utf8mb4_unicode_ci NOT NULL,
  `initial_release` date NOT NULL,
  PRIMARY KEY (`id`)
) ENGINE=InnoDB AUTO_INCREMENT=15 DEFAULT CHARSET=utf8mb4 COLLATE=utf8mb4_unicode_ci;

-- Dumping data for table booking_tickets.movies: ~14 rows (approximately)
/*!40000 ALTER TABLE `movies` DISABLE KEYS */;
INSERT INTO `movies` (`id`, `name`, `img_url`, `trailer_url`, `score`, `description`, `min_age`, `director`, `cast`, `running_time`, `genre`, `initial_release`) VALUES
	(1, 'Captain Marvel', 'https://drive.google.com/uc?id=13CthOX7v05pn-yE6z5xJaFd5xmW_FeVl', 'https://www.youtube.com/embed/Z1BCujX3pw8', 8.1, 'Lấy bối cảnh những năm 90s, Captain Marvel là một cuộc phiêu lưu hoàn toàn mới đến với một thời kỳ chưa từng xuất hiện trong vũ trụ điện ảnh Marvel. Bộ phim kể về con đường trở thành siêu anh hùng mạnh mẽ nhất vũ trụ của Carol Danvers. Bên cạnh đó, trận chiến ảnh hưởng đến toàn vũ trụ giữa tộc Kree và tộc Skrull đã lan đến Trái Đất, liệu Danvers và các đồng minh có thể ngăn chặn binh đoàn Skrull cũng như các thảm họa tương lai?', 13, 'Anna Boden, Ryan Fleck', 'Brie Larson, Samuel L Jackson, Ben Mendelsohn,...', '129 phút', 'Hành Động, Phiêu Lưu', '2019-02-27'),
	(2, 'Công viên kỳ diệu', 'https://drive.google.com/uc?id=1kCDL0c5906PXyPyFikTvHIKjlm-l6bAU', 'https://www.youtube.com/embed/U-pFuw9LEgg', 7.6, 'Một công viên lung linh, kỳ ảo được tạo nên bởi trí tưởng tượng vô tận của những đứa trẻ.', 6, 'Robert Iscove, Clare Kilner, David Feiss', 'Brianna Denski, Jennifer Garner, Ken Hudson Campbell', '91 phút', 'Hoạt Hình, Phiêu Lưu', '2019-03-14'),
	(3, 'Hạnh phúc của mẹ', 'https://drive.google.com/uc?id=10xhsb61luO2D-6O4zOy-PIWQkJYTYGmJ', 'https://www.youtube.com/embed/ct5ooLDbi40', 7.5, 'Hạnh Phúc Của Mẹ là hành trình người mẹ đơn thân, nghèo khó và nhiều bệnh tật Tuệ (Cát Phượng) giúp con trai Tim mắc hội chứng tự kỷ (bé Huy Khang) thực hiện đam mê nhảy múa, sống hào hứng mỗi ngày…', 6, 'Huỳnh Đông', 'Cát Phượng, Kiều Minh Tuấn, bé Huy Khang,…', '93 phút', 'Tâm Lý', '2019-03-08'),
	(4, 'Yêu nhầm bạn thân', 'https://drive.google.com/uc?id=1g4cyR-ALZDybqLckiRMzct4_Jv6bHALA', 'https://www.youtube.com/embed/i8X2hXPd1XU', 8, 'Friend Zone xoay quanh mối tình đơn phương của Palm – một tiếp viên hàng không. Ngay từ lúc còn ngồi trên ghế nhà trường, anh đã thầm yêu Gink, nhưng sau đó, quyết định giữ tình bạn thân thiết. Nhưng điều gi sẽ xảy ra khi một ngày kia Gink quyết định có bạn trai?', 16, 'Chayanop ‘Mu’ Boonprakob', 'Pimchanok “Baifern” Leuwisetpaiboon, Naphat “Nine” Siangsomboon, Jason Young', '120 phút', 'Hài, Tình cảm', '2019-03-15'),
	(5, 'Chúa quỷ', 'https://drive.google.com/uc?id=1_rdDGBLNMRMwrFxQ07NO1vZDIB6p7_fj', 'https://www.youtube.com/embed/P--oOfNyDwc', 7.3, 'Dịch bệnh đã bùng phát ở một ngôi làng Do Thái. Để cứu sống dân làng, Hanna đã dựa vào thế lực thần bí tạo ra một thực thể lạ. Chính điều này lại là nguồn cơn gieo rắc tội ác.', 18, 'Doron Paz, Yoav Paz', 'Alex Tritenko, Brynie Furstenberg, Hani Furstenberg, Ishai Golan', '97 phút', 'Kinh Dị', '2019-02-05'),
	(6, 'Chúng ta (US)', 'https://drive.google.com/uc?id=1CS4FDT2XmSm2CvEIW_8-CjBPuxKNCX1W', 'https://www.youtube.com/embed/hNCmb-4oXJA', 8.3, 'Us, một tác phẩm đến từ hãng phim Monkeypaw, lấy bối cảnh tại một bờ biển mang tính biểu tượng phía Bắc California trong thời điểm hiện tại, với sự tham gia của các diễn viên như nữ diễn viên đạt giải Oscar Lupita Nyong’o với vai Adelaide Wilson, người đã trở lại căn nhà bên bờ biển mà cô sống thời ấu thơ cùng người chồng Gabe (ngôi sao Winston Duke của Black Panther) và hai người con (Shahadi Wright Joseph, Evan Alex) trong kì nghỉ hè. Bị ám ảnh bởi một chấn thương không thể giải thích trong quá khứ, kết hợp với một chuỗi các sự việc trùng hợp kỳ lạ, Adelaide cảm thấy sự hoang tưởng của bản thân đang tăng ở mức cảnh giác cao độ khi cô ngày càng chắc chắn rằng một điều gì đó tồi tệ sẽ xảy đến với gia đình mình. Sau một ngày vui chơi trên biển cùng một gia đình khác, nhà Tylers (nữ diễn viên thắng giải Emmy – Elisabeth Moss, Tim Heidecker, Cali Sheldon, Noelle Sheldon), Adelaide và gia đình cô chở về ngôi nhà của mình. Khi màn đêm buông xuống, nhà Wilsons bỗng thấy bóng của một gia đình 4 người đang nắm tay nhau đứng trên đường cao tốc. Us đẩy một gia đình Mỹ phải chống lại một đối thủ ghê rợn và kỳ lạ: những bản sao thực thể ma quái của chính họ.', 18, 'Jordan Peele', 'Anna Diop, Elisabeth Moss, Lupita Nyong\'o ,...', '122 phút', 'Hồi Hộp', '2019-03-22'),
	(7, 'Avengers: Endgame', 'https://drive.google.com/uc?id=1SXv2G-yK6LQEKM-pciIXUBqgY3zkwU7l', 'https://www.youtube.com/embed/TcMBFSGVi1c', 9.2, 'Sau cú búng tay hủy diệt nửa vũ trụ của Thanos, những siêu anh hùng sống sót trong cuộc chiến vẫn chưa từ bỏ hy vọng. Cùng với sự trở lại của Ant-Man, Hawkeye và sự xuất hiện của vị cứu tinh Captain Marvel, biệt đội Avengers sẽ thực hiện một kế hoạch bí ẩn để đảo ngược sự kiện, trả lại trật tự cho vũ trụ. Hồi kết của Cuộc chiến Vô cực là “siêu bom tấn” được mong đợi nhất năm sau, hứa hẹn viết nên cột mốc mới cho phòng vé thế giới.', 13, 'Anthony Russo, Joe Russo', 'Robert Downey Jr., Josh Brolin, Scarlett Johansson, Karen Gillan, Evangeline Lilly, Bradley Cooper, Chris Hemsworth, Anthony Russo', '183 phút', 'Hành Động, Phiêu Lưu, Viễn Tưởng', '2019-04-26'),
	(8, 'Phượng Hoàng Bóng Tối - X-Men: Dark Phoenix', 'https://drive.google.com/uc?id=1bTtch5hhzM7Rgi4yXUzaRaj0WfLYikrj', 'https://www.youtube.com/embed/gxs4J9Q6wRw', 0, 'Jean Gray bắt đầu phát triển sức mạnh phi thường, tiềm ẩn trong mình và nó đã biến cô thành Dark Phoenix. Bây giờ X-Men sẽ phải quyết định xem cuộc sống của một thành viên trong nhóm có đáng giá hơn tất cả những người sống trên thế giới.', 13, 'Simon Kinberg', 'Michael Fassbender, James McAvoy, Olivia Munn, Jennifer Lawrence, Jessica Chastain', '120 phút', 'Hành Động, Phiêu Lưu, Viễn Tưởng', '2019-07-06'),
	(9, 'Annabelle 3', 'https://drive.google.com/uc?id=1LxzqMV0FLHJAemOegT51bGOuznPgct4E', 'https://www.youtube.com/embed/bCxm7cTpBAs', 0, 'Trong lúc Ed và Lorraine Warren vắng nhà, búp bê quỷ ám Annabelle đã phá vỡ phong ấn và thao túng các đồ vật tà ma ở phòng trưng bày. Mục tiêu tấn công của chúng là cô con gái nhỏ Judy 10 tuổi của hai vợ chồng. Cùng với cô giữ trẻ và một người bạn, Judy phải tìm cách chống trả các thế lực ác quỷ trước khi cha mẹ cô bé về “dẹp loạn”. ', 18, 'Gary Dauberman', 'Chưa có thông tin', '100 phút', 'Kinh Dị, Huyền Bí', '2019-07-03'),
	(10, 'Spider-Man: Người Nhện Xa Nhà', 'https://drive.google.com/uc?id=11K_1VKmiGNm2vaNDg61F578m7I6GLTjh', 'https://www.youtube.com/embed/sMxUb1A59MI', 0, 'Sau các sự kiện trong Avengers 4, Spider-Man (Tom Holland) cùng bạn bè đến châu Âu du lịch. Tại đây, cậu bắt tay cùng Mysterio (Jake Gyllenhaal) giải cứu thế giới khỏi những kẻ phản diện nguy hiểm.', 13, 'Jon Watts', 'Cobie Smulders, Marisa Tomei, Jon Favreau, Samuel L. Jackson, Zendaya, Jake Gyllenhaal, Tom Holland', 'Chưa có thông tin', 'Hành Động, Viễn Tưởng', '2019-07-05'),
	(11, 'Hobbs & Shaw', 'https://drive.google.com/uc?id=1u-bX1T-aSknqPuVcImbJFmcotoo8EjiW', 'https://www.youtube.com/embed/5ds_R_K5-fc', 0, 'Phần ngoại truyện của hai nhân vật được fan yêu thích từ loạt phim đình đám Fast & Furious: Luke Hobbs (The Rock) và Deckard Shaw (Jason Statham). Hai anh chàng thích đấu khẩu luôn mồm này sẽ bắt tay hợp tác trong một phi vụ nghẹt thở.', 16, 'David Leitch', 'Chưa có thông tin', '110 phút', 'Hành Động', '2019-08-02'),
	(12, 'Chú Hề Ma Quái 2 - It: Chapter two', 'https://drive.google.com/uc?id=1oZU8JEFdo6M5Ug6zUmnARq7aVrxYgwC2', 'https://www.youtube.com/embed/OvfCQ2g4s0s', 0, 'Đúng chu kỳ 27 năm sau phần phim đầu tiên, thực thể ma quái dưới hình dạng chú hề tái xuất để khủng bố thị trấn Derry. Các thành viên của nhóm Loser’s Club năm xưa phải tập hợp để tiêu diệt It một lần và mãi mãi.', 18, 'Andy Muschietti', 'Chưa có thông tin', 'Chưa có thông tin', 'Kinh Dị', '2019-09-06'),
	(13, 'Nữ Hoàng Băng Giá 2 - Frozen 2', 'https://drive.google.com/uc?id=1vZme3wDZ-frw_5Be1T7dZG9AtbHVY54m', 'https://www.youtube.com/embed/DwTls2hIOrA', 0, 'Phần 2 của bom tấn hoạt hình Nữ Hoàng Băng Giá.', 6, 'Jennifer Lee, Chris Buck', 'Jonathan Groff, Kristen Bell, Idina Menzel', '120 phút', 'Jonathan Groff, Kristen Bell, Idina Menzel', '2019-11-22'),
	(14, 'Joker', 'https://drive.google.com/uc?id=1T4QR5v0mU_v8yHFltYdp53cixYmVxx5i', 'https://www.youtube.com/embed/t433PEQGErc', 0, 'Bộ phim đi tìm nguồn gốc ra đời của Joker – gã hề điên loạn của giới tội phạm và là kẻ tử thù của Batman. ', 16, 'Todd Phillips', 'Zazie Beetz, Joaquin Phoenix', '100 phút ', 'Hành Động, Tội Phạm', '2019-10-04');
/*!40000 ALTER TABLE `movies` ENABLE KEYS */;

-- Dumping structure for table booking_tickets.movie_showings
DROP TABLE IF EXISTS `movie_showings`;
CREATE TABLE IF NOT EXISTS `movie_showings` (
  `id` int(10) unsigned NOT NULL AUTO_INCREMENT,
  `movie_id` int(10) unsigned NOT NULL DEFAULT '0',
  `auditorium_id` int(10) unsigned NOT NULL,
  `price` double unsigned NOT NULL DEFAULT '0',
  `status` int(10) unsigned NOT NULL,
  `type` varchar(50) COLLATE utf8mb4_unicode_ci NOT NULL,
  `release_date` date NOT NULL,
  `time` time NOT NULL,
  PRIMARY KEY (`id`),
  KEY `FK_MOVIE_SHOWINGS_MOVIES` (`movie_id`),
  KEY `FK_MOVIE_SHOWINGS_AUDITORIUMS` (`auditorium_id`),
  CONSTRAINT `FK_MOVIE_SHOWINGS_AUDITORIUMS` FOREIGN KEY (`auditorium_id`) REFERENCES `auditoriums` (`id`) ON DELETE NO ACTION ON UPDATE NO ACTION,
  CONSTRAINT `FK_MOVIE_SHOWINGS_MOVIES` FOREIGN KEY (`movie_id`) REFERENCES `movies` (`id`) ON DELETE NO ACTION ON UPDATE NO ACTION
) ENGINE=InnoDB AUTO_INCREMENT=397 DEFAULT CHARSET=utf8mb4 COLLATE=utf8mb4_unicode_ci;

-- Dumping data for table booking_tickets.movie_showings: ~396 rows (approximately)
/*!40000 ALTER TABLE `movie_showings` DISABLE KEYS */;
INSERT INTO `movie_showings` (`id`, `movie_id`, `auditorium_id`, `price`, `status`, `type`, `release_date`, `time`) VALUES
	(1, 1, 1, 88000, 0, '2D - Phụ đề', '2019-06-10', '16:00:00'),
	(2, 1, 1, 88000, 0, '2D - Phụ đề', '2019-06-10', '17:35:00'),
	(3, 1, 1, 88000, 0, '2D - Phụ đề', '2019-06-10', '18:55:00'),
	(4, 1, 1, 88000, 0, '2D - Phụ đề', '2019-06-10', '21:15:00'),
	(5, 1, 1, 88000, 0, '2D - Phụ đề', '2019-06-10', '22:15:00'),
	(6, 1, 1, 88000, 0, '3D - Phụ đề', '2019-06-11', '16:00:00'),
	(7, 1, 1, 88000, 0, '3D - Phụ đề', '2019-06-11', '17:35:00'),
	(8, 1, 1, 88000, 0, '3D - Phụ đề', '2019-06-11', '18:55:00'),
	(9, 1, 1, 88000, 0, '3D - Phụ đề', '2019-06-11', '21:15:00'),
	(10, 1, 1, 88000, 0, '3D - Phụ đề', '2019-06-11', '22:15:00'),
	(11, 1, 1, 88000, 0, '2D - Phụ đề', '2019-06-12', '16:00:00'),
	(12, 1, 1, 88000, 0, '2D - Phụ đề', '2019-06-12', '17:35:00'),
	(13, 1, 1, 88000, 0, '2D - Phụ đề', '2019-06-12', '18:55:00'),
	(14, 1, 1, 88000, 0, '2D - Phụ đề', '2019-06-12', '21:15:00'),
	(15, 1, 1, 88000, 0, '2D - Phụ đề', '2019-06-12', '22:15:00'),
	(16, 2, 2, 88000, 0, '2D - Phụ đề', '2019-06-10', '14:05:00'),
	(17, 2, 2, 88000, 0, '2D - Phụ đề', '2019-06-15', '18:25:00'),
	(18, 2, 2, 88000, 0, '2D - Phụ đề', '2019-06-15', '21:05:00'),
	(19, 2, 2, 88000, 0, '3D - Phụ đề', '2019-06-16', '14:05:00'),
	(20, 2, 2, 88000, 0, '3D - Phụ đề', '2019-06-16', '18:25:00'),
	(21, 2, 2, 88000, 0, '3D - Phụ đề', '2019-06-16', '21:05:00'),
	(22, 2, 2, 88000, 0, '2D - Phụ đề', '2019-06-17', '14:05:00'),
	(23, 2, 2, 88000, 0, '2D - Phụ đề', '2019-06-17', '18:25:00'),
	(24, 2, 2, 88000, 0, '2D - Phụ đề', '2019-06-17', '21:05:00'),
	(25, 3, 3, 88000, 0, '3D - Phụ đề', '2019-06-18', '18:00:00'),
	(26, 3, 3, 88000, 0, '3D - Phụ đề', '2019-06-18', '20:40:00'),
	(27, 3, 3, 88000, 0, '3D - Phụ đề', '2019-06-18', '23:05:00'),
	(28, 3, 3, 88000, 0, '2D - Phụ đề', '2019-06-19', '18:00:00'),
	(29, 3, 3, 88000, 0, '2D - Phụ đề', '2019-06-19', '20:40:00'),
	(30, 3, 3, 88000, 0, '2D - Phụ đề', '2019-06-19', '23:05:00'),
	(31, 3, 3, 88000, 0, '2D - Phụ đề', '2019-06-20', '18:00:00'),
	(32, 3, 3, 88000, 0, '2D - Phụ đề', '2019-06-20', '20:40:00'),
	(33, 3, 3, 88000, 0, '2D - Phụ đề', '2019-06-20', '23:05:00'),
	(34, 4, 1, 80000, 0, '3D - Phụ đề', '2019-06-19', '16:35:00'),
	(35, 4, 1, 80000, 0, '3D - Phụ đề', '2019-06-19', '18:40:00'),
	(36, 4, 1, 80000, 0, '2D - Phụ đề', '2019-06-20', '16:35:00'),
	(37, 4, 1, 80000, 0, '2D - Phụ đề', '2019-06-20', '18:40:00'),
	(38, 4, 1, 80000, 0, '2D - Phụ đề', '2019-06-21', '16:35:00'),
	(39, 4, 1, 80000, 0, '2D - Phụ đề', '2019-06-21', '18:40:00'),
	(40, 5, 2, 85000, 0, '2D - Phụ đề', '2019-06-20', '14:35:00'),
	(41, 5, 2, 85000, 0, '2D - Phụ đề', '2019-06-20', '20:20:00'),
	(42, 5, 2, 85000, 0, '2D - Phụ đề', '2019-06-20', '23:50:00'),
	(43, 5, 2, 85000, 0, '3D - Phụ đề', '2019-06-21', '14:35:00'),
	(44, 5, 2, 85000, 0, '3D - Phụ đề', '2019-06-21', '20:20:00'),
	(45, 5, 2, 85000, 0, '3D - Phụ đề', '2019-06-21', '23:50:00'),
	(46, 5, 2, 85000, 0, '2D - Phụ đề', '2019-06-22', '14:35:00'),
	(47, 5, 2, 85000, 0, '2D - Phụ đề', '2019-06-22', '20:20:00'),
	(48, 5, 2, 85000, 0, '2D - Phụ đề', '2019-06-22', '23:50:00'),
	(49, 6, 3, 88000, 0, '2D - Phụ đề', '2019-06-30', '14:05:00'),
	(50, 6, 3, 88000, 0, '2D - Phụ đề', '2019-06-30', '18:25:00'),
	(51, 6, 3, 88000, 0, '2D - Phụ đề', '2019-06-30', '21:05:00'),
	(52, 6, 3, 88000, 0, '2D - Phụ đề', '2019-07-01', '14:05:00'),
	(53, 6, 3, 88000, 0, '2D - Phụ đề', '2019-07-01', '18:25:00'),
	(54, 6, 3, 88000, 0, '2D - Phụ đề', '2019-07-01', '21:05:00'),
	(55, 6, 3, 88000, 0, '2D - Phụ đề', '2019-07-02', '14:05:00'),
	(56, 6, 3, 88000, 0, '2D - Phụ đề', '2019-07-02', '18:25:00'),
	(57, 6, 3, 88000, 0, '2D - Phụ đề', '2019-07-02', '21:05:00'),
	(58, 7, 1, 88000, 0, '2D - Phụ đề', '2019-07-03', '14:05:00'),
	(59, 7, 1, 88000, 0, '2D - Phụ đề', '2019-07-03', '18:25:00'),
	(60, 7, 1, 88000, 0, '2D - Phụ đề', '2019-07-03', '21:05:00'),
	(61, 7, 1, 88000, 0, '2D - Phụ đề', '2019-07-04', '14:05:00'),
	(62, 7, 1, 88000, 0, '2D - Phụ đề', '2019-07-04', '18:25:00'),
	(63, 7, 1, 88000, 0, '2D - Phụ đề', '2019-07-04', '21:05:00'),
	(64, 7, 1, 88000, 0, '2D - Phụ đề', '2019-07-05', '14:05:00'),
	(65, 7, 1, 88000, 0, '2D - Phụ đề', '2019-07-05', '18:25:00'),
	(66, 7, 1, 88000, 0, '2D - Phụ đề', '2019-07-05', '21:05:00'),
	(67, 1, 4, 88000, 0, '2D - Phụ đề', '2019-06-10', '16:00:00'),
	(68, 1, 4, 88000, 0, '2D - Phụ đề', '2019-06-10', '17:35:00'),
	(69, 1, 4, 88000, 0, '2D - Phụ đề', '2019-06-10', '18:55:00'),
	(70, 1, 4, 88000, 0, '2D - Phụ đề', '2019-06-10', '21:15:00'),
	(71, 1, 4, 88000, 0, '2D - Phụ đề', '2019-06-10', '22:15:00'),
	(72, 1, 4, 88000, 0, '2D - Phụ đề', '2019-06-11', '16:00:00'),
	(73, 1, 4, 88000, 0, '2D - Phụ đề', '2019-06-11', '17:35:00'),
	(74, 1, 4, 88000, 0, '2D - Phụ đề', '2019-06-11', '18:55:00'),
	(75, 1, 4, 88000, 0, '2D - Phụ đề', '2019-06-11', '21:15:00'),
	(76, 1, 4, 88000, 0, '2D - Phụ đề', '2019-06-11', '22:15:00'),
	(77, 1, 4, 88000, 0, '2D - Phụ đề', '2019-06-12', '16:00:00'),
	(78, 1, 4, 88000, 0, '2D - Phụ đề', '2019-06-12', '17:35:00'),
	(79, 1, 4, 88000, 0, '2D - Phụ đề', '2019-06-12', '18:55:00'),
	(80, 1, 4, 88000, 0, '2D - Phụ đề', '2019-06-12', '21:15:00'),
	(81, 1, 4, 88000, 0, '2D - Phụ đề', '2019-06-12', '22:15:00'),
	(82, 2, 5, 88000, 0, '2D - Phụ đề', '2019-06-15', '14:05:00'),
	(83, 2, 5, 88000, 0, '2D - Phụ đề', '2019-06-15', '18:25:00'),
	(84, 2, 5, 88000, 0, '2D - Phụ đề', '2019-06-15', '21:05:00'),
	(85, 2, 5, 88000, 0, '2D - Phụ đề', '2019-06-16', '14:05:00'),
	(86, 2, 5, 88000, 0, '2D - Phụ đề', '2019-06-16', '18:25:00'),
	(87, 2, 5, 88000, 0, '2D - Phụ đề', '2019-06-16', '21:05:00'),
	(88, 2, 5, 88000, 0, '2D - Phụ đề', '2019-06-17', '14:05:00'),
	(89, 2, 5, 88000, 0, '2D - Phụ đề', '2019-06-17', '18:25:00'),
	(90, 2, 5, 88000, 0, '2D - Phụ đề', '2019-06-17', '21:05:00'),
	(91, 3, 6, 88000, 0, '2D - Phụ đề', '2019-06-18', '18:00:00'),
	(92, 3, 6, 88000, 0, '2D - Phụ đề', '2019-06-18', '20:40:00'),
	(93, 3, 6, 88000, 0, '2D - Phụ đề', '2019-06-18', '23:05:00'),
	(94, 3, 6, 88000, 0, '2D - Phụ đề', '2019-06-19', '18:00:00'),
	(95, 3, 6, 88000, 0, '2D - Phụ đề', '2019-06-19', '20:40:00'),
	(96, 3, 6, 88000, 0, '2D - Phụ đề', '2019-06-19', '23:05:00'),
	(97, 3, 6, 88000, 0, '2D - Phụ đề', '2019-06-20', '18:00:00'),
	(98, 3, 6, 88000, 0, '2D - Phụ đề', '2019-06-20', '20:40:00'),
	(99, 3, 6, 88000, 0, '2D - Phụ đề', '2019-06-20', '23:05:00'),
	(100, 4, 4, 80000, 0, '2D - Phụ đề', '2019-06-19', '16:35:00'),
	(101, 4, 4, 80000, 0, '2D - Phụ đề', '2019-06-19', '18:40:00'),
	(102, 4, 4, 80000, 0, '2D - Phụ đề', '2019-06-20', '16:35:00'),
	(103, 4, 4, 80000, 0, '2D - Phụ đề', '2019-06-20', '18:40:00'),
	(104, 4, 4, 80000, 0, '2D - Phụ đề', '2019-06-21', '16:35:00'),
	(105, 4, 4, 80000, 0, '2D - Phụ đề', '2019-06-21', '18:40:00'),
	(106, 5, 5, 85000, 0, '2D - Phụ đề', '2019-06-20', '14:35:00'),
	(107, 5, 5, 85000, 0, '2D - Phụ đề', '2019-06-20', '20:20:00'),
	(108, 5, 5, 85000, 0, '2D - Phụ đề', '2019-06-20', '23:50:00'),
	(109, 5, 5, 85000, 0, '2D - Phụ đề', '2019-06-21', '14:35:00'),
	(110, 5, 5, 85000, 0, '2D - Phụ đề', '2019-06-21', '20:20:00'),
	(111, 5, 5, 85000, 0, '2D - Phụ đề', '2019-06-21', '23:50:00'),
	(112, 5, 5, 85000, 0, '2D - Phụ đề', '2019-06-22', '14:35:00'),
	(113, 5, 5, 85000, 0, '2D - Phụ đề', '2019-06-22', '20:20:00'),
	(114, 5, 5, 85000, 0, '2D - Phụ đề', '2019-06-22', '23:50:00'),
	(115, 6, 6, 88000, 0, '2D - Phụ đề', '2019-06-30', '14:05:00'),
	(116, 6, 6, 88000, 0, '2D - Phụ đề', '2019-06-30', '18:25:00'),
	(117, 6, 6, 88000, 0, '2D - Phụ đề', '2019-06-30', '21:05:00'),
	(118, 6, 6, 88000, 0, '2D - Phụ đề', '2019-07-01', '14:05:00'),
	(119, 6, 6, 88000, 0, '2D - Phụ đề', '2019-07-01', '18:25:00'),
	(120, 6, 6, 88000, 0, '2D - Phụ đề', '2019-07-01', '21:05:00'),
	(121, 6, 6, 88000, 0, '2D - Phụ đề', '2019-07-02', '14:05:00'),
	(122, 6, 6, 88000, 0, '2D - Phụ đề', '2019-07-02', '18:25:00'),
	(123, 6, 6, 88000, 0, '2D - Phụ đề', '2019-07-02', '21:05:00'),
	(124, 7, 4, 88000, 0, '2D - Phụ đề', '2019-07-03', '14:05:00'),
	(125, 7, 4, 88000, 0, '2D - Phụ đề', '2019-07-03', '18:25:00'),
	(126, 7, 4, 88000, 0, '2D - Phụ đề', '2019-07-03', '21:05:00'),
	(127, 7, 4, 88000, 0, '2D - Phụ đề', '2019-07-04', '14:05:00'),
	(128, 7, 4, 88000, 0, '2D - Phụ đề', '2019-07-04', '18:25:00'),
	(129, 7, 4, 88000, 0, '2D - Phụ đề', '2019-07-04', '21:05:00'),
	(130, 7, 4, 88000, 0, '2D - Phụ đề', '2019-07-05', '14:05:00'),
	(131, 7, 4, 88000, 0, '2D - Phụ đề', '2019-07-05', '18:25:00'),
	(132, 7, 4, 88000, 0, '2D - Phụ đề', '2019-07-05', '21:05:00'),
	(133, 1, 7, 88000, 0, '2D - Phụ đề', '2019-06-10', '16:00:00'),
	(134, 1, 7, 88000, 0, '2D - Phụ đề', '2019-06-10', '17:35:00'),
	(135, 1, 7, 88000, 0, '2D - Phụ đề', '2019-06-10', '18:55:00'),
	(136, 1, 7, 88000, 0, '2D - Phụ đề', '2019-06-10', '21:15:00'),
	(137, 1, 7, 88000, 0, '2D - Phụ đề', '2019-06-10', '22:15:00'),
	(138, 1, 7, 88000, 0, '2D - Phụ đề', '2019-06-11', '16:00:00'),
	(139, 1, 7, 88000, 0, '2D - Phụ đề', '2019-06-11', '17:35:00'),
	(140, 1, 7, 88000, 0, '2D - Phụ đề', '2019-06-11', '18:55:00'),
	(141, 1, 7, 88000, 0, '2D - Phụ đề', '2019-06-11', '21:15:00'),
	(142, 1, 7, 88000, 0, '2D - Phụ đề', '2019-06-11', '22:15:00'),
	(143, 1, 7, 88000, 0, '2D - Phụ đề', '2019-06-12', '16:00:00'),
	(144, 1, 7, 88000, 0, '2D - Phụ đề', '2019-06-12', '17:35:00'),
	(145, 1, 7, 88000, 0, '2D - Phụ đề', '2019-06-12', '18:55:00'),
	(146, 1, 7, 88000, 0, '2D - Phụ đề', '2019-06-12', '21:15:00'),
	(147, 1, 7, 88000, 0, '2D - Phụ đề', '2019-06-12', '22:15:00'),
	(148, 2, 8, 88000, 0, '2D - Phụ đề', '2019-06-15', '14:05:00'),
	(149, 2, 8, 88000, 0, '2D - Phụ đề', '2019-06-15', '18:25:00'),
	(150, 2, 8, 88000, 0, '2D - Phụ đề', '2019-06-15', '21:05:00'),
	(151, 2, 8, 88000, 0, '2D - Phụ đề', '2019-06-16', '14:05:00'),
	(152, 2, 8, 88000, 0, '2D - Phụ đề', '2019-06-16', '18:25:00'),
	(153, 2, 8, 88000, 0, '2D - Phụ đề', '2019-06-16', '21:05:00'),
	(154, 2, 8, 88000, 0, '2D - Phụ đề', '2019-06-17', '14:05:00'),
	(155, 2, 8, 88000, 0, '2D - Phụ đề', '2019-06-17', '18:25:00'),
	(156, 2, 8, 88000, 0, '2D - Phụ đề', '2019-06-17', '21:05:00'),
	(157, 3, 9, 88000, 0, '2D - Phụ đề', '2019-06-18', '18:00:00'),
	(158, 3, 9, 88000, 0, '2D - Phụ đề', '2019-06-18', '20:40:00'),
	(159, 3, 9, 88000, 0, '2D - Phụ đề', '2019-06-18', '23:05:00'),
	(160, 3, 9, 88000, 0, '2D - Phụ đề', '2019-06-19', '18:00:00'),
	(161, 3, 9, 88000, 0, '2D - Phụ đề', '2019-06-19', '20:40:00'),
	(162, 3, 9, 88000, 0, '2D - Phụ đề', '2019-06-19', '23:05:00'),
	(163, 3, 9, 88000, 0, '2D - Phụ đề', '2019-06-20', '18:00:00'),
	(164, 3, 9, 88000, 0, '2D - Phụ đề', '2019-06-20', '20:40:00'),
	(165, 3, 9, 88000, 0, '2D - Phụ đề', '2019-06-20', '23:05:00'),
	(166, 4, 7, 80000, 0, '2D - Phụ đề', '2019-06-19', '16:35:00'),
	(167, 4, 7, 80000, 0, '2D - Phụ đề', '2019-06-19', '18:40:00'),
	(168, 4, 7, 80000, 0, '2D - Phụ đề', '2019-06-20', '16:35:00'),
	(169, 4, 7, 80000, 0, '2D - Phụ đề', '2019-06-20', '18:40:00'),
	(170, 4, 7, 80000, 0, '2D - Phụ đề', '2019-06-21', '16:35:00'),
	(171, 4, 7, 80000, 0, '2D - Phụ đề', '2019-06-21', '18:40:00'),
	(172, 5, 8, 85000, 0, '2D - Phụ đề', '2019-06-20', '14:35:00'),
	(173, 5, 8, 85000, 0, '2D - Phụ đề', '2019-06-20', '20:20:00'),
	(174, 5, 8, 85000, 0, '2D - Phụ đề', '2019-06-20', '23:50:00'),
	(175, 5, 8, 85000, 0, '2D - Phụ đề', '2019-06-21', '14:35:00'),
	(176, 5, 8, 85000, 0, '2D - Phụ đề', '2019-06-21', '20:20:00'),
	(177, 5, 8, 85000, 0, '2D - Phụ đề', '2019-06-21', '23:50:00'),
	(178, 5, 8, 85000, 0, '2D - Phụ đề', '2019-06-22', '14:35:00'),
	(179, 5, 8, 85000, 0, '2D - Phụ đề', '2019-06-22', '20:20:00'),
	(180, 5, 8, 85000, 0, '2D - Phụ đề', '2019-06-22', '23:50:00'),
	(181, 6, 9, 88000, 0, '2D - Phụ đề', '2019-06-30', '14:05:00'),
	(182, 6, 9, 88000, 0, '2D - Phụ đề', '2019-06-30', '18:25:00'),
	(183, 6, 9, 88000, 0, '2D - Phụ đề', '2019-06-30', '21:05:00'),
	(184, 6, 9, 88000, 0, '2D - Phụ đề', '2019-07-01', '14:05:00'),
	(185, 6, 9, 88000, 0, '2D - Phụ đề', '2019-07-01', '18:25:00'),
	(186, 6, 9, 88000, 0, '2D - Phụ đề', '2019-07-01', '21:05:00'),
	(187, 6, 9, 88000, 0, '2D - Phụ đề', '2019-07-02', '14:05:00'),
	(188, 6, 9, 88000, 0, '2D - Phụ đề', '2019-07-02', '18:25:00'),
	(189, 6, 9, 88000, 0, '2D - Phụ đề', '2019-07-02', '21:05:00'),
	(190, 7, 7, 88000, 0, '2D - Phụ đề', '2019-07-03', '14:05:00'),
	(191, 7, 7, 88000, 0, '2D - Phụ đề', '2019-07-03', '18:25:00'),
	(192, 7, 7, 88000, 0, '2D - Phụ đề', '2019-07-03', '21:05:00'),
	(193, 7, 7, 88000, 0, '2D - Phụ đề', '2019-07-04', '14:05:00'),
	(194, 7, 7, 88000, 0, '2D - Phụ đề', '2019-07-04', '18:25:00'),
	(195, 7, 7, 88000, 0, '2D - Phụ đề', '2019-07-04', '21:05:00'),
	(196, 7, 7, 88000, 0, '2D - Phụ đề', '2019-07-05', '14:05:00'),
	(197, 7, 7, 88000, 0, '2D - Phụ đề', '2019-07-05', '18:25:00'),
	(198, 7, 7, 88000, 0, '2D - Phụ đề', '2019-07-05', '21:05:00'),
	(199, 1, 10, 88000, 0, '2D - Phụ đề', '2019-06-10', '16:00:00'),
	(200, 1, 10, 88000, 0, '2D - Phụ đề', '2019-06-10', '17:35:00'),
	(201, 1, 10, 88000, 0, '2D - Phụ đề', '2019-06-10', '18:55:00'),
	(202, 1, 10, 88000, 0, '2D - Phụ đề', '2019-06-10', '21:15:00'),
	(203, 1, 10, 88000, 0, '2D - Phụ đề', '2019-06-10', '22:15:00'),
	(204, 1, 10, 88000, 0, '2D - Phụ đề', '2019-06-11', '16:00:00'),
	(205, 1, 10, 88000, 0, '2D - Phụ đề', '2019-06-11', '17:35:00'),
	(206, 1, 10, 88000, 0, '2D - Phụ đề', '2019-06-11', '18:55:00'),
	(207, 1, 10, 88000, 0, '2D - Phụ đề', '2019-06-11', '21:15:00'),
	(208, 1, 10, 88000, 0, '2D - Phụ đề', '2019-06-11', '22:15:00'),
	(209, 1, 10, 88000, 0, '2D - Phụ đề', '2019-06-12', '16:00:00'),
	(210, 1, 10, 88000, 0, '2D - Phụ đề', '2019-06-12', '17:35:00'),
	(211, 1, 10, 88000, 0, '2D - Phụ đề', '2019-06-12', '18:55:00'),
	(212, 1, 10, 88000, 0, '2D - Phụ đề', '2019-06-12', '21:15:00'),
	(213, 1, 10, 88000, 0, '2D - Phụ đề', '2019-06-12', '22:15:00'),
	(214, 2, 11, 88000, 0, '2D - Phụ đề', '2019-06-15', '14:05:00'),
	(215, 2, 11, 88000, 0, '2D - Phụ đề', '2019-06-15', '18:25:00'),
	(216, 2, 11, 88000, 0, '2D - Phụ đề', '2019-06-15', '21:05:00'),
	(217, 2, 11, 88000, 0, '2D - Phụ đề', '2019-06-16', '14:05:00'),
	(218, 2, 11, 88000, 0, '2D - Phụ đề', '2019-06-16', '18:25:00'),
	(219, 2, 11, 88000, 0, '2D - Phụ đề', '2019-06-16', '21:05:00'),
	(220, 2, 11, 88000, 0, '2D - Phụ đề', '2019-06-17', '14:05:00'),
	(221, 2, 11, 88000, 0, '2D - Phụ đề', '2019-06-17', '18:25:00'),
	(222, 2, 11, 88000, 0, '2D - Phụ đề', '2019-06-17', '21:05:00'),
	(223, 3, 12, 88000, 0, '2D - Phụ đề', '2019-06-18', '18:00:00'),
	(224, 3, 12, 88000, 0, '2D - Phụ đề', '2019-06-18', '20:40:00'),
	(225, 3, 12, 88000, 0, '2D - Phụ đề', '2019-06-18', '23:05:00'),
	(226, 3, 12, 88000, 0, '2D - Phụ đề', '2019-06-19', '18:00:00'),
	(227, 3, 12, 88000, 0, '2D - Phụ đề', '2019-06-19', '20:40:00'),
	(228, 3, 12, 88000, 0, '2D - Phụ đề', '2019-06-19', '23:05:00'),
	(229, 3, 12, 88000, 0, '2D - Phụ đề', '2019-06-20', '18:00:00'),
	(230, 3, 12, 88000, 0, '2D - Phụ đề', '2019-06-20', '20:40:00'),
	(231, 3, 12, 88000, 0, '2D - Phụ đề', '2019-06-20', '23:05:00'),
	(232, 4, 10, 80000, 0, '2D - Phụ đề', '2019-06-19', '16:35:00'),
	(233, 4, 10, 80000, 0, '2D - Phụ đề', '2019-06-19', '18:40:00'),
	(234, 4, 10, 80000, 0, '2D - Phụ đề', '2019-06-20', '16:35:00'),
	(235, 4, 10, 80000, 0, '2D - Phụ đề', '2019-06-20', '18:40:00'),
	(236, 4, 10, 80000, 0, '2D - Phụ đề', '2019-06-21', '16:35:00'),
	(237, 4, 10, 80000, 0, '2D - Phụ đề', '2019-06-21', '18:40:00'),
	(238, 5, 11, 85000, 0, '2D - Phụ đề', '2019-06-20', '14:35:00'),
	(239, 5, 11, 85000, 0, '2D - Phụ đề', '2019-06-20', '20:20:00'),
	(240, 5, 11, 85000, 0, '2D - Phụ đề', '2019-06-20', '23:50:00'),
	(241, 5, 11, 85000, 0, '2D - Phụ đề', '2019-06-21', '14:35:00'),
	(242, 5, 11, 85000, 0, '2D - Phụ đề', '2019-06-21', '20:20:00'),
	(243, 5, 11, 85000, 0, '2D - Phụ đề', '2019-06-21', '23:50:00'),
	(244, 5, 11, 85000, 0, '2D - Phụ đề', '2019-06-22', '14:35:00'),
	(245, 5, 11, 85000, 0, '2D - Phụ đề', '2019-06-22', '20:20:00'),
	(246, 5, 11, 85000, 0, '2D - Phụ đề', '2019-06-22', '23:50:00'),
	(247, 6, 12, 88000, 0, '2D - Phụ đề', '2019-06-30', '14:05:00'),
	(248, 6, 12, 88000, 0, '2D - Phụ đề', '2019-06-30', '18:25:00'),
	(249, 6, 12, 88000, 0, '2D - Phụ đề', '2019-06-30', '21:05:00'),
	(250, 6, 12, 88000, 0, '2D - Phụ đề', '2019-07-01', '14:05:00'),
	(251, 6, 12, 88000, 0, '2D - Phụ đề', '2019-07-01', '18:25:00'),
	(252, 6, 12, 88000, 0, '2D - Phụ đề', '2019-07-01', '21:05:00'),
	(253, 6, 12, 88000, 0, '2D - Phụ đề', '2019-07-02', '14:05:00'),
	(254, 6, 12, 88000, 0, '2D - Phụ đề', '2019-07-02', '18:25:00'),
	(255, 6, 12, 88000, 0, '2D - Phụ đề', '2019-07-02', '21:05:00'),
	(256, 7, 10, 88000, 0, '2D - Phụ đề', '2019-07-03', '14:05:00'),
	(257, 7, 10, 88000, 0, '2D - Phụ đề', '2019-07-03', '18:25:00'),
	(258, 7, 10, 88000, 0, '2D - Phụ đề', '2019-07-03', '21:05:00'),
	(259, 7, 10, 88000, 0, '2D - Phụ đề', '2019-07-04', '14:05:00'),
	(260, 7, 10, 88000, 0, '2D - Phụ đề', '2019-07-04', '18:25:00'),
	(261, 7, 10, 88000, 0, '2D - Phụ đề', '2019-07-04', '21:05:00'),
	(262, 7, 10, 88000, 0, '2D - Phụ đề', '2019-07-05', '14:05:00'),
	(263, 7, 10, 88000, 0, '2D - Phụ đề', '2019-07-05', '18:25:00'),
	(264, 7, 10, 88000, 0, '2D - Phụ đề', '2019-07-05', '21:05:00'),
	(265, 1, 13, 88000, 0, '2D - Phụ đề', '2019-06-10', '16:00:00'),
	(266, 1, 13, 88000, 0, '2D - Phụ đề', '2019-06-10', '17:35:00'),
	(267, 1, 13, 88000, 0, '2D - Phụ đề', '2019-06-10', '18:55:00'),
	(268, 1, 13, 88000, 0, '2D - Phụ đề', '2019-06-10', '21:15:00'),
	(269, 1, 13, 88000, 0, '2D - Phụ đề', '2019-06-10', '22:15:00'),
	(270, 1, 13, 88000, 0, '2D - Phụ đề', '2019-06-11', '16:00:00'),
	(271, 1, 13, 88000, 0, '2D - Phụ đề', '2019-06-11', '17:35:00'),
	(272, 1, 13, 88000, 0, '2D - Phụ đề', '2019-06-11', '18:55:00'),
	(273, 1, 13, 88000, 0, '2D - Phụ đề', '2019-06-11', '21:15:00'),
	(274, 1, 13, 88000, 0, '2D - Phụ đề', '2019-06-11', '22:15:00'),
	(275, 1, 13, 88000, 0, '2D - Phụ đề', '2019-06-12', '16:00:00'),
	(276, 1, 13, 88000, 0, '2D - Phụ đề', '2019-06-12', '17:35:00'),
	(277, 1, 13, 88000, 0, '2D - Phụ đề', '2019-06-12', '18:55:00'),
	(278, 1, 13, 88000, 0, '2D - Phụ đề', '2019-06-12', '21:15:00'),
	(279, 1, 13, 88000, 0, '2D - Phụ đề', '2019-06-12', '22:15:00'),
	(280, 2, 14, 88000, 0, '2D - Phụ đề', '2019-06-15', '14:05:00'),
	(281, 2, 14, 88000, 0, '2D - Phụ đề', '2019-06-15', '18:25:00'),
	(282, 2, 14, 88000, 0, '2D - Phụ đề', '2019-06-15', '21:05:00'),
	(283, 2, 14, 88000, 0, '2D - Phụ đề', '2019-06-16', '14:05:00'),
	(284, 2, 14, 88000, 0, '2D - Phụ đề', '2019-06-16', '18:25:00'),
	(285, 2, 14, 88000, 0, '2D - Phụ đề', '2019-06-16', '21:05:00'),
	(286, 2, 14, 88000, 0, '2D - Phụ đề', '2019-06-17', '14:05:00'),
	(287, 2, 14, 88000, 0, '2D - Phụ đề', '2019-06-17', '18:25:00'),
	(288, 2, 14, 88000, 0, '2D - Phụ đề', '2019-06-17', '21:05:00'),
	(289, 3, 15, 88000, 0, '2D - Phụ đề', '2019-06-18', '18:00:00'),
	(290, 3, 15, 88000, 0, '2D - Phụ đề', '2019-06-18', '20:40:00'),
	(291, 3, 15, 88000, 0, '2D - Phụ đề', '2019-06-18', '23:05:00'),
	(292, 3, 15, 88000, 0, '2D - Phụ đề', '2019-06-19', '18:00:00'),
	(293, 3, 15, 88000, 0, '2D - Phụ đề', '2019-06-19', '20:40:00'),
	(294, 3, 15, 88000, 0, '2D - Phụ đề', '2019-06-19', '23:05:00'),
	(295, 3, 15, 88000, 0, '2D - Phụ đề', '2019-06-20', '18:00:00'),
	(296, 3, 15, 88000, 0, '2D - Phụ đề', '2019-06-20', '20:40:00'),
	(297, 3, 15, 88000, 0, '2D - Phụ đề', '2019-06-20', '23:05:00'),
	(298, 4, 13, 80000, 0, '2D - Phụ đề', '2019-06-19', '16:35:00'),
	(299, 4, 13, 80000, 0, '2D - Phụ đề', '2019-06-19', '18:40:00'),
	(300, 4, 13, 80000, 0, '2D - Phụ đề', '2019-06-20', '16:35:00'),
	(301, 4, 13, 80000, 0, '2D - Phụ đề', '2019-06-20', '18:40:00'),
	(302, 4, 13, 80000, 0, '2D - Phụ đề', '2019-06-21', '16:35:00'),
	(303, 4, 13, 80000, 0, '2D - Phụ đề', '2019-06-21', '18:40:00'),
	(304, 5, 14, 85000, 0, '2D - Phụ đề', '2019-06-20', '14:35:00'),
	(305, 5, 14, 85000, 0, '2D - Phụ đề', '2019-06-20', '20:20:00'),
	(306, 5, 14, 85000, 0, '2D - Phụ đề', '2019-06-20', '23:50:00'),
	(307, 5, 14, 85000, 0, '2D - Phụ đề', '2019-06-21', '14:35:00'),
	(308, 5, 14, 85000, 0, '2D - Phụ đề', '2019-06-21', '20:20:00'),
	(309, 5, 14, 85000, 0, '2D - Phụ đề', '2019-06-21', '23:50:00'),
	(310, 5, 14, 85000, 0, '2D - Phụ đề', '2019-06-22', '14:35:00'),
	(311, 5, 14, 85000, 0, '2D - Phụ đề', '2019-06-22', '20:20:00'),
	(312, 5, 14, 85000, 0, '2D - Phụ đề', '2019-06-22', '23:50:00'),
	(313, 6, 15, 88000, 0, '2D - Phụ đề', '2019-06-30', '14:05:00'),
	(314, 6, 15, 88000, 0, '2D - Phụ đề', '2019-06-30', '18:25:00'),
	(315, 6, 15, 88000, 0, '2D - Phụ đề', '2019-06-30', '21:05:00'),
	(316, 6, 15, 88000, 0, '2D - Phụ đề', '2019-07-01', '14:05:00'),
	(317, 6, 15, 88000, 0, '2D - Phụ đề', '2019-07-01', '18:25:00'),
	(318, 6, 15, 88000, 0, '2D - Phụ đề', '2019-07-01', '21:05:00'),
	(319, 6, 15, 88000, 0, '2D - Phụ đề', '2019-07-02', '14:05:00'),
	(320, 6, 15, 88000, 0, '2D - Phụ đề', '2019-07-02', '18:25:00'),
	(321, 6, 15, 88000, 0, '2D - Phụ đề', '2019-07-02', '21:05:00'),
	(322, 7, 13, 88000, 0, '2D - Phụ đề', '2019-07-03', '14:05:00'),
	(323, 7, 13, 88000, 0, '2D - Phụ đề', '2019-07-03', '18:25:00'),
	(324, 7, 13, 88000, 0, '2D - Phụ đề', '2019-07-03', '21:05:00'),
	(325, 7, 13, 88000, 0, '2D - Phụ đề', '2019-07-04', '14:05:00'),
	(326, 7, 13, 88000, 0, '2D - Phụ đề', '2019-07-04', '18:25:00'),
	(327, 7, 13, 88000, 0, '2D - Phụ đề', '2019-07-04', '21:05:00'),
	(328, 7, 13, 88000, 0, '2D - Phụ đề', '2019-07-05', '14:05:00'),
	(329, 7, 13, 88000, 0, '2D - Phụ đề', '2019-07-05', '18:25:00'),
	(330, 7, 13, 88000, 0, '2D - Phụ đề', '2019-07-05', '21:05:00'),
	(331, 1, 16, 88000, 0, '2D - Phụ đề', '2019-06-10', '16:00:00'),
	(332, 1, 16, 88000, 0, '2D - Phụ đề', '2019-06-10', '17:35:00'),
	(333, 1, 16, 88000, 0, '2D - Phụ đề', '2019-06-10', '18:55:00'),
	(334, 1, 16, 88000, 0, '2D - Phụ đề', '2019-06-10', '21:15:00'),
	(335, 1, 16, 88000, 0, '2D - Phụ đề', '2019-06-10', '22:15:00'),
	(336, 1, 16, 88000, 0, '2D - Phụ đề', '2019-06-11', '16:00:00'),
	(337, 1, 16, 88000, 0, '2D - Phụ đề', '2019-06-11', '17:35:00'),
	(338, 1, 16, 88000, 0, '2D - Phụ đề', '2019-06-11', '18:55:00'),
	(339, 1, 16, 88000, 0, '2D - Phụ đề', '2019-06-11', '21:15:00'),
	(340, 1, 16, 88000, 0, '2D - Phụ đề', '2019-06-11', '22:15:00'),
	(341, 1, 16, 88000, 0, '2D - Phụ đề', '2019-06-12', '16:00:00'),
	(342, 1, 16, 88000, 0, '2D - Phụ đề', '2019-06-12', '17:35:00'),
	(343, 1, 16, 88000, 0, '2D - Phụ đề', '2019-06-12', '18:55:00'),
	(344, 1, 16, 88000, 0, '2D - Phụ đề', '2019-06-12', '21:15:00'),
	(345, 1, 16, 88000, 0, '2D - Phụ đề', '2019-06-12', '22:15:00'),
	(346, 2, 17, 88000, 0, '2D - Phụ đề', '2019-06-15', '14:05:00'),
	(347, 2, 17, 88000, 0, '2D - Phụ đề', '2019-06-15', '18:25:00'),
	(348, 2, 17, 88000, 0, '2D - Phụ đề', '2019-06-15', '21:05:00'),
	(349, 2, 17, 88000, 0, '2D - Phụ đề', '2019-06-16', '14:05:00'),
	(350, 2, 17, 88000, 0, '2D - Phụ đề', '2019-06-16', '18:25:00'),
	(351, 2, 17, 88000, 0, '2D - Phụ đề', '2019-06-16', '21:05:00'),
	(352, 2, 17, 88000, 0, '2D - Phụ đề', '2019-06-17', '14:05:00'),
	(353, 2, 17, 88000, 0, '2D - Phụ đề', '2019-06-17', '18:25:00'),
	(354, 2, 17, 88000, 0, '2D - Phụ đề', '2019-06-17', '21:05:00'),
	(355, 3, 18, 88000, 0, '2D - Phụ đề', '2019-06-18', '18:00:00'),
	(356, 3, 18, 88000, 0, '2D - Phụ đề', '2019-06-18', '20:40:00'),
	(357, 3, 18, 88000, 0, '2D - Phụ đề', '2019-06-18', '23:05:00'),
	(358, 3, 18, 88000, 0, '2D - Phụ đề', '2019-06-19', '18:00:00'),
	(359, 3, 18, 88000, 0, '2D - Phụ đề', '2019-06-19', '20:40:00'),
	(360, 3, 18, 88000, 0, '2D - Phụ đề', '2019-06-19', '23:05:00'),
	(361, 3, 18, 88000, 0, '2D - Phụ đề', '2019-06-20', '18:00:00'),
	(362, 3, 18, 88000, 0, '2D - Phụ đề', '2019-06-20', '20:40:00'),
	(363, 3, 18, 88000, 0, '2D - Phụ đề', '2019-06-20', '23:05:00'),
	(364, 4, 16, 80000, 0, '2D - Phụ đề', '2019-06-19', '16:35:00'),
	(365, 4, 16, 80000, 0, '2D - Phụ đề', '2019-06-19', '18:40:00'),
	(366, 4, 16, 80000, 0, '2D - Phụ đề', '2019-06-20', '16:35:00'),
	(367, 4, 16, 80000, 0, '2D - Phụ đề', '2019-06-20', '18:40:00'),
	(368, 4, 16, 80000, 0, '2D - Phụ đề', '2019-06-21', '16:35:00'),
	(369, 4, 16, 80000, 0, '2D - Phụ đề', '2019-06-21', '18:40:00'),
	(370, 5, 17, 85000, 0, '2D - Phụ đề', '2019-06-20', '14:35:00'),
	(371, 5, 17, 85000, 0, '2D - Phụ đề', '2019-06-20', '20:20:00'),
	(372, 5, 17, 85000, 0, '2D - Phụ đề', '2019-06-20', '23:50:00'),
	(373, 5, 17, 85000, 0, '2D - Phụ đề', '2019-06-21', '14:35:00'),
	(374, 5, 17, 85000, 0, '2D - Phụ đề', '2019-06-21', '20:20:00'),
	(375, 5, 17, 85000, 0, '2D - Phụ đề', '2019-06-21', '23:50:00'),
	(376, 5, 17, 85000, 0, '2D - Phụ đề', '2019-06-22', '14:35:00'),
	(377, 5, 17, 85000, 0, '2D - Phụ đề', '2019-06-22', '20:20:00'),
	(378, 5, 17, 85000, 0, '2D - Phụ đề', '2019-06-22', '23:50:00'),
	(379, 6, 18, 88000, 0, '2D - Phụ đề', '2019-06-30', '14:05:00'),
	(380, 6, 18, 88000, 0, '2D - Phụ đề', '2019-06-30', '18:25:00'),
	(381, 6, 18, 88000, 0, '2D - Phụ đề', '2019-06-30', '21:05:00'),
	(382, 6, 18, 88000, 0, '2D - Phụ đề', '2019-07-01', '14:05:00'),
	(383, 6, 18, 88000, 0, '2D - Phụ đề', '2019-07-01', '18:25:00'),
	(384, 6, 18, 88000, 0, '2D - Phụ đề', '2019-07-01', '21:05:00'),
	(385, 6, 18, 88000, 0, '2D - Phụ đề', '2019-07-02', '14:05:00'),
	(386, 6, 18, 88000, 0, '2D - Phụ đề', '2019-07-02', '18:25:00'),
	(387, 6, 18, 88000, 0, '2D - Phụ đề', '2019-07-02', '21:05:00'),
	(388, 7, 16, 88000, 0, '2D - Phụ đề', '2019-07-03', '14:05:00'),
	(389, 7, 16, 88000, 0, '2D - Phụ đề', '2019-07-03', '18:25:00'),
	(390, 7, 16, 88000, 0, '2D - Phụ đề', '2019-07-03', '21:05:00'),
	(391, 7, 16, 88000, 0, '2D - Phụ đề', '2019-07-04', '14:05:00'),
	(392, 7, 16, 88000, 0, '2D - Phụ đề', '2019-07-04', '18:25:00'),
	(393, 7, 16, 88000, 0, '2D - Phụ đề', '2019-07-04', '21:05:00'),
	(394, 7, 16, 88000, 0, '2D - Phụ đề', '2019-07-05', '14:05:00'),
	(395, 7, 16, 88000, 0, '2D - Phụ đề', '2019-07-05', '18:25:00'),
	(396, 7, 16, 88000, 0, '2D - Phụ đề', '2019-07-05', '21:05:00');
/*!40000 ALTER TABLE `movie_showings` ENABLE KEYS */;

-- Dumping structure for table booking_tickets.notifications
DROP TABLE IF EXISTS `notifications`;
CREATE TABLE IF NOT EXISTS `notifications` (
  `id` int(10) unsigned NOT NULL AUTO_INCREMENT,
  `img_url` varchar(100) COLLATE utf8mb4_unicode_ci NOT NULL,
  `title` varchar(100) COLLATE utf8mb4_unicode_ci NOT NULL,
  `brief` varchar(100) COLLATE utf8mb4_unicode_ci NOT NULL,
  `content` text COLLATE utf8mb4_unicode_ci NOT NULL,
  `type` int(10) unsigned NOT NULL,
  `created_at` timestamp NULL DEFAULT CURRENT_TIMESTAMP ON UPDATE CURRENT_TIMESTAMP,
  PRIMARY KEY (`id`)
) ENGINE=InnoDB AUTO_INCREMENT=4 DEFAULT CHARSET=utf8mb4 COLLATE=utf8mb4_unicode_ci;

-- Dumping data for table booking_tickets.notifications: ~3 rows (approximately)
/*!40000 ALTER TABLE `notifications` DISABLE KEYS */;
INSERT INTO `notifications` (`id`, `img_url`, `title`, `brief`, `content`, `type`, `created_at`) VALUES
	(1, 'https://drive.google.com/uc?id=1yoPsEZaadhA5jXJkKvGRUm_rqdIJgb-J', 'Siêu phẩm kinh dị "Chúng Ta (US)" nhận mưa lời khen', 'Tiếp nối cơn sốt Get Out, đạo diễn Jordan Peele lại cho ra mắt một tác phẩm kinh dị có một không hai', 'Liên hoan phim SXSW (South by South West) là hoạt động được tổ chức thường niên tại Texas, Mỹ với hơn 30 năm tuổi đời. Đây được coi là liên hoan phim độc lập uy tín và đình đám nhất hiện nay dành cho thể loại kinh dị. Liên hoan phim này nổi tiếng với các suất chiếu đêm khiến khán giả và giới phê bình phải “khóc thét” nhưng đồng thời vỗ tay tán thưởng không ngớt vì chất lượng của tác phẩm tham dự.\nNăm nay, Liên hoan phim SXSW đã chọn siêu phẩm <b>Chúng Ta</b> (tựa gốc:<b> Us</b>) của đạo diễn Jordan Peele làm tác phẩm mở màn. Sau buổi chiếu đầu tiên, <i>Chúng Ta</i> lập tức trở thành một hiện tượng kinh dị được giới phê bình xôn xao khen ngợi trên mọi mặt báo.\nTờ Hollywood Reporter khẳng định <i>Chúng Ta</i> làm được nhiều hơn việc dọa dẫm khán giả xem phim một cách đơn thuần. Tờ Vanity Fair nhận xét rằng bộ phim đã “<i>hòa trộn những mảng miếng kỳ lạ nhất từ trí tưởng tượng của Peele với trí tưởng tượng của chính chúng ta để tạo nên một sự kinh hoàng còn khủng khiếp và quỷ quyệt hơn nhiều những gì bộ phim thể hiện</i>”.\nCòn trang Indiewire khen phim là “<i>tác phẩm kinh dị tuyệt vời đáp ứng được tất cả những gì người hâm mộ của Get Out mong đợi</i>”. Tờ Rolling Stones dành những mỹ từ không thể tuyệt vời hơn cho <i>Chúng Ta</i>: “<i>Bộ phim được làm hay tuyệt đỉnh, diễn biến trong nhịp độ hoàn hảo và được kiểm soát khéo léo để từ từ trở nên đáng sợ khủng khiếp. Đây không phải là một Hitchcock, Carpenter, Craven hay Polanski tái sinh mà là một Jordan Peele độc nhất vô nhị. Bộ phim này khiến bạn rợn gáy như bất kỳ tác phẩm nào của các bậc thầy thuộc hàng kinh điển kể trên</i>”.\n<i>Chúng Ta</i> là siêu phẩm kinh dị thứ hai do Jordan Peele biên kịch kiêm đạo diễn sau tác phẩm đầu tay cực kỳ thành công đã giành giải Oscar <i>Get Out</i>. Bộ phim xoay quanh gia đình da màu Wilson với nhân vật trung tâm là người vợ Adelaide Wilson (do chủ nhân tượng vàng Oscar Lupita Nyong’o thủ vai). Adelaide bị ám ảnh bởi một sự kiện đáng sợ từ tuổi thơ và cô linh cảm rằng gia đình mình sẽ gặp chuyện chẳng lành. Ác mộng ập đến khi bốn thực thể kỳ quái mang gương mặt giống hệt bốn thành viên gia đình cô tấn công và đòi thực hiện một điều kinh dị khó tưởng tượng nổi.\n<i>Chúng Ta</i> dự kiến được khởi chiếu rộng rãi tại các rạp trên toàn quốc từ ngày <b>22.03.2019</b>.', 0, '2019-06-11 08:00:00'),
	(2, 'https://drive.google.com/uc?id=1JJmK5UziUP6JJ3W-DDEG2ddAmDQhpSAL', 'Trời ơi tin được không! Combo giá 35K', 'Healthy Combo giá cực sốc chỉ với 35K bao gồm: 1 bắp lớn + 2 Botol Sosro Green Tea', 'Bứt phá bùng nổ xem phim HOT cùng CGV vào ngày 17/6 nào cả nhà ơi. Còn gì bằng khi được thưởng thức các bộ phim bom tấn tại cụm rạp hàng đầu cùng với combo giá cực sốc chỉ với 35K bao gồm: 1 bắp lớn + 2 Botol Sosro Green Tea ngon tuyệt. Hãy đến ngay các rạp CGV trong danh sách để được hưởng đặc quyền cực sốc này nào.\n<b>Điều kiện chương trình</b>\n* Chương trình áp dụng cho vé 2D khi mua vé trực tiếp tại quầy hoặc thông qua ứng dụng TicketNow\n* Chương trình chỉ áp dụng cho 1 số rạp Tp.Hồ Chí Minh & Hà Nội:\n- Hồ Chí Minh: CGV Pearl Plaza, CGV Vincom Gò Vấp, CGV Aeon Bình Tân, CGV Liberty Tân Bình, CGV Vincom Đồng Khởi, CGV Saigonres Nguyễn Xí, CGV Parkson Đồng Khởi, CGV Sư Vạn Hạnh, CGV IMC Trần Quang Khải, CGV Vincom Landmark, CGV Satra Củ Chi, CGV Gmall Thủ Đức\n- Hà Nội: CGV Indochina Plaza, CGV Rice City, CGV Artermis, CGV Center point, CGV Vincom Royal City, CGV Vincom Times City, CGV Vincom Long Biên, CGV Macchinco, CGV Trương Định Shopping Center, CGV Tràng Tiền Plaza, CGV Vincom Metropolis Liễu Giai, CGV Vincom Từ Liêm, CGV Sungrand Ancora Lương Yên, CGV Soil Leroil.', 1, '2019-06-13 12:00:00'),
	(3, 'https://drive.google.com/uc?id=1VodtW9fPmC6nHyxSuZ8B0TSYDKrx5Rt8', '[Galaxy Tràng Thi] Trải Nghiệm Bom Tấn Càng Đông Càng Vui', 'Chương trình ưu đãi không thể bỏ qua!!! Nhân dịp khai trương cụm rạp Galaxy Tràng Thi', 'Nhân dịp khai trương cụm rạp <b>Galaxy Tràng Thi</b>, Galaxy Cinema dành tặng các Stars chương trình ưu đãi đầy hấp dẫn không thể bỏ qua trong thời gian từ <b>15/06 - 03/07/2019</b>.\nCụ thể, khi các Stars mua <b>02 vé xem phim</b> tại Galaxy Tràng Thi (bao gồm: mua trực tiếp tại quầy và online) sẽ nhận được <b>01 Movie voucher</b>.\n<b>Điều kiện áp dụng:</b>\n- Chương trình chỉ áp dụng cho thành viên G-star.\n- Chương trình không áp dụng cho Movie voucher.\n- Trong mọi trường hợp, quyết định của Galaxy Cinema là quyết định cuối cùng.\n<b>Đối với Movie voucher được tặng:</b>\n- Movie voucher có thời hạn sử dụng từ ngày 15/06 - 13/07/2019.\n- Chỉ được áp dụng cho giao dịch trực tiếp tại quầy vé và khi mua kèm với 01 vé xem phim cùng suất chiếu.\n- Mỗi giao dịch chỉ được sử dụng tối đa 01 Movie voucher.\n- 01 Movie voucher có giá trị tương ứng với 01 vé xem phim 2D.\n- Movie voucher không áp dụng trong ngày lễ, Tết, ngày Tri ân, Happy Day và các suất chiếu sớm.\n- Movie voucher không có giá trị khi bị rách, tẩy xoá, hư hỏng hoặc không có đóng dấu.\n- Voucher không có giá trị quy đổi thành tiền mặt.', 1, '2019-06-13 16:00:00');
/*!40000 ALTER TABLE `notifications` ENABLE KEYS */;

-- Dumping structure for table booking_tickets.sales
DROP TABLE IF EXISTS `sales`;
CREATE TABLE IF NOT EXISTS `sales` (
  `id` int(10) unsigned NOT NULL AUTO_INCREMENT,
  `event_id` int(10) unsigned NOT NULL,
  `venue_id` int(10) unsigned NOT NULL,
  `unit_id` int(10) unsigned NOT NULL,
  `price` double unsigned NOT NULL,
  `status` int(10) unsigned NOT NULL,
  `start_date_sale` datetime NOT NULL,
  `end_date_sale` datetime NOT NULL,
  `block_id` int(10) unsigned NOT NULL,
  `gateway` varchar(20) COLLATE utf8mb4_unicode_ci DEFAULT NULL,
  `number_of_tickets` int(10) unsigned NOT NULL,
  PRIMARY KEY (`id`),
  KEY `FK_EVENT_SHOWINGS_EVENTS` (`event_id`),
  KEY `FK_EVENT_SHOWINGS_VENUES` (`venue_id`),
  KEY `FK_SALES_BLOCKS` (`block_id`),
  KEY `FK_SALES_UNITS` (`unit_id`),
  CONSTRAINT `FK_SALES_BLOCKS` FOREIGN KEY (`block_id`) REFERENCES `blocks` (`id`) ON DELETE NO ACTION ON UPDATE NO ACTION,
  CONSTRAINT `FK_SALES_EVENTS` FOREIGN KEY (`event_id`) REFERENCES `events` (`id`) ON DELETE NO ACTION ON UPDATE NO ACTION,
  CONSTRAINT `FK_SALES_UNITS` FOREIGN KEY (`unit_id`) REFERENCES `units` (`id`) ON DELETE NO ACTION ON UPDATE NO ACTION,
  CONSTRAINT `FK_SALES_VENUES` FOREIGN KEY (`venue_id`) REFERENCES `venues` (`id`) ON DELETE NO ACTION ON UPDATE NO ACTION
) ENGINE=InnoDB AUTO_INCREMENT=29 DEFAULT CHARSET=utf8mb4 COLLATE=utf8mb4_unicode_ci;

-- Dumping data for table booking_tickets.sales: ~28 rows (approximately)
/*!40000 ALTER TABLE `sales` DISABLE KEYS */;
INSERT INTO `sales` (`id`, `event_id`, `venue_id`, `unit_id`, `price`, `status`, `start_date_sale`, `end_date_sale`, `block_id`, `gateway`, `number_of_tickets`) VALUES
	(1, 1, 1, 1, 100000, 0, '2019-06-13 09:00:00', '2019-06-19 12:00:00', 1, 'Cửa A', 120),
	(2, 1, 1, 1, 100000, 0, '2019-06-13 09:00:00', '2019-06-19 12:00:00', 2, 'Cửa B', 120),
	(3, 1, 1, 1, 100000, 0, '2019-06-13 09:00:00', '2019-06-19 12:00:00', 3, 'Cửa C', 120),
	(4, 1, 1, 1, 100000, 0, '2019-06-13 09:00:00', '2019-06-19 12:00:00', 4, 'Cửa D', 120),
	(5, 2, 2, 1, 150000, 0, '2019-06-16 08:00:00', '2019-06-22 16:00:00', 5, 'Cửa A', 120),
	(6, 2, 2, 1, 150000, 0, '2019-06-16 08:00:00', '2019-06-22 16:00:00', 6, 'Cửa B', 120),
	(7, 2, 2, 1, 150000, 0, '2019-06-16 08:00:00', '2019-06-22 16:00:00', 7, 'Cửa C', 120),
	(8, 2, 2, 1, 150000, 0, '2019-06-16 08:00:00', '2019-06-22 16:00:00', 8, 'Cửa D', 120),
	(9, 3, 3, 1, 150000, 0, '2019-06-19 09:30:00', '2019-06-25 15:30:00', 9, 'Cửa A', 120),
	(10, 3, 3, 1, 150000, 0, '2019-06-19 09:30:00', '2019-06-25 15:30:00', 10, 'Cửa B', 120),
	(11, 3, 3, 1, 150000, 0, '2019-06-19 09:30:00', '2019-06-25 15:30:00', 11, 'Cửa C', 120),
	(12, 3, 3, 1, 150000, 0, '2019-06-19 09:30:00', '2019-06-25 15:30:00', 12, 'Cửa D', 120),
	(13, 4, 4, 1, 200000, 0, '2019-06-22 09:00:00', '2019-06-28 12:00:00', 13, 'Cửa A', 120),
	(14, 4, 4, 1, 200000, 0, '2019-06-22 09:00:00', '2019-06-28 12:00:00', 14, 'Cửa B', 120),
	(15, 4, 4, 1, 200000, 0, '2019-06-22 09:00:00', '2019-06-28 12:00:00', 15, 'Cửa C', 120),
	(16, 4, 4, 1, 200000, 0, '2019-06-22 09:00:00', '2019-06-28 12:00:00', 16, 'Cửa D', 120),
	(17, 5, 5, 1, 180000, 0, '2019-06-25 10:00:00', '2019-07-01 17:00:00', 17, 'Cửa A', 120),
	(18, 5, 5, 1, 180000, 0, '2019-06-25 10:00:00', '2019-07-01 17:00:00', 18, 'Cửa B', 120),
	(19, 5, 5, 1, 180000, 0, '2019-06-25 10:00:00', '2019-07-01 17:00:00', 19, 'Cửa C', 120),
	(20, 5, 5, 1, 180000, 0, '2019-06-25 10:00:00', '2019-07-01 17:00:00', 20, 'Cửa D', 120),
	(21, 6, 6, 1, 180000, 0, '2019-06-28 10:00:00', '2019-07-04 17:00:00', 21, 'Cửa A', 120),
	(22, 6, 6, 1, 180000, 0, '2019-06-28 10:00:00', '2019-07-04 17:00:00', 22, 'Cửa B', 120),
	(23, 6, 6, 1, 180000, 0, '2019-06-28 10:00:00', '2019-07-04 17:00:00', 23, 'Cửa C', 120),
	(24, 6, 6, 1, 180000, 0, '2019-06-28 10:00:00', '2019-07-04 17:00:00', 24, 'Cửa D', 120),
	(25, 7, 7, 1, 180000, 0, '2019-07-01 09:00:00', '2019-07-07 12:00:00', 25, 'Cửa A', 120),
	(26, 7, 7, 1, 180000, 0, '2019-07-01 09:00:00', '2019-07-07 12:00:00', 25, 'Cửa B', 120),
	(27, 7, 7, 1, 180000, 0, '2019-07-01 09:00:00', '2019-07-07 12:00:00', 25, 'Cửa C', 120),
	(28, 7, 7, 1, 180000, 0, '2019-07-01 09:00:00', '2019-07-07 12:00:00', 25, 'Cửa D', 120);
/*!40000 ALTER TABLE `sales` ENABLE KEYS */;

-- Dumping structure for table booking_tickets.seats
DROP TABLE IF EXISTS `seats`;
CREATE TABLE IF NOT EXISTS `seats` (
  `id` int(10) unsigned NOT NULL AUTO_INCREMENT,
  `row` char(10) COLLATE utf8mb4_unicode_ci NOT NULL,
  `number` char(10) COLLATE utf8mb4_unicode_ci NOT NULL,
  `type` int(10) unsigned NOT NULL,
  `location_id` int(10) unsigned NOT NULL,
  `block_id` int(10) unsigned DEFAULT NULL,
  PRIMARY KEY (`id`),
  KEY `FK_SEATS_LOCATIONS` (`location_id`),
  KEY `FK_SEATS_BLOCKS` (`block_id`),
  CONSTRAINT `FK_SEATS_BLOCKS` FOREIGN KEY (`block_id`) REFERENCES `blocks` (`id`) ON DELETE NO ACTION ON UPDATE NO ACTION,
  CONSTRAINT `FK_SEATS_LOCATIONS` FOREIGN KEY (`location_id`) REFERENCES `locations` (`id`) ON DELETE NO ACTION ON UPDATE NO ACTION
) ENGINE=InnoDB AUTO_INCREMENT=5521 DEFAULT CHARSET=utf8mb4 COLLATE=utf8mb4_unicode_ci;

-- Dumping data for table booking_tickets.seats: ~4.549 rows (approximately)
/*!40000 ALTER TABLE `seats` DISABLE KEYS */;
INSERT INTO `seats` (`id`, `row`, `number`, `type`, `location_id`, `block_id`) VALUES
	(1, 'A', '1', 0, 4, NULL),
	(2, 'A', '2', 0, 4, NULL),
	(3, 'A', '3', 0, 4, NULL),
	(4, 'A', '4', 0, 4, NULL),
	(5, 'A', '5', 0, 4, NULL),
	(6, 'A', '6', 0, 4, NULL),
	(7, 'A', '7', 0, 4, NULL),
	(8, 'A', '8', 0, 4, NULL),
	(9, 'A', '9', 0, 4, NULL),
	(10, 'A', '10', 0, 4, NULL),
	(11, 'A', '11', 0, 4, NULL),
	(12, 'A', '12', 0, 4, NULL),
	(13, 'B', '1', 0, 4, NULL),
	(14, 'B', '2', 0, 4, NULL),
	(15, 'B', '3', 0, 4, NULL),
	(16, 'B', '4', 0, 4, NULL),
	(17, 'B', '5', 0, 4, NULL),
	(18, 'B', '6', 0, 4, NULL),
	(19, 'B', '7', 0, 4, NULL),
	(20, 'B', '8', 0, 4, NULL),
	(21, 'B', '9', 0, 4, NULL),
	(22, 'B', '10', 0, 4, NULL),
	(23, 'B', '11', 0, 4, NULL),
	(24, 'B', '12', 0, 4, NULL),
	(25, 'C', '1', 0, 4, NULL),
	(26, 'C', '2', 0, 4, NULL),
	(27, 'C', '3', 0, 4, NULL),
	(28, 'C', '4', 0, 4, NULL),
	(29, 'C', '5', 0, 4, NULL),
	(30, 'C', '6', 0, 4, NULL),
	(31, 'C', '7', 0, 4, NULL),
	(32, 'C', '8', 0, 4, NULL),
	(33, 'C', '9', 0, 4, NULL),
	(34, 'C', '10', 0, 4, NULL),
	(35, 'C', '11', 0, 4, NULL),
	(36, 'C', '12', 0, 4, NULL),
	(37, 'D', '1', 0, 4, NULL),
	(38, 'D', '2', 0, 4, NULL),
	(39, 'D', '3', 0, 4, NULL),
	(40, 'D', '4', 0, 4, NULL),
	(41, 'D', '5', 0, 4, NULL),
	(42, 'D', '6', 0, 4, NULL),
	(43, 'D', '7', 0, 4, NULL),
	(44, 'D', '8', 0, 4, NULL),
	(45, 'D', '9', 0, 4, NULL),
	(46, 'D', '10', 0, 4, NULL),
	(47, 'D', '11', 0, 4, NULL),
	(48, 'D', '12', 0, 4, NULL),
	(49, 'E', '1', 0, 4, NULL),
	(50, 'E', '2', 0, 4, NULL),
	(51, 'E', '3', 0, 4, NULL),
	(52, 'E', '4', 0, 4, NULL),
	(53, 'E', '5', 0, 4, NULL),
	(54, 'E', '6', 0, 4, NULL),
	(55, 'E', '7', 0, 4, NULL),
	(56, 'E', '8', 0, 4, NULL),
	(57, 'E', '9', 0, 4, NULL),
	(58, 'E', '10', 0, 4, NULL),
	(59, 'E', '11', 0, 4, NULL),
	(60, 'E', '12', 0, 4, NULL),
	(61, 'F', '1', 0, 4, NULL),
	(62, 'F', '2', 0, 4, NULL),
	(63, 'F', '3', 0, 4, NULL),
	(64, 'F', '4', 0, 4, NULL),
	(65, 'F', '5', 0, 4, NULL),
	(66, 'F', '6', 0, 4, NULL),
	(67, 'F', '7', 0, 4, NULL),
	(68, 'F', '8', 0, 4, NULL),
	(69, 'F', '9', 0, 4, NULL),
	(70, 'F', '10', 0, 4, NULL),
	(71, 'F', '11', 0, 4, NULL),
	(72, 'F', '12', 0, 4, NULL),
	(73, 'G', '1', 0, 4, NULL),
	(74, 'G', '2', 0, 4, NULL),
	(75, 'G', '3', 0, 4, NULL),
	(76, 'G', '4', 0, 4, NULL),
	(77, 'G', '5', 0, 4, NULL),
	(78, 'G', '6', 0, 4, NULL),
	(79, 'G', '7', 0, 4, NULL),
	(80, 'G', '8', 0, 4, NULL),
	(81, 'G', '9', 0, 4, NULL),
	(82, 'G', '10', 0, 4, NULL),
	(83, 'G', '11', 0, 4, NULL),
	(84, 'G', '12', 0, 4, NULL),
	(85, 'H', '1', 0, 4, NULL),
	(86, 'H', '2', 0, 4, NULL),
	(87, 'H', '3', 0, 4, NULL),
	(88, 'H', '4', 0, 4, NULL),
	(89, 'H', '5', 0, 4, NULL),
	(90, 'H', '6', 0, 4, NULL),
	(91, 'H', '7', 0, 4, NULL),
	(92, 'H', '8', 0, 4, NULL),
	(93, 'H', '9', 0, 4, NULL),
	(94, 'H', '10', 0, 4, NULL),
	(95, 'H', '11', 0, 4, NULL),
	(96, 'H', '12', 0, 4, NULL),
	(97, 'I', '1', 0, 4, NULL),
	(98, 'I', '2', 0, 4, NULL),
	(99, 'I', '3', 0, 4, NULL),
	(100, 'I', '4', 0, 4, NULL),
	(101, 'I', '5', 0, 4, NULL),
	(102, 'I', '6', 0, 4, NULL),
	(103, 'I', '7', 0, 4, NULL),
	(104, 'I', '8', 0, 4, NULL),
	(105, 'I', '9', 0, 4, NULL),
	(106, 'I', '10', 0, 4, NULL),
	(107, 'I', '11', 0, 4, NULL),
	(108, 'I', '12', 0, 4, NULL),
	(109, 'J', '1', 0, 4, NULL),
	(110, 'J', '2', 0, 4, NULL),
	(111, 'J', '3', 0, 4, NULL),
	(112, 'J', '4', 0, 4, NULL),
	(113, 'J', '5', 0, 4, NULL),
	(114, 'J', '6', 0, 4, NULL),
	(115, 'J', '7', 0, 4, NULL),
	(116, 'J', '8', 0, 4, NULL),
	(117, 'J', '9', 0, 4, NULL),
	(118, 'J', '10', 0, 4, NULL),
	(119, 'J', '11', 0, 4, NULL),
	(120, 'J', '12', 0, 4, NULL),
	(121, 'A', '1', 0, 5, NULL),
	(122, 'A', '2', 0, 5, NULL),
	(123, 'A', '3', 0, 5, NULL),
	(124, 'A', '4', 0, 5, NULL),
	(125, 'A', '5', 0, 5, NULL),
	(126, 'A', '6', 0, 5, NULL),
	(127, 'A', '7', 0, 5, NULL),
	(128, 'A', '8', 0, 5, NULL),
	(129, 'A', '9', 0, 5, NULL),
	(130, 'A', '10', 0, 5, NULL),
	(131, 'A', '11', 0, 5, NULL),
	(132, 'A', '12', 0, 5, NULL),
	(133, 'B', '1', 0, 5, NULL),
	(134, 'B', '2', 0, 5, NULL),
	(135, 'B', '3', 0, 5, NULL),
	(136, 'B', '4', 0, 5, NULL),
	(137, 'B', '5', 0, 5, NULL),
	(138, 'B', '6', 0, 5, NULL),
	(139, 'B', '7', 0, 5, NULL),
	(140, 'B', '8', 0, 5, NULL),
	(141, 'B', '9', 0, 5, NULL),
	(142, 'B', '10', 0, 5, NULL),
	(143, 'B', '11', 0, 5, NULL),
	(144, 'B', '12', 0, 5, NULL),
	(145, 'C', '1', 0, 5, NULL),
	(146, 'C', '2', 0, 5, NULL),
	(147, 'C', '3', 0, 5, NULL),
	(148, 'C', '4', 0, 5, NULL),
	(149, 'C', '5', 0, 5, NULL),
	(150, 'C', '6', 0, 5, NULL),
	(151, 'C', '7', 0, 5, NULL),
	(152, 'C', '8', 0, 5, NULL),
	(153, 'C', '9', 0, 5, NULL),
	(154, 'C', '10', 0, 5, NULL),
	(155, 'C', '11', 0, 5, NULL),
	(156, 'C', '12', 0, 5, NULL),
	(157, 'D', '1', 0, 5, NULL),
	(158, 'D', '2', 0, 5, NULL),
	(159, 'D', '3', 0, 5, NULL),
	(160, 'D', '4', 0, 5, NULL),
	(161, 'D', '5', 0, 5, NULL),
	(162, 'D', '6', 0, 5, NULL),
	(163, 'D', '7', 0, 5, NULL),
	(164, 'D', '8', 0, 5, NULL),
	(165, 'D', '9', 0, 5, NULL),
	(166, 'D', '10', 0, 5, NULL),
	(167, 'D', '11', 0, 5, NULL),
	(168, 'D', '12', 0, 5, NULL),
	(169, 'E', '1', 0, 5, NULL),
	(170, 'E', '2', 0, 5, NULL),
	(171, 'E', '3', 0, 5, NULL),
	(172, 'E', '4', 0, 5, NULL),
	(173, 'E', '5', 0, 5, NULL),
	(174, 'E', '6', 0, 5, NULL),
	(175, 'E', '7', 0, 5, NULL),
	(176, 'E', '8', 0, 5, NULL),
	(177, 'E', '9', 0, 5, NULL),
	(178, 'E', '10', 0, 5, NULL),
	(179, 'E', '11', 0, 5, NULL),
	(180, 'E', '12', 0, 5, NULL),
	(181, 'F', '1', 0, 5, NULL),
	(182, 'F', '2', 0, 5, NULL),
	(183, 'F', '3', 0, 5, NULL),
	(184, 'F', '4', 0, 5, NULL),
	(185, 'F', '5', 0, 5, NULL),
	(186, 'F', '6', 0, 5, NULL),
	(187, 'F', '7', 0, 5, NULL),
	(188, 'F', '8', 0, 5, NULL),
	(189, 'F', '9', 0, 5, NULL),
	(190, 'F', '10', 0, 5, NULL),
	(191, 'F', '11', 0, 5, NULL),
	(192, 'F', '12', 0, 5, NULL),
	(193, 'G', '1', 0, 5, NULL),
	(194, 'G', '2', 0, 5, NULL),
	(195, 'G', '3', 0, 5, NULL),
	(196, 'G', '4', 0, 5, NULL),
	(197, 'G', '5', 0, 5, NULL),
	(198, 'G', '6', 0, 5, NULL),
	(199, 'G', '7', 0, 5, NULL),
	(200, 'G', '8', 0, 5, NULL),
	(201, 'G', '9', 0, 5, NULL),
	(202, 'G', '10', 0, 5, NULL),
	(203, 'G', '11', 0, 5, NULL),
	(204, 'G', '12', 0, 5, NULL),
	(205, 'H', '1', 0, 5, NULL),
	(206, 'H', '2', 0, 5, NULL),
	(207, 'H', '3', 0, 5, NULL),
	(208, 'H', '4', 0, 5, NULL),
	(209, 'H', '5', 0, 5, NULL),
	(210, 'H', '6', 0, 5, NULL),
	(211, 'H', '7', 0, 5, NULL),
	(212, 'H', '8', 0, 5, NULL),
	(213, 'H', '9', 0, 5, NULL),
	(214, 'H', '10', 0, 5, NULL),
	(215, 'H', '11', 0, 5, NULL),
	(216, 'H', '12', 0, 5, NULL),
	(217, 'I', '1', 0, 5, NULL),
	(218, 'I', '2', 0, 5, NULL),
	(219, 'I', '3', 0, 5, NULL),
	(220, 'I', '4', 0, 5, NULL),
	(221, 'I', '5', 0, 5, NULL),
	(222, 'I', '6', 0, 5, NULL),
	(223, 'I', '7', 0, 5, NULL),
	(224, 'I', '8', 0, 5, NULL),
	(225, 'I', '9', 0, 5, NULL),
	(226, 'I', '10', 0, 5, NULL),
	(227, 'I', '11', 0, 5, NULL),
	(228, 'I', '12', 0, 5, NULL),
	(229, 'J', '1', 0, 5, NULL),
	(230, 'J', '2', 0, 5, NULL),
	(231, 'J', '3', 0, 5, NULL),
	(232, 'J', '4', 0, 5, NULL),
	(233, 'J', '5', 0, 5, NULL),
	(234, 'J', '6', 0, 5, NULL),
	(235, 'J', '7', 0, 5, NULL),
	(236, 'J', '8', 0, 5, NULL),
	(237, 'J', '9', 0, 5, NULL),
	(238, 'J', '10', 0, 5, NULL),
	(239, 'J', '11', 0, 5, NULL),
	(240, 'J', '12', 0, 5, NULL),
	(241, 'A', '1', 0, 6, NULL),
	(242, 'A', '2', 0, 6, NULL),
	(243, 'A', '3', 0, 6, NULL),
	(244, 'A', '4', 0, 6, NULL),
	(245, 'A', '5', 0, 6, NULL),
	(246, 'A', '6', 0, 6, NULL),
	(247, 'A', '7', 0, 6, NULL),
	(248, 'A', '8', 0, 6, NULL),
	(249, 'A', '9', 0, 6, NULL),
	(250, 'A', '10', 0, 6, NULL),
	(251, 'A', '11', 0, 6, NULL),
	(252, 'A', '12', 0, 6, NULL),
	(253, 'B', '1', 0, 6, NULL),
	(254, 'B', '2', 0, 6, NULL),
	(255, 'B', '3', 0, 6, NULL),
	(256, 'B', '4', 0, 6, NULL),
	(257, 'B', '5', 0, 6, NULL),
	(258, 'B', '6', 0, 6, NULL),
	(259, 'B', '7', 0, 6, NULL),
	(260, 'B', '8', 0, 6, NULL),
	(261, 'B', '9', 0, 6, NULL),
	(262, 'B', '10', 0, 6, NULL),
	(263, 'B', '11', 0, 6, NULL),
	(264, 'B', '12', 0, 6, NULL),
	(265, 'C', '1', 0, 6, NULL),
	(266, 'C', '2', 0, 6, NULL),
	(267, 'C', '3', 0, 6, NULL),
	(268, 'C', '4', 0, 6, NULL),
	(269, 'C', '5', 0, 6, NULL),
	(270, 'C', '6', 0, 6, NULL),
	(271, 'C', '7', 0, 6, NULL),
	(272, 'C', '8', 0, 6, NULL),
	(273, 'C', '9', 0, 6, NULL),
	(274, 'C', '10', 0, 6, NULL),
	(275, 'C', '11', 0, 6, NULL),
	(276, 'C', '12', 0, 6, NULL),
	(277, 'D', '1', 0, 6, NULL),
	(278, 'D', '2', 0, 6, NULL),
	(279, 'D', '3', 0, 6, NULL),
	(280, 'D', '4', 0, 6, NULL),
	(281, 'D', '5', 0, 6, NULL),
	(282, 'D', '6', 0, 6, NULL),
	(283, 'D', '7', 0, 6, NULL),
	(284, 'D', '8', 0, 6, NULL),
	(285, 'D', '9', 0, 6, NULL),
	(286, 'D', '10', 0, 6, NULL),
	(287, 'D', '11', 0, 6, NULL),
	(288, 'D', '12', 0, 6, NULL),
	(289, 'E', '1', 0, 6, NULL),
	(290, 'E', '2', 0, 6, NULL),
	(291, 'E', '3', 0, 6, NULL),
	(292, 'E', '4', 0, 6, NULL),
	(293, 'E', '5', 0, 6, NULL),
	(294, 'E', '6', 0, 6, NULL),
	(295, 'E', '7', 0, 6, NULL),
	(296, 'E', '8', 0, 6, NULL),
	(297, 'E', '9', 0, 6, NULL),
	(298, 'E', '10', 0, 6, NULL),
	(299, 'E', '11', 0, 6, NULL),
	(300, 'E', '12', 0, 6, NULL),
	(301, 'F', '1', 0, 6, NULL),
	(302, 'F', '2', 0, 6, NULL),
	(303, 'F', '3', 0, 6, NULL),
	(304, 'F', '4', 0, 6, NULL),
	(305, 'F', '5', 0, 6, NULL),
	(306, 'F', '6', 0, 6, NULL),
	(307, 'F', '7', 0, 6, NULL),
	(308, 'F', '8', 0, 6, NULL),
	(309, 'F', '9', 0, 6, NULL),
	(310, 'F', '10', 0, 6, NULL),
	(311, 'F', '11', 0, 6, NULL),
	(312, 'F', '12', 0, 6, NULL),
	(313, 'G', '1', 0, 6, NULL),
	(314, 'G', '2', 0, 6, NULL),
	(315, 'G', '3', 0, 6, NULL),
	(316, 'G', '4', 0, 6, NULL),
	(317, 'G', '5', 0, 6, NULL),
	(318, 'G', '6', 0, 6, NULL),
	(319, 'G', '7', 0, 6, NULL),
	(320, 'G', '8', 0, 6, NULL),
	(321, 'G', '9', 0, 6, NULL),
	(322, 'G', '10', 0, 6, NULL),
	(323, 'G', '11', 0, 6, NULL),
	(324, 'G', '12', 0, 6, NULL),
	(325, 'H', '1', 0, 6, NULL),
	(326, 'H', '2', 0, 6, NULL),
	(327, 'H', '3', 0, 6, NULL),
	(328, 'H', '4', 0, 6, NULL),
	(329, 'H', '5', 0, 6, NULL),
	(330, 'H', '6', 0, 6, NULL),
	(331, 'H', '7', 0, 6, NULL),
	(332, 'H', '8', 0, 6, NULL),
	(333, 'H', '9', 0, 6, NULL),
	(334, 'H', '10', 0, 6, NULL),
	(335, 'H', '11', 0, 6, NULL),
	(336, 'H', '12', 0, 6, NULL),
	(337, 'I', '1', 0, 6, NULL),
	(338, 'I', '2', 0, 6, NULL),
	(339, 'I', '3', 0, 6, NULL),
	(340, 'I', '4', 0, 6, NULL),
	(341, 'I', '5', 0, 6, NULL),
	(342, 'I', '6', 0, 6, NULL),
	(343, 'I', '7', 0, 6, NULL),
	(344, 'I', '8', 0, 6, NULL),
	(345, 'I', '9', 0, 6, NULL),
	(346, 'I', '10', 0, 6, NULL),
	(347, 'I', '11', 0, 6, NULL),
	(348, 'I', '12', 0, 6, NULL),
	(349, 'J', '1', 0, 6, NULL),
	(350, 'J', '2', 0, 6, NULL),
	(351, 'J', '3', 0, 6, NULL),
	(352, 'J', '4', 0, 6, NULL),
	(353, 'J', '5', 0, 6, NULL),
	(354, 'J', '6', 0, 6, NULL),
	(355, 'J', '7', 0, 6, NULL),
	(356, 'J', '8', 0, 6, NULL),
	(357, 'J', '9', 0, 6, NULL),
	(358, 'J', '10', 0, 6, NULL),
	(359, 'J', '11', 0, 6, NULL),
	(360, 'J', '12', 0, 6, NULL),
	(361, 'A', '1', 0, 7, NULL),
	(362, 'A', '2', 0, 7, NULL),
	(363, 'A', '3', 0, 7, NULL),
	(364, 'A', '4', 0, 7, NULL),
	(365, 'A', '5', 0, 7, NULL),
	(366, 'A', '6', 0, 7, NULL),
	(367, 'A', '7', 0, 7, NULL),
	(368, 'A', '8', 0, 7, NULL),
	(369, 'A', '9', 0, 7, NULL),
	(370, 'A', '10', 0, 7, NULL),
	(371, 'A', '11', 0, 7, NULL),
	(372, 'A', '12', 0, 7, NULL),
	(373, 'B', '1', 0, 7, NULL),
	(374, 'B', '2', 0, 7, NULL),
	(375, 'B', '3', 0, 7, NULL),
	(376, 'B', '4', 0, 7, NULL),
	(377, 'B', '5', 0, 7, NULL),
	(378, 'B', '6', 0, 7, NULL),
	(379, 'B', '7', 0, 7, NULL),
	(380, 'B', '8', 0, 7, NULL),
	(381, 'B', '9', 0, 7, NULL),
	(382, 'B', '10', 0, 7, NULL),
	(383, 'B', '11', 0, 7, NULL),
	(384, 'B', '12', 0, 7, NULL),
	(385, 'C', '1', 0, 7, NULL),
	(386, 'C', '2', 0, 7, NULL),
	(387, 'C', '3', 0, 7, NULL),
	(388, 'C', '4', 0, 7, NULL),
	(389, 'C', '5', 0, 7, NULL),
	(390, 'C', '6', 0, 7, NULL),
	(391, 'C', '7', 0, 7, NULL),
	(392, 'C', '8', 0, 7, NULL),
	(393, 'C', '9', 0, 7, NULL),
	(394, 'C', '10', 0, 7, NULL),
	(395, 'C', '11', 0, 7, NULL),
	(396, 'C', '12', 0, 7, NULL),
	(397, 'D', '1', 0, 7, NULL),
	(398, 'D', '2', 0, 7, NULL),
	(399, 'D', '3', 0, 7, NULL),
	(400, 'D', '4', 0, 7, NULL),
	(401, 'D', '5', 0, 7, NULL),
	(402, 'D', '6', 0, 7, NULL),
	(403, 'D', '7', 0, 7, NULL),
	(404, 'D', '8', 0, 7, NULL),
	(405, 'D', '9', 0, 7, NULL),
	(406, 'D', '10', 0, 7, NULL),
	(407, 'D', '11', 0, 7, NULL),
	(408, 'D', '12', 0, 7, NULL),
	(409, 'E', '1', 0, 7, NULL),
	(410, 'E', '2', 0, 7, NULL),
	(411, 'E', '3', 0, 7, NULL),
	(412, 'E', '4', 0, 7, NULL),
	(413, 'E', '5', 0, 7, NULL),
	(414, 'E', '6', 0, 7, NULL),
	(415, 'E', '7', 0, 7, NULL),
	(416, 'E', '8', 0, 7, NULL),
	(417, 'E', '9', 0, 7, NULL),
	(418, 'E', '10', 0, 7, NULL),
	(419, 'E', '11', 0, 7, NULL),
	(420, 'E', '12', 0, 7, NULL),
	(421, 'F', '1', 0, 7, NULL),
	(422, 'F', '2', 0, 7, NULL),
	(423, 'F', '3', 0, 7, NULL),
	(424, 'F', '4', 0, 7, NULL),
	(425, 'F', '5', 0, 7, NULL),
	(426, 'F', '6', 0, 7, NULL),
	(427, 'F', '7', 0, 7, NULL),
	(428, 'F', '8', 0, 7, NULL),
	(429, 'F', '9', 0, 7, NULL),
	(430, 'F', '10', 0, 7, NULL),
	(431, 'F', '11', 0, 7, NULL),
	(432, 'F', '12', 0, 7, NULL),
	(433, 'G', '1', 0, 7, NULL),
	(434, 'G', '2', 0, 7, NULL),
	(435, 'G', '3', 0, 7, NULL),
	(436, 'G', '4', 0, 7, NULL),
	(437, 'G', '5', 0, 7, NULL),
	(438, 'G', '6', 0, 7, NULL),
	(439, 'G', '7', 0, 7, NULL),
	(440, 'G', '8', 0, 7, NULL),
	(441, 'G', '9', 0, 7, NULL),
	(442, 'G', '10', 0, 7, NULL),
	(443, 'G', '11', 0, 7, NULL),
	(444, 'G', '12', 0, 7, NULL),
	(445, 'H', '1', 0, 7, NULL),
	(446, 'H', '2', 0, 7, NULL),
	(447, 'H', '3', 0, 7, NULL),
	(448, 'H', '4', 0, 7, NULL),
	(449, 'H', '5', 0, 7, NULL),
	(450, 'H', '6', 0, 7, NULL),
	(451, 'H', '7', 0, 7, NULL),
	(452, 'H', '8', 0, 7, NULL),
	(453, 'H', '9', 0, 7, NULL),
	(454, 'H', '10', 0, 7, NULL),
	(455, 'H', '11', 0, 7, NULL),
	(456, 'H', '12', 0, 7, NULL),
	(457, 'I', '1', 0, 7, NULL),
	(458, 'I', '2', 0, 7, NULL),
	(459, 'I', '3', 0, 7, NULL),
	(460, 'I', '4', 0, 7, NULL),
	(461, 'I', '5', 0, 7, NULL),
	(462, 'I', '6', 0, 7, NULL),
	(463, 'I', '7', 0, 7, NULL),
	(464, 'I', '8', 0, 7, NULL),
	(465, 'I', '9', 0, 7, NULL),
	(466, 'I', '10', 0, 7, NULL),
	(467, 'I', '11', 0, 7, NULL),
	(468, 'I', '12', 0, 7, NULL),
	(469, 'J', '1', 0, 7, NULL),
	(470, 'J', '2', 0, 7, NULL),
	(471, 'J', '3', 0, 7, NULL),
	(472, 'J', '4', 0, 7, NULL),
	(473, 'J', '5', 0, 7, NULL),
	(474, 'J', '6', 0, 7, NULL),
	(475, 'J', '7', 0, 7, NULL),
	(476, 'J', '8', 0, 7, NULL),
	(477, 'J', '9', 0, 7, NULL),
	(478, 'J', '10', 0, 7, NULL),
	(479, 'J', '11', 0, 7, NULL),
	(480, 'J', '12', 0, 7, NULL),
	(481, 'A', '1', 0, 8, NULL),
	(482, 'A', '2', 0, 8, NULL),
	(483, 'A', '3', 0, 8, NULL),
	(484, 'A', '4', 0, 8, NULL),
	(485, 'A', '5', 0, 8, NULL),
	(486, 'A', '6', 0, 8, NULL),
	(487, 'A', '7', 0, 8, NULL),
	(488, 'A', '8', 0, 8, NULL),
	(489, 'A', '9', 0, 8, NULL),
	(490, 'A', '10', 0, 8, NULL),
	(491, 'A', '11', 0, 8, NULL),
	(492, 'A', '12', 0, 8, NULL),
	(493, 'B', '1', 0, 8, NULL),
	(494, 'B', '2', 0, 8, NULL),
	(495, 'B', '3', 0, 8, NULL),
	(496, 'B', '4', 0, 8, NULL),
	(497, 'B', '5', 0, 8, NULL),
	(498, 'B', '6', 0, 8, NULL),
	(499, 'B', '7', 0, 8, NULL),
	(500, 'B', '8', 0, 8, NULL),
	(501, 'B', '9', 0, 8, NULL),
	(502, 'B', '10', 0, 8, NULL),
	(503, 'B', '11', 0, 8, NULL),
	(504, 'B', '12', 0, 8, NULL),
	(505, 'C', '1', 0, 8, NULL),
	(506, 'C', '2', 0, 8, NULL),
	(507, 'C', '3', 0, 8, NULL),
	(508, 'C', '4', 0, 8, NULL),
	(509, 'C', '5', 0, 8, NULL),
	(510, 'C', '6', 0, 8, NULL),
	(511, 'C', '7', 0, 8, NULL),
	(512, 'C', '8', 0, 8, NULL),
	(513, 'C', '9', 0, 8, NULL),
	(514, 'C', '10', 0, 8, NULL),
	(515, 'C', '11', 0, 8, NULL),
	(516, 'C', '12', 0, 8, NULL),
	(517, 'D', '1', 0, 8, NULL),
	(518, 'D', '2', 0, 8, NULL),
	(519, 'D', '3', 0, 8, NULL),
	(520, 'D', '4', 0, 8, NULL),
	(521, 'D', '5', 0, 8, NULL),
	(522, 'D', '6', 0, 8, NULL),
	(523, 'D', '7', 0, 8, NULL),
	(524, 'D', '8', 0, 8, NULL),
	(525, 'D', '9', 0, 8, NULL),
	(526, 'D', '10', 0, 8, NULL),
	(527, 'D', '11', 0, 8, NULL),
	(528, 'D', '12', 0, 8, NULL),
	(529, 'E', '1', 0, 8, NULL),
	(530, 'E', '2', 0, 8, NULL),
	(531, 'E', '3', 0, 8, NULL),
	(532, 'E', '4', 0, 8, NULL),
	(533, 'E', '5', 0, 8, NULL),
	(534, 'E', '6', 0, 8, NULL),
	(535, 'E', '7', 0, 8, NULL),
	(536, 'E', '8', 0, 8, NULL),
	(537, 'E', '9', 0, 8, NULL),
	(538, 'E', '10', 0, 8, NULL),
	(539, 'E', '11', 0, 8, NULL),
	(540, 'E', '12', 0, 8, NULL),
	(541, 'F', '1', 0, 8, NULL),
	(542, 'F', '2', 0, 8, NULL),
	(543, 'F', '3', 0, 8, NULL),
	(544, 'F', '4', 0, 8, NULL),
	(545, 'F', '5', 0, 8, NULL),
	(546, 'F', '6', 0, 8, NULL),
	(547, 'F', '7', 0, 8, NULL),
	(548, 'F', '8', 0, 8, NULL),
	(549, 'F', '9', 0, 8, NULL),
	(550, 'F', '10', 0, 8, NULL),
	(551, 'F', '11', 0, 8, NULL),
	(552, 'F', '12', 0, 8, NULL),
	(553, 'G', '1', 0, 8, NULL),
	(554, 'G', '2', 0, 8, NULL),
	(555, 'G', '3', 0, 8, NULL),
	(556, 'G', '4', 0, 8, NULL),
	(557, 'G', '5', 0, 8, NULL),
	(558, 'G', '6', 0, 8, NULL),
	(559, 'G', '7', 0, 8, NULL),
	(560, 'G', '8', 0, 8, NULL),
	(561, 'G', '9', 0, 8, NULL),
	(562, 'G', '10', 0, 8, NULL),
	(563, 'G', '11', 0, 8, NULL),
	(564, 'G', '12', 0, 8, NULL),
	(565, 'H', '1', 0, 8, NULL),
	(566, 'H', '2', 0, 8, NULL),
	(567, 'H', '3', 0, 8, NULL),
	(568, 'H', '4', 0, 8, NULL),
	(569, 'H', '5', 0, 8, NULL),
	(570, 'H', '6', 0, 8, NULL),
	(571, 'H', '7', 0, 8, NULL),
	(572, 'H', '8', 0, 8, NULL),
	(573, 'H', '9', 0, 8, NULL),
	(574, 'H', '10', 0, 8, NULL),
	(575, 'H', '11', 0, 8, NULL),
	(576, 'H', '12', 0, 8, NULL),
	(577, 'I', '1', 0, 8, NULL),
	(578, 'I', '2', 0, 8, NULL),
	(579, 'I', '3', 0, 8, NULL),
	(580, 'I', '4', 0, 8, NULL),
	(581, 'I', '5', 0, 8, NULL),
	(582, 'I', '6', 0, 8, NULL),
	(583, 'I', '7', 0, 8, NULL),
	(584, 'I', '8', 0, 8, NULL),
	(585, 'I', '9', 0, 8, NULL),
	(586, 'I', '10', 0, 8, NULL),
	(587, 'I', '11', 0, 8, NULL),
	(588, 'I', '12', 0, 8, NULL),
	(589, 'J', '1', 0, 8, NULL),
	(590, 'J', '2', 0, 8, NULL),
	(591, 'J', '3', 0, 8, NULL),
	(592, 'J', '4', 0, 8, NULL),
	(593, 'J', '5', 0, 8, NULL),
	(594, 'J', '6', 0, 8, NULL),
	(595, 'J', '7', 0, 8, NULL),
	(596, 'J', '8', 0, 8, NULL),
	(597, 'J', '9', 0, 8, NULL),
	(598, 'J', '10', 0, 8, NULL),
	(599, 'J', '11', 0, 8, NULL),
	(600, 'J', '12', 0, 8, NULL),
	(601, 'A', '1', 0, 9, NULL),
	(602, 'A', '2', 0, 9, NULL),
	(603, 'A', '3', 0, 9, NULL),
	(604, 'A', '4', 0, 9, NULL),
	(605, 'A', '5', 0, 9, NULL),
	(606, 'A', '6', 0, 9, NULL),
	(607, 'A', '7', 0, 9, NULL),
	(608, 'A', '8', 0, 9, NULL),
	(609, 'A', '9', 0, 9, NULL),
	(610, 'A', '10', 0, 9, NULL),
	(611, 'A', '11', 0, 9, NULL),
	(612, 'A', '12', 0, 9, NULL),
	(613, 'B', '1', 0, 9, NULL),
	(614, 'B', '2', 0, 9, NULL),
	(615, 'B', '3', 0, 9, NULL),
	(616, 'B', '4', 0, 9, NULL),
	(617, 'B', '5', 0, 9, NULL),
	(618, 'B', '6', 0, 9, NULL),
	(619, 'B', '7', 0, 9, NULL),
	(620, 'B', '8', 0, 9, NULL),
	(621, 'B', '9', 0, 9, NULL),
	(622, 'B', '10', 0, 9, NULL),
	(623, 'B', '11', 0, 9, NULL),
	(624, 'B', '12', 0, 9, NULL),
	(625, 'C', '1', 0, 9, NULL),
	(626, 'C', '2', 0, 9, NULL),
	(627, 'C', '3', 0, 9, NULL),
	(628, 'C', '4', 0, 9, NULL),
	(629, 'C', '5', 0, 9, NULL),
	(630, 'C', '6', 0, 9, NULL),
	(631, 'C', '7', 0, 9, NULL),
	(632, 'C', '8', 0, 9, NULL),
	(633, 'C', '9', 0, 9, NULL),
	(634, 'C', '10', 0, 9, NULL),
	(635, 'C', '11', 0, 9, NULL),
	(636, 'C', '12', 0, 9, NULL),
	(637, 'D', '1', 0, 9, NULL),
	(638, 'D', '2', 0, 9, NULL),
	(639, 'D', '3', 0, 9, NULL),
	(640, 'D', '4', 0, 9, NULL),
	(641, 'D', '5', 0, 9, NULL),
	(642, 'D', '6', 0, 9, NULL),
	(643, 'D', '7', 0, 9, NULL),
	(644, 'D', '8', 0, 9, NULL),
	(645, 'D', '9', 0, 9, NULL),
	(646, 'D', '10', 0, 9, NULL),
	(647, 'D', '11', 0, 9, NULL),
	(648, 'D', '12', 0, 9, NULL),
	(649, 'E', '1', 0, 9, NULL),
	(650, 'E', '2', 0, 9, NULL),
	(651, 'E', '3', 0, 9, NULL),
	(652, 'E', '4', 0, 9, NULL),
	(653, 'E', '5', 0, 9, NULL),
	(654, 'E', '6', 0, 9, NULL),
	(655, 'E', '7', 0, 9, NULL),
	(656, 'E', '8', 0, 9, NULL),
	(657, 'E', '9', 0, 9, NULL),
	(658, 'E', '10', 0, 9, NULL),
	(659, 'E', '11', 0, 9, NULL),
	(660, 'E', '12', 0, 9, NULL),
	(661, 'F', '1', 0, 9, NULL),
	(662, 'F', '2', 0, 9, NULL),
	(663, 'F', '3', 0, 9, NULL),
	(664, 'F', '4', 0, 9, NULL),
	(665, 'F', '5', 0, 9, NULL),
	(666, 'F', '6', 0, 9, NULL),
	(667, 'F', '7', 0, 9, NULL),
	(668, 'F', '8', 0, 9, NULL),
	(669, 'F', '9', 0, 9, NULL),
	(670, 'F', '10', 0, 9, NULL),
	(671, 'F', '11', 0, 9, NULL),
	(672, 'F', '12', 0, 9, NULL),
	(673, 'G', '1', 0, 9, NULL),
	(674, 'G', '2', 0, 9, NULL),
	(675, 'G', '3', 0, 9, NULL),
	(676, 'G', '4', 0, 9, NULL),
	(677, 'G', '5', 0, 9, NULL),
	(678, 'G', '6', 0, 9, NULL),
	(679, 'G', '7', 0, 9, NULL),
	(680, 'G', '8', 0, 9, NULL),
	(681, 'G', '9', 0, 9, NULL),
	(682, 'G', '10', 0, 9, NULL),
	(683, 'G', '11', 0, 9, NULL),
	(684, 'G', '12', 0, 9, NULL),
	(685, 'H', '1', 0, 9, NULL),
	(686, 'H', '2', 0, 9, NULL),
	(687, 'H', '3', 0, 9, NULL),
	(688, 'H', '4', 0, 9, NULL),
	(689, 'H', '5', 0, 9, NULL),
	(690, 'H', '6', 0, 9, NULL),
	(691, 'H', '7', 0, 9, NULL),
	(692, 'H', '8', 0, 9, NULL),
	(693, 'H', '9', 0, 9, NULL),
	(694, 'H', '10', 0, 9, NULL),
	(695, 'H', '11', 0, 9, NULL),
	(696, 'H', '12', 0, 9, NULL),
	(697, 'I', '1', 0, 9, NULL),
	(698, 'I', '2', 0, 9, NULL),
	(699, 'I', '3', 0, 9, NULL),
	(700, 'I', '4', 0, 9, NULL),
	(701, 'I', '5', 0, 9, NULL),
	(702, 'I', '6', 0, 9, NULL),
	(703, 'I', '7', 0, 9, NULL),
	(704, 'I', '8', 0, 9, NULL),
	(705, 'I', '9', 0, 9, NULL),
	(706, 'I', '10', 0, 9, NULL),
	(707, 'I', '11', 0, 9, NULL),
	(708, 'I', '12', 0, 9, NULL),
	(709, 'J', '1', 0, 9, NULL),
	(710, 'J', '2', 0, 9, NULL),
	(711, 'J', '3', 0, 9, NULL),
	(712, 'J', '4', 0, 9, NULL),
	(713, 'J', '5', 0, 9, NULL),
	(714, 'J', '6', 0, 9, NULL),
	(715, 'J', '7', 0, 9, NULL),
	(716, 'J', '8', 0, 9, NULL),
	(717, 'J', '9', 0, 9, NULL),
	(718, 'J', '10', 0, 9, NULL),
	(719, 'J', '11', 0, 9, NULL),
	(720, 'J', '12', 0, 9, NULL),
	(721, 'A', '1', 0, 10, NULL),
	(722, 'A', '2', 0, 10, NULL),
	(723, 'A', '3', 0, 10, NULL),
	(724, 'A', '4', 0, 10, NULL),
	(725, 'A', '5', 0, 10, NULL),
	(726, 'A', '6', 0, 10, NULL),
	(727, 'A', '7', 0, 10, NULL),
	(728, 'A', '8', 0, 10, NULL),
	(729, 'A', '9', 0, 10, NULL),
	(730, 'A', '10', 0, 10, NULL),
	(731, 'A', '11', 0, 10, NULL),
	(732, 'A', '12', 0, 10, NULL),
	(733, 'B', '1', 0, 10, NULL),
	(734, 'B', '2', 0, 10, NULL),
	(735, 'B', '3', 0, 10, NULL),
	(736, 'B', '4', 0, 10, NULL),
	(737, 'B', '5', 0, 10, NULL),
	(738, 'B', '6', 0, 10, NULL),
	(739, 'B', '7', 0, 10, NULL),
	(740, 'B', '8', 0, 10, NULL),
	(741, 'B', '9', 0, 10, NULL),
	(742, 'B', '10', 0, 10, NULL),
	(743, 'B', '11', 0, 10, NULL),
	(744, 'B', '12', 0, 10, NULL),
	(745, 'C', '1', 0, 10, NULL),
	(746, 'C', '2', 0, 10, NULL),
	(747, 'C', '3', 0, 10, NULL),
	(748, 'C', '4', 0, 10, NULL),
	(749, 'C', '5', 0, 10, NULL),
	(750, 'C', '6', 0, 10, NULL),
	(751, 'C', '7', 0, 10, NULL),
	(752, 'C', '8', 0, 10, NULL),
	(753, 'C', '9', 0, 10, NULL),
	(754, 'C', '10', 0, 10, NULL),
	(755, 'C', '11', 0, 10, NULL),
	(756, 'C', '12', 0, 10, NULL),
	(757, 'D', '1', 0, 10, NULL),
	(758, 'D', '2', 0, 10, NULL),
	(759, 'D', '3', 0, 10, NULL),
	(760, 'D', '4', 0, 10, NULL),
	(761, 'D', '5', 0, 10, NULL),
	(762, 'D', '6', 0, 10, NULL),
	(763, 'D', '7', 0, 10, NULL),
	(764, 'D', '8', 0, 10, NULL),
	(765, 'D', '9', 0, 10, NULL),
	(766, 'D', '10', 0, 10, NULL),
	(767, 'D', '11', 0, 10, NULL),
	(768, 'D', '12', 0, 10, NULL),
	(769, 'E', '1', 0, 10, NULL),
	(770, 'E', '2', 0, 10, NULL),
	(771, 'E', '3', 0, 10, NULL),
	(772, 'E', '4', 0, 10, NULL),
	(773, 'E', '5', 0, 10, NULL),
	(774, 'E', '6', 0, 10, NULL),
	(775, 'E', '7', 0, 10, NULL),
	(776, 'E', '8', 0, 10, NULL),
	(777, 'E', '9', 0, 10, NULL),
	(778, 'E', '10', 0, 10, NULL),
	(779, 'E', '11', 0, 10, NULL),
	(780, 'E', '12', 0, 10, NULL),
	(781, 'F', '1', 0, 10, NULL),
	(782, 'F', '2', 0, 10, NULL),
	(783, 'F', '3', 0, 10, NULL),
	(784, 'F', '4', 0, 10, NULL),
	(785, 'F', '5', 0, 10, NULL),
	(786, 'F', '6', 0, 10, NULL),
	(787, 'F', '7', 0, 10, NULL),
	(788, 'F', '8', 0, 10, NULL),
	(789, 'F', '9', 0, 10, NULL),
	(790, 'F', '10', 0, 10, NULL),
	(791, 'F', '11', 0, 10, NULL),
	(792, 'F', '12', 0, 10, NULL),
	(793, 'G', '1', 0, 10, NULL),
	(794, 'G', '2', 0, 10, NULL),
	(795, 'G', '3', 0, 10, NULL),
	(796, 'G', '4', 0, 10, NULL),
	(797, 'G', '5', 0, 10, NULL),
	(798, 'G', '6', 0, 10, NULL),
	(799, 'G', '7', 0, 10, NULL),
	(800, 'G', '8', 0, 10, NULL),
	(801, 'G', '9', 0, 10, NULL),
	(802, 'G', '10', 0, 10, NULL),
	(803, 'G', '11', 0, 10, NULL),
	(804, 'G', '12', 0, 10, NULL),
	(805, 'H', '1', 0, 10, NULL),
	(806, 'H', '2', 0, 10, NULL),
	(807, 'H', '3', 0, 10, NULL),
	(808, 'H', '4', 0, 10, NULL),
	(809, 'H', '5', 0, 10, NULL),
	(810, 'H', '6', 0, 10, NULL),
	(811, 'H', '7', 0, 10, NULL),
	(812, 'H', '8', 0, 10, NULL),
	(813, 'H', '9', 0, 10, NULL),
	(814, 'H', '10', 0, 10, NULL),
	(815, 'H', '11', 0, 10, NULL),
	(816, 'H', '12', 0, 10, NULL),
	(817, 'I', '1', 0, 10, NULL),
	(818, 'I', '2', 0, 10, NULL),
	(819, 'I', '3', 0, 10, NULL),
	(820, 'I', '4', 0, 10, NULL),
	(821, 'I', '5', 0, 10, NULL),
	(822, 'I', '6', 0, 10, NULL),
	(823, 'I', '7', 0, 10, NULL),
	(824, 'I', '8', 0, 10, NULL),
	(825, 'I', '9', 0, 10, NULL),
	(826, 'I', '10', 0, 10, NULL),
	(827, 'I', '11', 0, 10, NULL),
	(828, 'I', '12', 0, 10, NULL),
	(829, 'J', '1', 0, 10, NULL),
	(830, 'J', '2', 0, 10, NULL),
	(831, 'J', '3', 0, 10, NULL),
	(832, 'J', '4', 0, 10, NULL),
	(833, 'J', '5', 0, 10, NULL),
	(834, 'J', '6', 0, 10, NULL),
	(835, 'J', '7', 0, 10, NULL),
	(836, 'J', '8', 0, 10, NULL),
	(837, 'J', '9', 0, 10, NULL),
	(838, 'J', '10', 0, 10, NULL),
	(839, 'J', '11', 0, 10, NULL),
	(840, 'J', '12', 0, 10, NULL),
	(841, 'A', '1', 0, 11, NULL),
	(842, 'A', '2', 0, 11, NULL),
	(843, 'A', '3', 0, 11, NULL),
	(844, 'A', '4', 0, 11, NULL),
	(845, 'A', '5', 0, 11, NULL),
	(846, 'A', '6', 0, 11, NULL),
	(847, 'A', '7', 0, 11, NULL),
	(848, 'A', '8', 0, 11, NULL),
	(849, 'A', '9', 0, 11, NULL),
	(850, 'A', '10', 0, 11, NULL),
	(851, 'A', '11', 0, 11, NULL),
	(852, 'A', '12', 0, 11, NULL),
	(853, 'B', '1', 0, 11, NULL),
	(854, 'B', '2', 0, 11, NULL),
	(855, 'B', '3', 0, 11, NULL),
	(856, 'B', '4', 0, 11, NULL),
	(857, 'B', '5', 0, 11, NULL),
	(858, 'B', '6', 0, 11, NULL),
	(859, 'B', '7', 0, 11, NULL),
	(860, 'B', '8', 0, 11, NULL),
	(861, 'B', '9', 0, 11, NULL),
	(862, 'B', '10', 0, 11, NULL),
	(863, 'B', '11', 0, 11, NULL),
	(864, 'B', '12', 0, 11, NULL),
	(865, 'C', '1', 0, 11, NULL),
	(866, 'C', '2', 0, 11, NULL),
	(867, 'C', '3', 0, 11, NULL),
	(868, 'C', '4', 0, 11, NULL),
	(869, 'C', '5', 0, 11, NULL),
	(870, 'C', '6', 0, 11, NULL),
	(871, 'C', '7', 0, 11, NULL),
	(872, 'C', '8', 0, 11, NULL),
	(873, 'C', '9', 0, 11, NULL),
	(874, 'C', '10', 0, 11, NULL),
	(875, 'C', '11', 0, 11, NULL),
	(876, 'C', '12', 0, 11, NULL),
	(877, 'D', '1', 0, 11, NULL),
	(878, 'D', '2', 0, 11, NULL),
	(879, 'D', '3', 0, 11, NULL),
	(880, 'D', '4', 0, 11, NULL),
	(881, 'D', '5', 0, 11, NULL),
	(882, 'D', '6', 0, 11, NULL),
	(883, 'D', '7', 0, 11, NULL),
	(884, 'D', '8', 0, 11, NULL),
	(885, 'D', '9', 0, 11, NULL),
	(886, 'D', '10', 0, 11, NULL),
	(887, 'D', '11', 0, 11, NULL),
	(888, 'D', '12', 0, 11, NULL),
	(889, 'E', '1', 0, 11, NULL),
	(890, 'E', '2', 0, 11, NULL),
	(891, 'E', '3', 0, 11, NULL),
	(892, 'E', '4', 0, 11, NULL),
	(893, 'E', '5', 0, 11, NULL),
	(894, 'E', '6', 0, 11, NULL),
	(895, 'E', '7', 0, 11, NULL),
	(896, 'E', '8', 0, 11, NULL),
	(897, 'E', '9', 0, 11, NULL),
	(898, 'E', '10', 0, 11, NULL),
	(899, 'E', '11', 0, 11, NULL),
	(900, 'E', '12', 0, 11, NULL),
	(901, 'F', '1', 0, 11, NULL),
	(902, 'F', '2', 0, 11, NULL),
	(903, 'F', '3', 0, 11, NULL),
	(904, 'F', '4', 0, 11, NULL),
	(905, 'F', '5', 0, 11, NULL),
	(906, 'F', '6', 0, 11, NULL),
	(907, 'F', '7', 0, 11, NULL),
	(908, 'F', '8', 0, 11, NULL),
	(909, 'F', '9', 0, 11, NULL),
	(910, 'F', '10', 0, 11, NULL),
	(911, 'F', '11', 0, 11, NULL),
	(912, 'F', '12', 0, 11, NULL),
	(913, 'G', '1', 0, 11, NULL),
	(914, 'G', '2', 0, 11, NULL),
	(915, 'G', '3', 0, 11, NULL),
	(916, 'G', '4', 0, 11, NULL),
	(917, 'G', '5', 0, 11, NULL),
	(918, 'G', '6', 0, 11, NULL),
	(919, 'G', '7', 0, 11, NULL),
	(920, 'G', '8', 0, 11, NULL),
	(921, 'G', '9', 0, 11, NULL),
	(922, 'G', '10', 0, 11, NULL),
	(923, 'G', '11', 0, 11, NULL),
	(924, 'G', '12', 0, 11, NULL),
	(925, 'H', '1', 0, 11, NULL),
	(926, 'H', '2', 0, 11, NULL),
	(927, 'H', '3', 0, 11, NULL),
	(928, 'H', '4', 0, 11, NULL),
	(929, 'H', '5', 0, 11, NULL),
	(930, 'H', '6', 0, 11, NULL),
	(931, 'H', '7', 0, 11, NULL),
	(932, 'H', '8', 0, 11, NULL),
	(933, 'H', '9', 0, 11, NULL),
	(934, 'H', '10', 0, 11, NULL),
	(935, 'H', '11', 0, 11, NULL),
	(936, 'H', '12', 0, 11, NULL),
	(937, 'I', '1', 0, 11, NULL),
	(938, 'I', '2', 0, 11, NULL),
	(939, 'I', '3', 0, 11, NULL),
	(940, 'I', '4', 0, 11, NULL),
	(941, 'I', '5', 0, 11, NULL),
	(942, 'I', '6', 0, 11, NULL),
	(943, 'I', '7', 0, 11, NULL),
	(944, 'I', '8', 0, 11, NULL),
	(945, 'I', '9', 0, 11, NULL),
	(946, 'I', '10', 0, 11, NULL),
	(947, 'I', '11', 0, 11, NULL),
	(948, 'I', '12', 0, 11, NULL),
	(949, 'J', '1', 0, 11, NULL),
	(950, 'J', '2', 0, 11, NULL),
	(951, 'J', '3', 0, 11, NULL),
	(952, 'J', '4', 0, 11, NULL),
	(953, 'J', '5', 0, 11, NULL),
	(954, 'J', '6', 0, 11, NULL),
	(955, 'J', '7', 0, 11, NULL),
	(956, 'J', '8', 0, 11, NULL),
	(957, 'J', '9', 0, 11, NULL),
	(958, 'J', '10', 0, 11, NULL),
	(959, 'J', '11', 0, 11, NULL),
	(960, 'J', '12', 0, 11, NULL),
	(961, 'A', '1', 0, 12, NULL),
	(962, 'A', '2', 0, 12, NULL),
	(963, 'A', '3', 0, 12, NULL),
	(964, 'A', '4', 0, 12, NULL),
	(965, 'A', '5', 0, 12, NULL),
	(966, 'A', '6', 0, 12, NULL),
	(967, 'A', '7', 0, 12, NULL),
	(968, 'A', '8', 0, 12, NULL),
	(969, 'A', '9', 0, 12, NULL),
	(970, 'A', '10', 0, 12, NULL),
	(971, 'A', '11', 0, 12, NULL),
	(972, 'A', '12', 0, 12, NULL),
	(973, 'B', '1', 0, 12, NULL),
	(974, 'B', '2', 0, 12, NULL),
	(975, 'B', '3', 0, 12, NULL),
	(976, 'B', '4', 0, 12, NULL),
	(977, 'B', '5', 0, 12, NULL),
	(978, 'B', '6', 0, 12, NULL),
	(979, 'B', '7', 0, 12, NULL),
	(980, 'B', '8', 0, 12, NULL),
	(981, 'B', '9', 0, 12, NULL),
	(982, 'B', '10', 0, 12, NULL),
	(983, 'B', '11', 0, 12, NULL),
	(984, 'B', '12', 0, 12, NULL),
	(985, 'C', '1', 0, 12, NULL),
	(986, 'C', '2', 0, 12, NULL),
	(987, 'C', '3', 0, 12, NULL),
	(988, 'C', '4', 0, 12, NULL),
	(989, 'C', '5', 0, 12, NULL),
	(990, 'C', '6', 0, 12, NULL),
	(991, 'C', '7', 0, 12, NULL),
	(992, 'C', '8', 0, 12, NULL),
	(993, 'C', '9', 0, 12, NULL),
	(994, 'C', '10', 0, 12, NULL),
	(995, 'C', '11', 0, 12, NULL),
	(996, 'C', '12', 0, 12, NULL),
	(997, 'D', '1', 0, 12, NULL),
	(998, 'D', '2', 0, 12, NULL),
	(999, 'D', '3', 0, 12, NULL),
	(1000, 'D', '4', 0, 12, NULL),
	(1001, 'D', '5', 0, 12, NULL),
	(1002, 'D', '6', 0, 12, NULL),
	(1003, 'D', '7', 0, 12, NULL),
	(1004, 'D', '8', 0, 12, NULL),
	(1005, 'D', '9', 0, 12, NULL),
	(1006, 'D', '10', 0, 12, NULL),
	(1007, 'D', '11', 0, 12, NULL),
	(1008, 'D', '12', 0, 12, NULL),
	(1009, 'E', '1', 0, 12, NULL),
	(1010, 'E', '2', 0, 12, NULL),
	(1011, 'E', '3', 0, 12, NULL),
	(1012, 'E', '4', 0, 12, NULL),
	(1013, 'E', '5', 0, 12, NULL),
	(1014, 'E', '6', 0, 12, NULL),
	(1015, 'E', '7', 0, 12, NULL),
	(1016, 'E', '8', 0, 12, NULL),
	(1017, 'E', '9', 0, 12, NULL),
	(1018, 'E', '10', 0, 12, NULL),
	(1019, 'E', '11', 0, 12, NULL),
	(1020, 'E', '12', 0, 12, NULL),
	(1021, 'F', '1', 0, 12, NULL),
	(1022, 'F', '2', 0, 12, NULL),
	(1023, 'F', '3', 0, 12, NULL),
	(1024, 'F', '4', 0, 12, NULL),
	(1025, 'F', '5', 0, 12, NULL),
	(1026, 'F', '6', 0, 12, NULL),
	(1027, 'F', '7', 0, 12, NULL),
	(1028, 'F', '8', 0, 12, NULL),
	(1029, 'F', '9', 0, 12, NULL),
	(1030, 'F', '10', 0, 12, NULL),
	(1031, 'F', '11', 0, 12, NULL),
	(1032, 'F', '12', 0, 12, NULL),
	(1033, 'G', '1', 0, 12, NULL),
	(1034, 'G', '2', 0, 12, NULL),
	(1035, 'G', '3', 0, 12, NULL),
	(1036, 'G', '4', 0, 12, NULL),
	(1037, 'G', '5', 0, 12, NULL),
	(1038, 'G', '6', 0, 12, NULL),
	(1039, 'G', '7', 0, 12, NULL),
	(1040, 'G', '8', 0, 12, NULL),
	(1041, 'G', '9', 0, 12, NULL),
	(1042, 'G', '10', 0, 12, NULL),
	(1043, 'G', '11', 0, 12, NULL),
	(1044, 'G', '12', 0, 12, NULL),
	(1045, 'H', '1', 0, 12, NULL),
	(1046, 'H', '2', 0, 12, NULL),
	(1047, 'H', '3', 0, 12, NULL),
	(1048, 'H', '4', 0, 12, NULL),
	(1049, 'H', '5', 0, 12, NULL),
	(1050, 'H', '6', 0, 12, NULL),
	(1051, 'H', '7', 0, 12, NULL),
	(1052, 'H', '8', 0, 12, NULL),
	(1053, 'H', '9', 0, 12, NULL),
	(1054, 'H', '10', 0, 12, NULL),
	(1055, 'H', '11', 0, 12, NULL),
	(1056, 'H', '12', 0, 12, NULL),
	(1057, 'I', '1', 0, 12, NULL),
	(1058, 'I', '2', 0, 12, NULL),
	(1059, 'I', '3', 0, 12, NULL),
	(1060, 'I', '4', 0, 12, NULL),
	(1061, 'I', '5', 0, 12, NULL),
	(1062, 'I', '6', 0, 12, NULL),
	(1063, 'I', '7', 0, 12, NULL),
	(1064, 'I', '8', 0, 12, NULL),
	(1065, 'I', '9', 0, 12, NULL),
	(1066, 'I', '10', 0, 12, NULL),
	(1067, 'I', '11', 0, 12, NULL),
	(1068, 'I', '12', 0, 12, NULL),
	(1069, 'J', '1', 0, 12, NULL),
	(1070, 'J', '2', 0, 12, NULL),
	(1071, 'J', '3', 0, 12, NULL),
	(1072, 'J', '4', 0, 12, NULL),
	(1073, 'J', '5', 0, 12, NULL),
	(1074, 'J', '6', 0, 12, NULL),
	(1075, 'J', '7', 0, 12, NULL),
	(1076, 'J', '8', 0, 12, NULL),
	(1077, 'J', '9', 0, 12, NULL),
	(1078, 'J', '10', 0, 12, NULL),
	(1079, 'J', '11', 0, 12, NULL),
	(1080, 'J', '12', 0, 12, NULL),
	(1081, 'A', '1', 0, 13, NULL),
	(1082, 'A', '2', 0, 13, NULL),
	(1083, 'A', '3', 0, 13, NULL),
	(1084, 'A', '4', 0, 13, NULL),
	(1085, 'A', '5', 0, 13, NULL),
	(1086, 'A', '6', 0, 13, NULL),
	(1087, 'A', '7', 0, 13, NULL),
	(1088, 'A', '8', 0, 13, NULL),
	(1089, 'A', '9', 0, 13, NULL),
	(1090, 'A', '10', 0, 13, NULL),
	(1091, 'A', '11', 0, 13, NULL),
	(1092, 'A', '12', 0, 13, NULL),
	(1093, 'B', '1', 0, 13, NULL),
	(1094, 'B', '2', 0, 13, NULL),
	(1095, 'B', '3', 0, 13, NULL),
	(1096, 'B', '4', 0, 13, NULL),
	(1097, 'B', '5', 0, 13, NULL),
	(1098, 'B', '6', 0, 13, NULL),
	(1099, 'B', '7', 0, 13, NULL),
	(1100, 'B', '8', 0, 13, NULL),
	(1101, 'B', '9', 0, 13, NULL),
	(1102, 'B', '10', 0, 13, NULL),
	(1103, 'B', '11', 0, 13, NULL),
	(1104, 'B', '12', 0, 13, NULL),
	(1105, 'C', '1', 0, 13, NULL),
	(1106, 'C', '2', 0, 13, NULL),
	(1107, 'C', '3', 0, 13, NULL),
	(1108, 'C', '4', 0, 13, NULL),
	(1109, 'C', '5', 0, 13, NULL),
	(1110, 'C', '6', 0, 13, NULL),
	(1111, 'C', '7', 0, 13, NULL),
	(1112, 'C', '8', 0, 13, NULL),
	(1113, 'C', '9', 0, 13, NULL),
	(1114, 'C', '10', 0, 13, NULL),
	(1115, 'C', '11', 0, 13, NULL),
	(1116, 'C', '12', 0, 13, NULL),
	(1117, 'D', '1', 0, 13, NULL),
	(1118, 'D', '2', 0, 13, NULL),
	(1119, 'D', '3', 0, 13, NULL),
	(1120, 'D', '4', 0, 13, NULL),
	(1121, 'D', '5', 0, 13, NULL),
	(1122, 'D', '6', 0, 13, NULL),
	(1123, 'D', '7', 0, 13, NULL),
	(1124, 'D', '8', 0, 13, NULL),
	(1125, 'D', '9', 0, 13, NULL),
	(1126, 'D', '10', 0, 13, NULL),
	(1127, 'D', '11', 0, 13, NULL),
	(1128, 'D', '12', 0, 13, NULL),
	(1129, 'E', '1', 0, 13, NULL),
	(1130, 'E', '2', 0, 13, NULL),
	(1131, 'E', '3', 0, 13, NULL),
	(1132, 'E', '4', 0, 13, NULL),
	(1133, 'E', '5', 0, 13, NULL),
	(1134, 'E', '6', 0, 13, NULL),
	(1135, 'E', '7', 0, 13, NULL),
	(1136, 'E', '8', 0, 13, NULL),
	(1137, 'E', '9', 0, 13, NULL),
	(1138, 'E', '10', 0, 13, NULL),
	(1139, 'E', '11', 0, 13, NULL),
	(1140, 'E', '12', 0, 13, NULL),
	(1141, 'F', '1', 0, 13, NULL),
	(1142, 'F', '2', 0, 13, NULL),
	(1143, 'F', '3', 0, 13, NULL),
	(1144, 'F', '4', 0, 13, NULL),
	(1145, 'F', '5', 0, 13, NULL),
	(1146, 'F', '6', 0, 13, NULL),
	(1147, 'F', '7', 0, 13, NULL),
	(1148, 'F', '8', 0, 13, NULL),
	(1149, 'F', '9', 0, 13, NULL),
	(1150, 'F', '10', 0, 13, NULL),
	(1151, 'F', '11', 0, 13, NULL),
	(1152, 'F', '12', 0, 13, NULL),
	(1153, 'G', '1', 0, 13, NULL),
	(1154, 'G', '2', 0, 13, NULL),
	(1155, 'G', '3', 0, 13, NULL),
	(1156, 'G', '4', 0, 13, NULL),
	(1157, 'G', '5', 0, 13, NULL),
	(1158, 'G', '6', 0, 13, NULL),
	(1159, 'G', '7', 0, 13, NULL),
	(1160, 'G', '8', 0, 13, NULL),
	(1161, 'G', '9', 0, 13, NULL),
	(1162, 'G', '10', 0, 13, NULL),
	(1163, 'G', '11', 0, 13, NULL),
	(1164, 'G', '12', 0, 13, NULL),
	(1165, 'H', '1', 0, 13, NULL),
	(1166, 'H', '2', 0, 13, NULL),
	(1167, 'H', '3', 0, 13, NULL),
	(1168, 'H', '4', 0, 13, NULL),
	(1169, 'H', '5', 0, 13, NULL),
	(1170, 'H', '6', 0, 13, NULL),
	(1171, 'H', '7', 0, 13, NULL),
	(1172, 'H', '8', 0, 13, NULL),
	(1173, 'H', '9', 0, 13, NULL),
	(1174, 'H', '10', 0, 13, NULL),
	(1175, 'H', '11', 0, 13, NULL),
	(1176, 'H', '12', 0, 13, NULL),
	(1177, 'I', '1', 0, 13, NULL),
	(1178, 'I', '2', 0, 13, NULL),
	(1179, 'I', '3', 0, 13, NULL),
	(1180, 'I', '4', 0, 13, NULL),
	(1181, 'I', '5', 0, 13, NULL),
	(1182, 'I', '6', 0, 13, NULL),
	(1183, 'I', '7', 0, 13, NULL),
	(1184, 'I', '8', 0, 13, NULL),
	(1185, 'I', '9', 0, 13, NULL),
	(1186, 'I', '10', 0, 13, NULL),
	(1187, 'I', '11', 0, 13, NULL),
	(1188, 'I', '12', 0, 13, NULL),
	(1189, 'J', '1', 0, 13, NULL),
	(1190, 'J', '2', 0, 13, NULL),
	(1191, 'J', '3', 0, 13, NULL),
	(1192, 'J', '4', 0, 13, NULL),
	(1193, 'J', '5', 0, 13, NULL),
	(1194, 'J', '6', 0, 13, NULL),
	(1195, 'J', '7', 0, 13, NULL),
	(1196, 'J', '8', 0, 13, NULL),
	(1197, 'J', '9', 0, 13, NULL),
	(1198, 'J', '10', 0, 13, NULL),
	(1199, 'J', '11', 0, 13, NULL),
	(1200, 'J', '12', 0, 13, NULL),
	(1201, 'A', '1', 0, 14, NULL),
	(1202, 'A', '2', 0, 14, NULL),
	(1203, 'A', '3', 0, 14, NULL),
	(1204, 'A', '4', 0, 14, NULL),
	(1205, 'A', '5', 0, 14, NULL),
	(1206, 'A', '6', 0, 14, NULL),
	(1207, 'A', '7', 0, 14, NULL),
	(1208, 'A', '8', 0, 14, NULL),
	(1209, 'A', '9', 0, 14, NULL),
	(1210, 'A', '10', 0, 14, NULL),
	(1211, 'A', '11', 0, 14, NULL),
	(1212, 'A', '12', 0, 14, NULL),
	(1213, 'B', '1', 0, 14, NULL),
	(1214, 'B', '2', 0, 14, NULL),
	(1215, 'B', '3', 0, 14, NULL),
	(1216, 'B', '4', 0, 14, NULL),
	(1217, 'B', '5', 0, 14, NULL),
	(1218, 'B', '6', 0, 14, NULL),
	(1219, 'B', '7', 0, 14, NULL),
	(1220, 'B', '8', 0, 14, NULL),
	(1221, 'B', '9', 0, 14, NULL),
	(1222, 'B', '10', 0, 14, NULL),
	(1223, 'B', '11', 0, 14, NULL),
	(1224, 'B', '12', 0, 14, NULL),
	(1225, 'C', '1', 0, 14, NULL),
	(1226, 'C', '2', 0, 14, NULL),
	(1227, 'C', '3', 0, 14, NULL),
	(1228, 'C', '4', 0, 14, NULL),
	(1229, 'C', '5', 0, 14, NULL),
	(1230, 'C', '6', 0, 14, NULL),
	(1231, 'C', '7', 0, 14, NULL),
	(1232, 'C', '8', 0, 14, NULL),
	(1233, 'C', '9', 0, 14, NULL),
	(1234, 'C', '10', 0, 14, NULL),
	(1235, 'C', '11', 0, 14, NULL),
	(1236, 'C', '12', 0, 14, NULL),
	(1237, 'D', '1', 0, 14, NULL),
	(1238, 'D', '2', 0, 14, NULL),
	(1239, 'D', '3', 0, 14, NULL),
	(1240, 'D', '4', 0, 14, NULL),
	(1241, 'D', '5', 0, 14, NULL),
	(1242, 'D', '6', 0, 14, NULL),
	(1243, 'D', '7', 0, 14, NULL),
	(1244, 'D', '8', 0, 14, NULL),
	(1245, 'D', '9', 0, 14, NULL),
	(1246, 'D', '10', 0, 14, NULL),
	(1247, 'D', '11', 0, 14, NULL),
	(1248, 'D', '12', 0, 14, NULL),
	(1249, 'E', '1', 0, 14, NULL),
	(1250, 'E', '2', 0, 14, NULL),
	(1251, 'E', '3', 0, 14, NULL),
	(1252, 'E', '4', 0, 14, NULL),
	(1253, 'E', '5', 0, 14, NULL),
	(1254, 'E', '6', 0, 14, NULL),
	(1255, 'E', '7', 0, 14, NULL),
	(1256, 'E', '8', 0, 14, NULL),
	(1257, 'E', '9', 0, 14, NULL),
	(1258, 'E', '10', 0, 14, NULL),
	(1259, 'E', '11', 0, 14, NULL),
	(1260, 'E', '12', 0, 14, NULL),
	(1261, 'F', '1', 0, 14, NULL),
	(1262, 'F', '2', 0, 14, NULL),
	(1263, 'F', '3', 0, 14, NULL),
	(1264, 'F', '4', 0, 14, NULL),
	(1265, 'F', '5', 0, 14, NULL),
	(1266, 'F', '6', 0, 14, NULL),
	(1267, 'F', '7', 0, 14, NULL),
	(1268, 'F', '8', 0, 14, NULL),
	(1269, 'F', '9', 0, 14, NULL),
	(1270, 'F', '10', 0, 14, NULL),
	(1271, 'F', '11', 0, 14, NULL),
	(1272, 'F', '12', 0, 14, NULL),
	(1273, 'G', '1', 0, 14, NULL),
	(1274, 'G', '2', 0, 14, NULL),
	(1275, 'G', '3', 0, 14, NULL),
	(1276, 'G', '4', 0, 14, NULL),
	(1277, 'G', '5', 0, 14, NULL),
	(1278, 'G', '6', 0, 14, NULL),
	(1279, 'G', '7', 0, 14, NULL),
	(1280, 'G', '8', 0, 14, NULL),
	(1281, 'G', '9', 0, 14, NULL),
	(1282, 'G', '10', 0, 14, NULL),
	(1283, 'G', '11', 0, 14, NULL),
	(1284, 'G', '12', 0, 14, NULL),
	(1285, 'H', '1', 0, 14, NULL),
	(1286, 'H', '2', 0, 14, NULL),
	(1287, 'H', '3', 0, 14, NULL),
	(1288, 'H', '4', 0, 14, NULL),
	(1289, 'H', '5', 0, 14, NULL),
	(1290, 'H', '6', 0, 14, NULL),
	(1291, 'H', '7', 0, 14, NULL),
	(1292, 'H', '8', 0, 14, NULL),
	(1293, 'H', '9', 0, 14, NULL),
	(1294, 'H', '10', 0, 14, NULL),
	(1295, 'H', '11', 0, 14, NULL),
	(1296, 'H', '12', 0, 14, NULL),
	(1297, 'I', '1', 0, 14, NULL),
	(1298, 'I', '2', 0, 14, NULL),
	(1299, 'I', '3', 0, 14, NULL),
	(1300, 'I', '4', 0, 14, NULL),
	(1301, 'I', '5', 0, 14, NULL),
	(1302, 'I', '6', 0, 14, NULL),
	(1303, 'I', '7', 0, 14, NULL),
	(1304, 'I', '8', 0, 14, NULL),
	(1305, 'I', '9', 0, 14, NULL),
	(1306, 'I', '10', 0, 14, NULL),
	(1307, 'I', '11', 0, 14, NULL),
	(1308, 'I', '12', 0, 14, NULL),
	(1309, 'J', '1', 0, 14, NULL),
	(1310, 'J', '2', 0, 14, NULL),
	(1311, 'J', '3', 0, 14, NULL),
	(1312, 'J', '4', 0, 14, NULL),
	(1313, 'J', '5', 0, 14, NULL),
	(1314, 'J', '6', 0, 14, NULL),
	(1315, 'J', '7', 0, 14, NULL),
	(1316, 'J', '8', 0, 14, NULL),
	(1317, 'J', '9', 0, 14, NULL),
	(1318, 'J', '10', 0, 14, NULL),
	(1319, 'J', '11', 0, 14, NULL),
	(1320, 'J', '12', 0, 14, NULL),
	(1321, 'A', '1', 0, 15, NULL),
	(1322, 'A', '2', 0, 15, NULL),
	(1323, 'A', '3', 0, 15, NULL),
	(1324, 'A', '4', 0, 15, NULL),
	(1325, 'A', '5', 0, 15, NULL),
	(1326, 'A', '6', 0, 15, NULL),
	(1327, 'A', '7', 0, 15, NULL),
	(1328, 'A', '8', 0, 15, NULL),
	(1329, 'A', '9', 0, 15, NULL),
	(1330, 'A', '10', 0, 15, NULL),
	(1331, 'A', '11', 0, 15, NULL),
	(1332, 'A', '12', 0, 15, NULL),
	(1333, 'B', '1', 0, 15, NULL),
	(1334, 'B', '2', 0, 15, NULL),
	(1335, 'B', '3', 0, 15, NULL),
	(1336, 'B', '4', 0, 15, NULL),
	(1337, 'B', '5', 0, 15, NULL),
	(1338, 'B', '6', 0, 15, NULL),
	(1339, 'B', '7', 0, 15, NULL),
	(1340, 'B', '8', 0, 15, NULL),
	(1341, 'B', '9', 0, 15, NULL),
	(1342, 'B', '10', 0, 15, NULL),
	(1343, 'B', '11', 0, 15, NULL),
	(1344, 'B', '12', 0, 15, NULL),
	(1345, 'C', '1', 0, 15, NULL),
	(1346, 'C', '2', 0, 15, NULL),
	(1347, 'C', '3', 0, 15, NULL),
	(1348, 'C', '4', 0, 15, NULL),
	(1349, 'C', '5', 0, 15, NULL),
	(1350, 'C', '6', 0, 15, NULL),
	(1351, 'C', '7', 0, 15, NULL),
	(1352, 'C', '8', 0, 15, NULL),
	(1353, 'C', '9', 0, 15, NULL),
	(1354, 'C', '10', 0, 15, NULL),
	(1355, 'C', '11', 0, 15, NULL),
	(1356, 'C', '12', 0, 15, NULL),
	(1357, 'D', '1', 0, 15, NULL),
	(1358, 'D', '2', 0, 15, NULL),
	(1359, 'D', '3', 0, 15, NULL),
	(1360, 'D', '4', 0, 15, NULL),
	(1361, 'D', '5', 0, 15, NULL),
	(1362, 'D', '6', 0, 15, NULL),
	(1363, 'D', '7', 0, 15, NULL),
	(1364, 'D', '8', 0, 15, NULL),
	(1365, 'D', '9', 0, 15, NULL),
	(1366, 'D', '10', 0, 15, NULL),
	(1367, 'D', '11', 0, 15, NULL),
	(1368, 'D', '12', 0, 15, NULL),
	(1369, 'E', '1', 0, 15, NULL),
	(1370, 'E', '2', 0, 15, NULL),
	(1371, 'E', '3', 0, 15, NULL),
	(1372, 'E', '4', 0, 15, NULL),
	(1373, 'E', '5', 0, 15, NULL),
	(1374, 'E', '6', 0, 15, NULL),
	(1375, 'E', '7', 0, 15, NULL),
	(1376, 'E', '8', 0, 15, NULL),
	(1377, 'E', '9', 0, 15, NULL),
	(1378, 'E', '10', 0, 15, NULL),
	(1379, 'E', '11', 0, 15, NULL),
	(1380, 'E', '12', 0, 15, NULL),
	(1381, 'F', '1', 0, 15, NULL),
	(1382, 'F', '2', 0, 15, NULL),
	(1383, 'F', '3', 0, 15, NULL),
	(1384, 'F', '4', 0, 15, NULL),
	(1385, 'F', '5', 0, 15, NULL),
	(1386, 'F', '6', 0, 15, NULL),
	(1387, 'F', '7', 0, 15, NULL),
	(1388, 'F', '8', 0, 15, NULL),
	(1389, 'F', '9', 0, 15, NULL),
	(1390, 'F', '10', 0, 15, NULL),
	(1391, 'F', '11', 0, 15, NULL),
	(1392, 'F', '12', 0, 15, NULL),
	(1393, 'G', '1', 0, 15, NULL),
	(1394, 'G', '2', 0, 15, NULL),
	(1395, 'G', '3', 0, 15, NULL),
	(1396, 'G', '4', 0, 15, NULL),
	(1397, 'G', '5', 0, 15, NULL),
	(1398, 'G', '6', 0, 15, NULL),
	(1399, 'G', '7', 0, 15, NULL),
	(1400, 'G', '8', 0, 15, NULL),
	(1401, 'G', '9', 0, 15, NULL),
	(1402, 'G', '10', 0, 15, NULL),
	(1403, 'G', '11', 0, 15, NULL),
	(1404, 'G', '12', 0, 15, NULL),
	(1405, 'H', '1', 0, 15, NULL),
	(1406, 'H', '2', 0, 15, NULL),
	(1407, 'H', '3', 0, 15, NULL),
	(1408, 'H', '4', 0, 15, NULL),
	(1409, 'H', '5', 0, 15, NULL),
	(1410, 'H', '6', 0, 15, NULL),
	(1411, 'H', '7', 0, 15, NULL),
	(1412, 'H', '8', 0, 15, NULL),
	(1413, 'H', '9', 0, 15, NULL),
	(1414, 'H', '10', 0, 15, NULL),
	(1415, 'H', '11', 0, 15, NULL),
	(1416, 'H', '12', 0, 15, NULL),
	(1417, 'I', '1', 0, 15, NULL),
	(1418, 'I', '2', 0, 15, NULL),
	(1419, 'I', '3', 0, 15, NULL),
	(1420, 'I', '4', 0, 15, NULL),
	(1421, 'I', '5', 0, 15, NULL),
	(1422, 'I', '6', 0, 15, NULL),
	(1423, 'I', '7', 0, 15, NULL),
	(1424, 'I', '8', 0, 15, NULL),
	(1425, 'I', '9', 0, 15, NULL),
	(1426, 'I', '10', 0, 15, NULL),
	(1427, 'I', '11', 0, 15, NULL),
	(1428, 'I', '12', 0, 15, NULL),
	(1429, 'J', '1', 0, 15, NULL),
	(1430, 'J', '2', 0, 15, NULL),
	(1431, 'J', '3', 0, 15, NULL),
	(1432, 'J', '4', 0, 15, NULL),
	(1433, 'J', '5', 0, 15, NULL),
	(1434, 'J', '6', 0, 15, NULL),
	(1435, 'J', '7', 0, 15, NULL),
	(1436, 'J', '8', 0, 15, NULL),
	(1437, 'J', '9', 0, 15, NULL),
	(1438, 'J', '10', 0, 15, NULL),
	(1439, 'J', '11', 0, 15, NULL),
	(1440, 'J', '12', 0, 15, NULL),
	(1441, 'A', '1', 0, 16, NULL),
	(1442, 'A', '2', 0, 16, NULL),
	(1443, 'A', '3', 0, 16, NULL),
	(1444, 'A', '4', 0, 16, NULL),
	(1445, 'A', '5', 0, 16, NULL),
	(1446, 'A', '6', 0, 16, NULL),
	(1447, 'A', '7', 0, 16, NULL),
	(1448, 'A', '8', 0, 16, NULL),
	(1449, 'A', '9', 0, 16, NULL),
	(1450, 'A', '10', 0, 16, NULL),
	(1451, 'A', '11', 0, 16, NULL),
	(1452, 'A', '12', 0, 16, NULL),
	(1453, 'B', '1', 0, 16, NULL),
	(1454, 'B', '2', 0, 16, NULL),
	(1455, 'B', '3', 0, 16, NULL),
	(1456, 'B', '4', 0, 16, NULL),
	(1457, 'B', '5', 0, 16, NULL),
	(1458, 'B', '6', 0, 16, NULL),
	(1459, 'B', '7', 0, 16, NULL),
	(1460, 'B', '8', 0, 16, NULL),
	(1461, 'B', '9', 0, 16, NULL),
	(1462, 'B', '10', 0, 16, NULL),
	(1463, 'B', '11', 0, 16, NULL),
	(1464, 'B', '12', 0, 16, NULL),
	(1465, 'C', '1', 0, 16, NULL),
	(1466, 'C', '2', 0, 16, NULL),
	(1467, 'C', '3', 0, 16, NULL),
	(1468, 'C', '4', 0, 16, NULL),
	(1469, 'C', '5', 0, 16, NULL),
	(1470, 'C', '6', 0, 16, NULL),
	(1471, 'C', '7', 0, 16, NULL),
	(1472, 'C', '8', 0, 16, NULL),
	(1473, 'C', '9', 0, 16, NULL),
	(1474, 'C', '10', 0, 16, NULL),
	(1475, 'C', '11', 0, 16, NULL),
	(1476, 'C', '12', 0, 16, NULL),
	(1477, 'D', '1', 0, 16, NULL),
	(1478, 'D', '2', 0, 16, NULL),
	(1479, 'D', '3', 0, 16, NULL),
	(1480, 'D', '4', 0, 16, NULL),
	(1481, 'D', '5', 0, 16, NULL),
	(1482, 'D', '6', 0, 16, NULL),
	(1483, 'D', '7', 0, 16, NULL),
	(1484, 'D', '8', 0, 16, NULL),
	(1485, 'D', '9', 0, 16, NULL),
	(1486, 'D', '10', 0, 16, NULL),
	(1487, 'D', '11', 0, 16, NULL),
	(1488, 'D', '12', 0, 16, NULL),
	(1489, 'E', '1', 0, 16, NULL),
	(1490, 'E', '2', 0, 16, NULL),
	(1491, 'E', '3', 0, 16, NULL),
	(1492, 'E', '4', 0, 16, NULL),
	(1493, 'E', '5', 0, 16, NULL),
	(1494, 'E', '6', 0, 16, NULL),
	(1495, 'E', '7', 0, 16, NULL),
	(1496, 'E', '8', 0, 16, NULL),
	(1497, 'E', '9', 0, 16, NULL),
	(1498, 'E', '10', 0, 16, NULL),
	(1499, 'E', '11', 0, 16, NULL),
	(1500, 'E', '12', 0, 16, NULL),
	(1501, 'F', '1', 0, 16, NULL),
	(1502, 'F', '2', 0, 16, NULL),
	(1503, 'F', '3', 0, 16, NULL),
	(1504, 'F', '4', 0, 16, NULL),
	(1505, 'F', '5', 0, 16, NULL),
	(1506, 'F', '6', 0, 16, NULL),
	(1507, 'F', '7', 0, 16, NULL),
	(1508, 'F', '8', 0, 16, NULL),
	(1509, 'F', '9', 0, 16, NULL),
	(1510, 'F', '10', 0, 16, NULL),
	(1511, 'F', '11', 0, 16, NULL),
	(1512, 'F', '12', 0, 16, NULL),
	(1513, 'G', '1', 0, 16, NULL),
	(1514, 'G', '2', 0, 16, NULL),
	(1515, 'G', '3', 0, 16, NULL),
	(1516, 'G', '4', 0, 16, NULL),
	(1517, 'G', '5', 0, 16, NULL),
	(1518, 'G', '6', 0, 16, NULL),
	(1519, 'G', '7', 0, 16, NULL),
	(1520, 'G', '8', 0, 16, NULL),
	(1521, 'G', '9', 0, 16, NULL),
	(1522, 'G', '10', 0, 16, NULL),
	(1523, 'G', '11', 0, 16, NULL),
	(1524, 'G', '12', 0, 16, NULL),
	(1525, 'H', '1', 0, 16, NULL),
	(1526, 'H', '2', 0, 16, NULL),
	(1527, 'H', '3', 0, 16, NULL),
	(1528, 'H', '4', 0, 16, NULL),
	(1529, 'H', '5', 0, 16, NULL),
	(1530, 'H', '6', 0, 16, NULL),
	(1531, 'H', '7', 0, 16, NULL),
	(1532, 'H', '8', 0, 16, NULL),
	(1533, 'H', '9', 0, 16, NULL),
	(1534, 'H', '10', 0, 16, NULL),
	(1535, 'H', '11', 0, 16, NULL),
	(1536, 'H', '12', 0, 16, NULL),
	(1537, 'I', '1', 0, 16, NULL),
	(1538, 'I', '2', 0, 16, NULL),
	(1539, 'I', '3', 0, 16, NULL),
	(1540, 'I', '4', 0, 16, NULL),
	(1541, 'I', '5', 0, 16, NULL),
	(1542, 'I', '6', 0, 16, NULL),
	(1543, 'I', '7', 0, 16, NULL),
	(1544, 'I', '8', 0, 16, NULL),
	(1545, 'I', '9', 0, 16, NULL),
	(1546, 'I', '10', 0, 16, NULL),
	(1547, 'I', '11', 0, 16, NULL),
	(1548, 'I', '12', 0, 16, NULL),
	(1549, 'J', '1', 0, 16, NULL),
	(1550, 'J', '2', 0, 16, NULL),
	(1551, 'J', '3', 0, 16, NULL),
	(1552, 'J', '4', 0, 16, NULL),
	(1553, 'J', '5', 0, 16, NULL),
	(1554, 'J', '6', 0, 16, NULL),
	(1555, 'J', '7', 0, 16, NULL),
	(1556, 'J', '8', 0, 16, NULL),
	(1557, 'J', '9', 0, 16, NULL),
	(1558, 'J', '10', 0, 16, NULL),
	(1559, 'J', '11', 0, 16, NULL),
	(1560, 'J', '12', 0, 16, NULL),
	(1561, 'A', '1', 0, 17, NULL),
	(1562, 'A', '2', 0, 17, NULL),
	(1563, 'A', '3', 0, 17, NULL),
	(1564, 'A', '4', 0, 17, NULL),
	(1565, 'A', '5', 0, 17, NULL),
	(1566, 'A', '6', 0, 17, NULL),
	(1567, 'A', '7', 0, 17, NULL),
	(1568, 'A', '8', 0, 17, NULL),
	(1569, 'A', '9', 0, 17, NULL),
	(1570, 'A', '10', 0, 17, NULL),
	(1571, 'A', '11', 0, 17, NULL),
	(1572, 'A', '12', 0, 17, NULL),
	(1573, 'B', '1', 0, 17, NULL),
	(1574, 'B', '2', 0, 17, NULL),
	(1575, 'B', '3', 0, 17, NULL),
	(1576, 'B', '4', 0, 17, NULL),
	(1577, 'B', '5', 0, 17, NULL),
	(1578, 'B', '6', 0, 17, NULL),
	(1579, 'B', '7', 0, 17, NULL),
	(1580, 'B', '8', 0, 17, NULL),
	(1581, 'B', '9', 0, 17, NULL),
	(1582, 'B', '10', 0, 17, NULL),
	(1583, 'B', '11', 0, 17, NULL),
	(1584, 'B', '12', 0, 17, NULL),
	(1585, 'C', '1', 0, 17, NULL),
	(1586, 'C', '2', 0, 17, NULL),
	(1587, 'C', '3', 0, 17, NULL),
	(1588, 'C', '4', 0, 17, NULL),
	(1589, 'C', '5', 0, 17, NULL),
	(1590, 'C', '6', 0, 17, NULL),
	(1591, 'C', '7', 0, 17, NULL),
	(1592, 'C', '8', 0, 17, NULL),
	(1593, 'C', '9', 0, 17, NULL),
	(1594, 'C', '10', 0, 17, NULL),
	(1595, 'C', '11', 0, 17, NULL),
	(1596, 'C', '12', 0, 17, NULL),
	(1597, 'D', '1', 0, 17, NULL),
	(1598, 'D', '2', 0, 17, NULL),
	(1599, 'D', '3', 0, 17, NULL),
	(1600, 'D', '4', 0, 17, NULL),
	(1601, 'D', '5', 0, 17, NULL),
	(1602, 'D', '6', 0, 17, NULL),
	(1603, 'D', '7', 0, 17, NULL),
	(1604, 'D', '8', 0, 17, NULL),
	(1605, 'D', '9', 0, 17, NULL),
	(1606, 'D', '10', 0, 17, NULL),
	(1607, 'D', '11', 0, 17, NULL),
	(1608, 'D', '12', 0, 17, NULL),
	(1609, 'E', '1', 0, 17, NULL),
	(1610, 'E', '2', 0, 17, NULL),
	(1611, 'E', '3', 0, 17, NULL),
	(1612, 'E', '4', 0, 17, NULL),
	(1613, 'E', '5', 0, 17, NULL),
	(1614, 'E', '6', 0, 17, NULL),
	(1615, 'E', '7', 0, 17, NULL),
	(1616, 'E', '8', 0, 17, NULL),
	(1617, 'E', '9', 0, 17, NULL),
	(1618, 'E', '10', 0, 17, NULL),
	(1619, 'E', '11', 0, 17, NULL),
	(1620, 'E', '12', 0, 17, NULL),
	(1621, 'F', '1', 0, 17, NULL),
	(1622, 'F', '2', 0, 17, NULL),
	(1623, 'F', '3', 0, 17, NULL),
	(1624, 'F', '4', 0, 17, NULL),
	(1625, 'F', '5', 0, 17, NULL),
	(1626, 'F', '6', 0, 17, NULL),
	(1627, 'F', '7', 0, 17, NULL),
	(1628, 'F', '8', 0, 17, NULL),
	(1629, 'F', '9', 0, 17, NULL),
	(1630, 'F', '10', 0, 17, NULL),
	(1631, 'F', '11', 0, 17, NULL),
	(1632, 'F', '12', 0, 17, NULL),
	(1633, 'G', '1', 0, 17, NULL),
	(1634, 'G', '2', 0, 17, NULL),
	(1635, 'G', '3', 0, 17, NULL),
	(1636, 'G', '4', 0, 17, NULL),
	(1637, 'G', '5', 0, 17, NULL),
	(1638, 'G', '6', 0, 17, NULL),
	(1639, 'G', '7', 0, 17, NULL),
	(1640, 'G', '8', 0, 17, NULL),
	(1641, 'G', '9', 0, 17, NULL),
	(1642, 'G', '10', 0, 17, NULL),
	(1643, 'G', '11', 0, 17, NULL),
	(1644, 'G', '12', 0, 17, NULL),
	(1645, 'H', '1', 0, 17, NULL),
	(1646, 'H', '2', 0, 17, NULL),
	(1647, 'H', '3', 0, 17, NULL),
	(1648, 'H', '4', 0, 17, NULL),
	(1649, 'H', '5', 0, 17, NULL),
	(1650, 'H', '6', 0, 17, NULL),
	(1651, 'H', '7', 0, 17, NULL),
	(1652, 'H', '8', 0, 17, NULL),
	(1653, 'H', '9', 0, 17, NULL),
	(1654, 'H', '10', 0, 17, NULL),
	(1655, 'H', '11', 0, 17, NULL),
	(1656, 'H', '12', 0, 17, NULL),
	(1657, 'I', '1', 0, 17, NULL),
	(1658, 'I', '2', 0, 17, NULL),
	(1659, 'I', '3', 0, 17, NULL),
	(1660, 'I', '4', 0, 17, NULL),
	(1661, 'I', '5', 0, 17, NULL),
	(1662, 'I', '6', 0, 17, NULL),
	(1663, 'I', '7', 0, 17, NULL),
	(1664, 'I', '8', 0, 17, NULL),
	(1665, 'I', '9', 0, 17, NULL),
	(1666, 'I', '10', 0, 17, NULL),
	(1667, 'I', '11', 0, 17, NULL),
	(1668, 'I', '12', 0, 17, NULL),
	(1669, 'J', '1', 0, 17, NULL),
	(1670, 'J', '2', 0, 17, NULL),
	(1671, 'J', '3', 0, 17, NULL),
	(1672, 'J', '4', 0, 17, NULL),
	(1673, 'J', '5', 0, 17, NULL),
	(1674, 'J', '6', 0, 17, NULL),
	(1675, 'J', '7', 0, 17, NULL),
	(1676, 'J', '8', 0, 17, NULL),
	(1677, 'J', '9', 0, 17, NULL),
	(1678, 'J', '10', 0, 17, NULL),
	(1679, 'J', '11', 0, 17, NULL),
	(1680, 'J', '12', 0, 17, NULL),
	(1681, 'A', '1', 0, 18, NULL),
	(1682, 'A', '2', 0, 18, NULL),
	(1683, 'A', '3', 0, 18, NULL),
	(1684, 'A', '4', 0, 18, NULL),
	(1685, 'A', '5', 0, 18, NULL),
	(1686, 'A', '6', 0, 18, NULL),
	(1687, 'A', '7', 0, 18, NULL),
	(1688, 'A', '8', 0, 18, NULL),
	(1689, 'A', '9', 0, 18, NULL),
	(1690, 'A', '10', 0, 18, NULL),
	(1691, 'A', '11', 0, 18, NULL),
	(1692, 'A', '12', 0, 18, NULL),
	(1693, 'B', '1', 0, 18, NULL),
	(1694, 'B', '2', 0, 18, NULL),
	(1695, 'B', '3', 0, 18, NULL),
	(1696, 'B', '4', 0, 18, NULL),
	(1697, 'B', '5', 0, 18, NULL),
	(1698, 'B', '6', 0, 18, NULL),
	(1699, 'B', '7', 0, 18, NULL),
	(1700, 'B', '8', 0, 18, NULL),
	(1701, 'B', '9', 0, 18, NULL),
	(1702, 'B', '10', 0, 18, NULL),
	(1703, 'B', '11', 0, 18, NULL),
	(1704, 'B', '12', 0, 18, NULL),
	(1705, 'C', '1', 0, 18, NULL),
	(1706, 'C', '2', 0, 18, NULL),
	(1707, 'C', '3', 0, 18, NULL),
	(1708, 'C', '4', 0, 18, NULL),
	(1709, 'C', '5', 0, 18, NULL),
	(1710, 'C', '6', 0, 18, NULL),
	(1711, 'C', '7', 0, 18, NULL),
	(1712, 'C', '8', 0, 18, NULL),
	(1713, 'C', '9', 0, 18, NULL),
	(1714, 'C', '10', 0, 18, NULL),
	(1715, 'C', '11', 0, 18, NULL),
	(1716, 'C', '12', 0, 18, NULL),
	(1717, 'D', '1', 0, 18, NULL),
	(1718, 'D', '2', 0, 18, NULL),
	(1719, 'D', '3', 0, 18, NULL),
	(1720, 'D', '4', 0, 18, NULL),
	(1721, 'D', '5', 0, 18, NULL),
	(1722, 'D', '6', 0, 18, NULL),
	(1723, 'D', '7', 0, 18, NULL),
	(1724, 'D', '8', 0, 18, NULL),
	(1725, 'D', '9', 0, 18, NULL),
	(1726, 'D', '10', 0, 18, NULL),
	(1727, 'D', '11', 0, 18, NULL),
	(1728, 'D', '12', 0, 18, NULL),
	(1729, 'E', '1', 0, 18, NULL),
	(1730, 'E', '2', 0, 18, NULL),
	(1731, 'E', '3', 0, 18, NULL),
	(1732, 'E', '4', 0, 18, NULL),
	(1733, 'E', '5', 0, 18, NULL),
	(1734, 'E', '6', 0, 18, NULL),
	(1735, 'E', '7', 0, 18, NULL),
	(1736, 'E', '8', 0, 18, NULL),
	(1737, 'E', '9', 0, 18, NULL),
	(1738, 'E', '10', 0, 18, NULL),
	(1739, 'E', '11', 0, 18, NULL),
	(1740, 'E', '12', 0, 18, NULL),
	(1741, 'F', '1', 0, 18, NULL),
	(1742, 'F', '2', 0, 18, NULL),
	(1743, 'F', '3', 0, 18, NULL),
	(1744, 'F', '4', 0, 18, NULL),
	(1745, 'F', '5', 0, 18, NULL),
	(1746, 'F', '6', 0, 18, NULL),
	(1747, 'F', '7', 0, 18, NULL),
	(1748, 'F', '8', 0, 18, NULL),
	(1749, 'F', '9', 0, 18, NULL),
	(1750, 'F', '10', 0, 18, NULL),
	(1751, 'F', '11', 0, 18, NULL),
	(1752, 'F', '12', 0, 18, NULL),
	(1753, 'G', '1', 0, 18, NULL),
	(1754, 'G', '2', 0, 18, NULL),
	(1755, 'G', '3', 0, 18, NULL),
	(1756, 'G', '4', 0, 18, NULL),
	(1757, 'G', '5', 0, 18, NULL),
	(1758, 'G', '6', 0, 18, NULL),
	(1759, 'G', '7', 0, 18, NULL),
	(1760, 'G', '8', 0, 18, NULL),
	(1761, 'G', '9', 0, 18, NULL),
	(1762, 'G', '10', 0, 18, NULL),
	(1763, 'G', '11', 0, 18, NULL),
	(1764, 'G', '12', 0, 18, NULL),
	(1765, 'H', '1', 0, 18, NULL),
	(1766, 'H', '2', 0, 18, NULL),
	(1767, 'H', '3', 0, 18, NULL),
	(1768, 'H', '4', 0, 18, NULL),
	(1769, 'H', '5', 0, 18, NULL),
	(1770, 'H', '6', 0, 18, NULL),
	(1771, 'H', '7', 0, 18, NULL),
	(1772, 'H', '8', 0, 18, NULL),
	(1773, 'H', '9', 0, 18, NULL),
	(1774, 'H', '10', 0, 18, NULL),
	(1775, 'H', '11', 0, 18, NULL),
	(1776, 'H', '12', 0, 18, NULL),
	(1777, 'I', '1', 0, 18, NULL),
	(1778, 'I', '2', 0, 18, NULL),
	(1779, 'I', '3', 0, 18, NULL),
	(1780, 'I', '4', 0, 18, NULL),
	(1781, 'I', '5', 0, 18, NULL),
	(1782, 'I', '6', 0, 18, NULL),
	(1783, 'I', '7', 0, 18, NULL),
	(1784, 'I', '8', 0, 18, NULL),
	(1785, 'I', '9', 0, 18, NULL),
	(1786, 'I', '10', 0, 18, NULL),
	(1787, 'I', '11', 0, 18, NULL),
	(1788, 'I', '12', 0, 18, NULL),
	(1789, 'J', '1', 0, 18, NULL),
	(1790, 'J', '2', 0, 18, NULL),
	(1791, 'J', '3', 0, 18, NULL),
	(1792, 'J', '4', 0, 18, NULL),
	(1793, 'J', '5', 0, 18, NULL),
	(1794, 'J', '6', 0, 18, NULL),
	(1795, 'J', '7', 0, 18, NULL),
	(1796, 'J', '8', 0, 18, NULL),
	(1797, 'J', '9', 0, 18, NULL),
	(1798, 'J', '10', 0, 18, NULL),
	(1799, 'J', '11', 0, 18, NULL),
	(1800, 'J', '12', 0, 18, NULL),
	(1801, 'A', '1', 0, 19, NULL),
	(1802, 'A', '2', 0, 19, NULL),
	(1803, 'A', '3', 0, 19, NULL),
	(1804, 'A', '4', 0, 19, NULL),
	(1805, 'A', '5', 0, 19, NULL),
	(1806, 'A', '6', 0, 19, NULL),
	(1807, 'A', '7', 0, 19, NULL),
	(1808, 'A', '8', 0, 19, NULL),
	(1809, 'A', '9', 0, 19, NULL),
	(1810, 'A', '10', 0, 19, NULL),
	(1811, 'A', '11', 0, 19, NULL),
	(1812, 'A', '12', 0, 19, NULL),
	(1813, 'B', '1', 0, 19, NULL),
	(1814, 'B', '2', 0, 19, NULL),
	(1815, 'B', '3', 0, 19, NULL),
	(1816, 'B', '4', 0, 19, NULL),
	(1817, 'B', '5', 0, 19, NULL),
	(1818, 'B', '6', 0, 19, NULL),
	(1819, 'B', '7', 0, 19, NULL),
	(1820, 'B', '8', 0, 19, NULL),
	(1821, 'B', '9', 0, 19, NULL),
	(1822, 'B', '10', 0, 19, NULL),
	(1823, 'B', '11', 0, 19, NULL),
	(1824, 'B', '12', 0, 19, NULL),
	(1825, 'C', '1', 0, 19, NULL),
	(1826, 'C', '2', 0, 19, NULL),
	(1827, 'C', '3', 0, 19, NULL),
	(1828, 'C', '4', 0, 19, NULL),
	(1829, 'C', '5', 0, 19, NULL),
	(1830, 'C', '6', 0, 19, NULL),
	(1831, 'C', '7', 0, 19, NULL),
	(1832, 'C', '8', 0, 19, NULL),
	(1833, 'C', '9', 0, 19, NULL),
	(1834, 'C', '10', 0, 19, NULL),
	(1835, 'C', '11', 0, 19, NULL),
	(1836, 'C', '12', 0, 19, NULL),
	(1837, 'D', '1', 0, 19, NULL),
	(1838, 'D', '2', 0, 19, NULL),
	(1839, 'D', '3', 0, 19, NULL),
	(1840, 'D', '4', 0, 19, NULL),
	(1841, 'D', '5', 0, 19, NULL),
	(1842, 'D', '6', 0, 19, NULL),
	(1843, 'D', '7', 0, 19, NULL),
	(1844, 'D', '8', 0, 19, NULL),
	(1845, 'D', '9', 0, 19, NULL),
	(1846, 'D', '10', 0, 19, NULL),
	(1847, 'D', '11', 0, 19, NULL),
	(1848, 'D', '12', 0, 19, NULL),
	(1849, 'E', '1', 0, 19, NULL),
	(1850, 'E', '2', 0, 19, NULL),
	(1851, 'E', '3', 0, 19, NULL),
	(1852, 'E', '4', 0, 19, NULL),
	(1853, 'E', '5', 0, 19, NULL),
	(1854, 'E', '6', 0, 19, NULL),
	(1855, 'E', '7', 0, 19, NULL),
	(1856, 'E', '8', 0, 19, NULL),
	(1857, 'E', '9', 0, 19, NULL),
	(1858, 'E', '10', 0, 19, NULL),
	(1859, 'E', '11', 0, 19, NULL),
	(1860, 'E', '12', 0, 19, NULL),
	(1861, 'F', '1', 0, 19, NULL),
	(1862, 'F', '2', 0, 19, NULL),
	(1863, 'F', '3', 0, 19, NULL),
	(1864, 'F', '4', 0, 19, NULL),
	(1865, 'F', '5', 0, 19, NULL),
	(1866, 'F', '6', 0, 19, NULL),
	(1867, 'F', '7', 0, 19, NULL),
	(1868, 'F', '8', 0, 19, NULL),
	(1869, 'F', '9', 0, 19, NULL),
	(1870, 'F', '10', 0, 19, NULL),
	(1871, 'F', '11', 0, 19, NULL),
	(1872, 'F', '12', 0, 19, NULL),
	(1873, 'G', '1', 0, 19, NULL),
	(1874, 'G', '2', 0, 19, NULL),
	(1875, 'G', '3', 0, 19, NULL),
	(1876, 'G', '4', 0, 19, NULL),
	(1877, 'G', '5', 0, 19, NULL),
	(1878, 'G', '6', 0, 19, NULL),
	(1879, 'G', '7', 0, 19, NULL),
	(1880, 'G', '8', 0, 19, NULL),
	(1881, 'G', '9', 0, 19, NULL),
	(1882, 'G', '10', 0, 19, NULL),
	(1883, 'G', '11', 0, 19, NULL),
	(1884, 'G', '12', 0, 19, NULL),
	(1885, 'H', '1', 0, 19, NULL),
	(1886, 'H', '2', 0, 19, NULL),
	(1887, 'H', '3', 0, 19, NULL),
	(1888, 'H', '4', 0, 19, NULL),
	(1889, 'H', '5', 0, 19, NULL),
	(1890, 'H', '6', 0, 19, NULL),
	(1891, 'H', '7', 0, 19, NULL),
	(1892, 'H', '8', 0, 19, NULL),
	(1893, 'H', '9', 0, 19, NULL),
	(1894, 'H', '10', 0, 19, NULL),
	(1895, 'H', '11', 0, 19, NULL),
	(1896, 'H', '12', 0, 19, NULL),
	(1897, 'I', '1', 0, 19, NULL),
	(1898, 'I', '2', 0, 19, NULL),
	(1899, 'I', '3', 0, 19, NULL),
	(1900, 'I', '4', 0, 19, NULL),
	(1901, 'I', '5', 0, 19, NULL),
	(1902, 'I', '6', 0, 19, NULL),
	(1903, 'I', '7', 0, 19, NULL),
	(1904, 'I', '8', 0, 19, NULL),
	(1905, 'I', '9', 0, 19, NULL),
	(1906, 'I', '10', 0, 19, NULL),
	(1907, 'I', '11', 0, 19, NULL),
	(1908, 'I', '12', 0, 19, NULL),
	(1909, 'J', '1', 0, 19, NULL),
	(1910, 'J', '2', 0, 19, NULL),
	(1911, 'J', '3', 0, 19, NULL),
	(1912, 'J', '4', 0, 19, NULL),
	(1913, 'J', '5', 0, 19, NULL),
	(1914, 'J', '6', 0, 19, NULL),
	(1915, 'J', '7', 0, 19, NULL),
	(1916, 'J', '8', 0, 19, NULL),
	(1917, 'J', '9', 0, 19, NULL),
	(1918, 'J', '10', 0, 19, NULL),
	(1919, 'J', '11', 0, 19, NULL),
	(1920, 'J', '12', 0, 19, NULL),
	(1921, 'A', '1', 0, 20, NULL),
	(1922, 'A', '2', 0, 20, NULL),
	(1923, 'A', '3', 0, 20, NULL),
	(1924, 'A', '4', 0, 20, NULL),
	(1925, 'A', '5', 0, 20, NULL),
	(1926, 'A', '6', 0, 20, NULL),
	(1927, 'A', '7', 0, 20, NULL),
	(1928, 'A', '8', 0, 20, NULL),
	(1929, 'A', '9', 0, 20, NULL),
	(1930, 'A', '10', 0, 20, NULL),
	(1931, 'A', '11', 0, 20, NULL),
	(1932, 'A', '12', 0, 20, NULL),
	(1933, 'B', '1', 0, 20, NULL),
	(1934, 'B', '2', 0, 20, NULL),
	(1935, 'B', '3', 0, 20, NULL),
	(1936, 'B', '4', 0, 20, NULL),
	(1937, 'B', '5', 0, 20, NULL),
	(1938, 'B', '6', 0, 20, NULL),
	(1939, 'B', '7', 0, 20, NULL),
	(1940, 'B', '8', 0, 20, NULL),
	(1941, 'B', '9', 0, 20, NULL),
	(1942, 'B', '10', 0, 20, NULL),
	(1943, 'B', '11', 0, 20, NULL),
	(1944, 'B', '12', 0, 20, NULL),
	(1945, 'C', '1', 0, 20, NULL),
	(1946, 'C', '2', 0, 20, NULL),
	(1947, 'C', '3', 0, 20, NULL),
	(1948, 'C', '4', 0, 20, NULL),
	(1949, 'C', '5', 0, 20, NULL),
	(1950, 'C', '6', 0, 20, NULL),
	(1951, 'C', '7', 0, 20, NULL),
	(1952, 'C', '8', 0, 20, NULL),
	(1953, 'C', '9', 0, 20, NULL),
	(1954, 'C', '10', 0, 20, NULL),
	(1955, 'C', '11', 0, 20, NULL),
	(1956, 'C', '12', 0, 20, NULL),
	(1957, 'D', '1', 0, 20, NULL),
	(1958, 'D', '2', 0, 20, NULL),
	(1959, 'D', '3', 0, 20, NULL),
	(1960, 'D', '4', 0, 20, NULL),
	(1961, 'D', '5', 0, 20, NULL),
	(1962, 'D', '6', 0, 20, NULL),
	(1963, 'D', '7', 0, 20, NULL),
	(1964, 'D', '8', 0, 20, NULL),
	(1965, 'D', '9', 0, 20, NULL),
	(1966, 'D', '10', 0, 20, NULL),
	(1967, 'D', '11', 0, 20, NULL),
	(1968, 'D', '12', 0, 20, NULL),
	(1969, 'E', '1', 0, 20, NULL),
	(1970, 'E', '2', 0, 20, NULL),
	(1971, 'E', '3', 0, 20, NULL),
	(1972, 'E', '4', 0, 20, NULL),
	(1973, 'E', '5', 0, 20, NULL),
	(1974, 'E', '6', 0, 20, NULL),
	(1975, 'E', '7', 0, 20, NULL),
	(1976, 'E', '8', 0, 20, NULL),
	(1977, 'E', '9', 0, 20, NULL),
	(1978, 'E', '10', 0, 20, NULL),
	(1979, 'E', '11', 0, 20, NULL),
	(1980, 'E', '12', 0, 20, NULL),
	(1981, 'F', '1', 0, 20, NULL),
	(1982, 'F', '2', 0, 20, NULL),
	(1983, 'F', '3', 0, 20, NULL),
	(1984, 'F', '4', 0, 20, NULL),
	(1985, 'F', '5', 0, 20, NULL),
	(1986, 'F', '6', 0, 20, NULL),
	(1987, 'F', '7', 0, 20, NULL),
	(1988, 'F', '8', 0, 20, NULL),
	(1989, 'F', '9', 0, 20, NULL),
	(1990, 'F', '10', 0, 20, NULL),
	(1991, 'F', '11', 0, 20, NULL),
	(1992, 'F', '12', 0, 20, NULL),
	(1993, 'G', '1', 0, 20, NULL),
	(1994, 'G', '2', 0, 20, NULL),
	(1995, 'G', '3', 0, 20, NULL),
	(1996, 'G', '4', 0, 20, NULL),
	(1997, 'G', '5', 0, 20, NULL),
	(1998, 'G', '6', 0, 20, NULL),
	(1999, 'G', '7', 0, 20, NULL),
	(2000, 'G', '8', 0, 20, NULL),
	(2001, 'G', '9', 0, 20, NULL),
	(2002, 'G', '10', 0, 20, NULL),
	(2003, 'G', '11', 0, 20, NULL),
	(2004, 'G', '12', 0, 20, NULL),
	(2005, 'H', '1', 0, 20, NULL),
	(2006, 'H', '2', 0, 20, NULL),
	(2007, 'H', '3', 0, 20, NULL),
	(2008, 'H', '4', 0, 20, NULL),
	(2009, 'H', '5', 0, 20, NULL),
	(2010, 'H', '6', 0, 20, NULL),
	(2011, 'H', '7', 0, 20, NULL),
	(2012, 'H', '8', 0, 20, NULL),
	(2013, 'H', '9', 0, 20, NULL),
	(2014, 'H', '10', 0, 20, NULL),
	(2015, 'H', '11', 0, 20, NULL),
	(2016, 'H', '12', 0, 20, NULL),
	(2017, 'I', '1', 0, 20, NULL),
	(2018, 'I', '2', 0, 20, NULL),
	(2019, 'I', '3', 0, 20, NULL),
	(2020, 'I', '4', 0, 20, NULL),
	(2021, 'I', '5', 0, 20, NULL),
	(2022, 'I', '6', 0, 20, NULL),
	(2023, 'I', '7', 0, 20, NULL),
	(2024, 'I', '8', 0, 20, NULL),
	(2025, 'I', '9', 0, 20, NULL),
	(2026, 'I', '10', 0, 20, NULL),
	(2027, 'I', '11', 0, 20, NULL),
	(2028, 'I', '12', 0, 20, NULL),
	(2029, 'J', '1', 0, 20, NULL),
	(2030, 'J', '2', 0, 20, NULL),
	(2031, 'J', '3', 0, 20, NULL),
	(2032, 'J', '4', 0, 20, NULL),
	(2033, 'J', '5', 0, 20, NULL),
	(2034, 'J', '6', 0, 20, NULL),
	(2035, 'J', '7', 0, 20, NULL),
	(2036, 'J', '8', 0, 20, NULL),
	(2037, 'J', '9', 0, 20, NULL),
	(2038, 'J', '10', 0, 20, NULL),
	(2039, 'J', '11', 0, 20, NULL),
	(2040, 'J', '12', 0, 20, NULL),
	(2041, 'A', '1', 0, 21, NULL),
	(2042, 'A', '2', 0, 21, NULL),
	(2043, 'A', '3', 0, 21, NULL),
	(2044, 'A', '4', 0, 21, NULL),
	(2045, 'A', '5', 0, 21, NULL),
	(2046, 'A', '6', 0, 21, NULL),
	(2047, 'A', '7', 0, 21, NULL),
	(2048, 'A', '8', 0, 21, NULL),
	(2049, 'A', '9', 0, 21, NULL),
	(2050, 'A', '10', 0, 21, NULL),
	(2051, 'A', '11', 0, 21, NULL),
	(2052, 'A', '12', 0, 21, NULL),
	(2053, 'B', '1', 0, 21, NULL),
	(2054, 'B', '2', 0, 21, NULL),
	(2055, 'B', '3', 0, 21, NULL),
	(2056, 'B', '4', 0, 21, NULL),
	(2057, 'B', '5', 0, 21, NULL),
	(2058, 'B', '6', 0, 21, NULL),
	(2059, 'B', '7', 0, 21, NULL),
	(2060, 'B', '8', 0, 21, NULL),
	(2061, 'B', '9', 0, 21, NULL),
	(2062, 'B', '10', 0, 21, NULL),
	(2063, 'B', '11', 0, 21, NULL),
	(2064, 'B', '12', 0, 21, NULL),
	(2065, 'C', '1', 0, 21, NULL),
	(2066, 'C', '2', 0, 21, NULL),
	(2067, 'C', '3', 0, 21, NULL),
	(2068, 'C', '4', 0, 21, NULL),
	(2069, 'C', '5', 0, 21, NULL),
	(2070, 'C', '6', 0, 21, NULL),
	(2071, 'C', '7', 0, 21, NULL),
	(2072, 'C', '8', 0, 21, NULL),
	(2073, 'C', '9', 0, 21, NULL),
	(2074, 'C', '10', 0, 21, NULL),
	(2075, 'C', '11', 0, 21, NULL),
	(2076, 'C', '12', 0, 21, NULL),
	(2077, 'D', '1', 0, 21, NULL),
	(2078, 'D', '2', 0, 21, NULL),
	(2079, 'D', '3', 0, 21, NULL),
	(2080, 'D', '4', 0, 21, NULL),
	(2081, 'D', '5', 0, 21, NULL),
	(2082, 'D', '6', 0, 21, NULL),
	(2083, 'D', '7', 0, 21, NULL),
	(2084, 'D', '8', 0, 21, NULL),
	(2085, 'D', '9', 0, 21, NULL),
	(2086, 'D', '10', 0, 21, NULL),
	(2087, 'D', '11', 0, 21, NULL),
	(2088, 'D', '12', 0, 21, NULL),
	(2089, 'E', '1', 0, 21, NULL),
	(2090, 'E', '2', 0, 21, NULL),
	(2091, 'E', '3', 0, 21, NULL),
	(2092, 'E', '4', 0, 21, NULL),
	(2093, 'E', '5', 0, 21, NULL),
	(2094, 'E', '6', 0, 21, NULL),
	(2095, 'E', '7', 0, 21, NULL),
	(2096, 'E', '8', 0, 21, NULL),
	(2097, 'E', '9', 0, 21, NULL),
	(2098, 'E', '10', 0, 21, NULL),
	(2099, 'E', '11', 0, 21, NULL),
	(2100, 'E', '12', 0, 21, NULL),
	(2101, 'F', '1', 0, 21, NULL),
	(2102, 'F', '2', 0, 21, NULL),
	(2103, 'F', '3', 0, 21, NULL),
	(2104, 'F', '4', 0, 21, NULL),
	(2105, 'F', '5', 0, 21, NULL),
	(2106, 'F', '6', 0, 21, NULL),
	(2107, 'F', '7', 0, 21, NULL),
	(2108, 'F', '8', 0, 21, NULL),
	(2109, 'F', '9', 0, 21, NULL),
	(2110, 'F', '10', 0, 21, NULL),
	(2111, 'F', '11', 0, 21, NULL),
	(2112, 'F', '12', 0, 21, NULL),
	(2113, 'G', '1', 0, 21, NULL),
	(2114, 'G', '2', 0, 21, NULL),
	(2115, 'G', '3', 0, 21, NULL),
	(2116, 'G', '4', 0, 21, NULL),
	(2117, 'G', '5', 0, 21, NULL),
	(2118, 'G', '6', 0, 21, NULL),
	(2119, 'G', '7', 0, 21, NULL),
	(2120, 'G', '8', 0, 21, NULL),
	(2121, 'G', '9', 0, 21, NULL),
	(2122, 'G', '10', 0, 21, NULL),
	(2123, 'G', '11', 0, 21, NULL),
	(2124, 'G', '12', 0, 21, NULL),
	(2125, 'H', '1', 0, 21, NULL),
	(2126, 'H', '2', 0, 21, NULL),
	(2127, 'H', '3', 0, 21, NULL),
	(2128, 'H', '4', 0, 21, NULL),
	(2129, 'H', '5', 0, 21, NULL),
	(2130, 'H', '6', 0, 21, NULL),
	(2131, 'H', '7', 0, 21, NULL),
	(2132, 'H', '8', 0, 21, NULL),
	(2133, 'H', '9', 0, 21, NULL),
	(2134, 'H', '10', 0, 21, NULL),
	(2135, 'H', '11', 0, 21, NULL),
	(2136, 'H', '12', 0, 21, NULL),
	(2137, 'I', '1', 0, 21, NULL),
	(2138, 'I', '2', 0, 21, NULL),
	(2139, 'I', '3', 0, 21, NULL),
	(2140, 'I', '4', 0, 21, NULL),
	(2141, 'I', '5', 0, 21, NULL),
	(2142, 'I', '6', 0, 21, NULL),
	(2143, 'I', '7', 0, 21, NULL),
	(2144, 'I', '8', 0, 21, NULL),
	(2145, 'I', '9', 0, 21, NULL),
	(2146, 'I', '10', 0, 21, NULL),
	(2147, 'I', '11', 0, 21, NULL),
	(2148, 'I', '12', 0, 21, NULL),
	(2149, 'J', '1', 0, 21, NULL),
	(2150, 'J', '2', 0, 21, NULL),
	(2151, 'J', '3', 0, 21, NULL),
	(2152, 'J', '4', 0, 21, NULL),
	(2153, 'J', '5', 0, 21, NULL),
	(2154, 'J', '6', 0, 21, NULL),
	(2155, 'J', '7', 0, 21, NULL),
	(2156, 'J', '8', 0, 21, NULL),
	(2157, 'J', '9', 0, 21, NULL),
	(2158, 'J', '10', 0, 21, NULL),
	(2159, 'J', '11', 0, 21, NULL),
	(2160, 'J', '12', 0, 21, NULL),
	(2161, 'A', '1', 0, 1, 1),
	(2162, 'A', '2', 0, 1, 1),
	(2163, 'A', '3', 0, 1, 1),
	(2164, 'A', '4', 0, 1, 1),
	(2165, 'A', '5', 0, 1, 1),
	(2166, 'A', '6', 0, 1, 1),
	(2167, 'A', '7', 0, 1, 1),
	(2168, 'A', '8', 0, 1, 1),
	(2169, 'A', '9', 0, 1, 1),
	(2170, 'A', '10', 0, 1, 1),
	(2171, 'A', '11', 0, 1, 1),
	(2172, 'A', '12', 0, 1, 1),
	(2173, 'B', '1', 0, 1, 1),
	(2174, 'B', '2', 0, 1, 1),
	(2175, 'B', '3', 0, 1, 1),
	(2176, 'B', '4', 0, 1, 1),
	(2177, 'B', '5', 0, 1, 1),
	(2178, 'B', '6', 0, 1, 1),
	(2179, 'B', '7', 0, 1, 1),
	(2180, 'B', '8', 0, 1, 1),
	(2181, 'B', '9', 0, 1, 1),
	(2182, 'B', '10', 0, 1, 1),
	(2183, 'B', '11', 0, 1, 1),
	(2184, 'B', '12', 0, 1, 1),
	(2185, 'C', '1', 0, 1, 1),
	(2186, 'C', '2', 0, 1, 1),
	(2187, 'C', '3', 0, 1, 1),
	(2188, 'C', '4', 0, 1, 1),
	(2189, 'C', '5', 0, 1, 1),
	(2190, 'C', '6', 0, 1, 1),
	(2191, 'C', '7', 0, 1, 1),
	(2192, 'C', '8', 0, 1, 1),
	(2193, 'C', '9', 0, 1, 1),
	(2194, 'C', '10', 0, 1, 1),
	(2195, 'C', '11', 0, 1, 1),
	(2196, 'C', '12', 0, 1, 1),
	(2197, 'D', '1', 0, 1, 1),
	(2198, 'D', '2', 0, 1, 1),
	(2199, 'D', '3', 0, 1, 1),
	(2200, 'D', '4', 0, 1, 1),
	(2201, 'D', '5', 0, 1, 1),
	(2202, 'D', '6', 0, 1, 1),
	(2203, 'D', '7', 0, 1, 1),
	(2204, 'D', '8', 0, 1, 1),
	(2205, 'D', '9', 0, 1, 1),
	(2206, 'D', '10', 0, 1, 1),
	(2207, 'D', '11', 0, 1, 1),
	(2208, 'D', '12', 0, 1, 1),
	(2209, 'E', '1', 0, 1, 1),
	(2210, 'E', '2', 0, 1, 1),
	(2211, 'E', '3', 0, 1, 1),
	(2212, 'E', '4', 0, 1, 1),
	(2213, 'E', '5', 0, 1, 1),
	(2214, 'E', '6', 0, 1, 1),
	(2215, 'E', '7', 0, 1, 1),
	(2216, 'E', '8', 0, 1, 1),
	(2217, 'E', '9', 0, 1, 1),
	(2218, 'E', '10', 0, 1, 1),
	(2219, 'E', '11', 0, 1, 1),
	(2220, 'E', '12', 0, 1, 1),
	(2221, 'F', '1', 0, 1, 1),
	(2222, 'F', '2', 0, 1, 1),
	(2223, 'F', '3', 0, 1, 1),
	(2224, 'F', '4', 0, 1, 1),
	(2225, 'F', '5', 0, 1, 1),
	(2226, 'F', '6', 0, 1, 1),
	(2227, 'F', '7', 0, 1, 1),
	(2228, 'F', '8', 0, 1, 1),
	(2229, 'F', '9', 0, 1, 1),
	(2230, 'F', '10', 0, 1, 1),
	(2231, 'F', '11', 0, 1, 1),
	(2232, 'F', '12', 0, 1, 1),
	(2233, 'G', '1', 0, 1, 1),
	(2234, 'G', '2', 0, 1, 1),
	(2235, 'G', '3', 0, 1, 1),
	(2236, 'G', '4', 0, 1, 1),
	(2237, 'G', '5', 0, 1, 1),
	(2238, 'G', '6', 0, 1, 1),
	(2239, 'G', '7', 0, 1, 1),
	(2240, 'G', '8', 0, 1, 1),
	(2241, 'G', '9', 0, 1, 1),
	(2242, 'G', '10', 0, 1, 1),
	(2243, 'G', '11', 0, 1, 1),
	(2244, 'G', '12', 0, 1, 1),
	(2245, 'H', '1', 0, 1, 1),
	(2246, 'H', '2', 0, 1, 1),
	(2247, 'H', '3', 0, 1, 1),
	(2248, 'H', '4', 0, 1, 1),
	(2249, 'H', '5', 0, 1, 1),
	(2250, 'H', '6', 0, 1, 1),
	(2251, 'H', '7', 0, 1, 1),
	(2252, 'H', '8', 0, 1, 1),
	(2253, 'H', '9', 0, 1, 1),
	(2254, 'H', '10', 0, 1, 1),
	(2255, 'H', '11', 0, 1, 1),
	(2256, 'H', '12', 0, 1, 1),
	(2257, 'I', '1', 0, 1, 1),
	(2258, 'I', '2', 0, 1, 1),
	(2259, 'I', '3', 0, 1, 1),
	(2260, 'I', '4', 0, 1, 1),
	(2261, 'I', '5', 0, 1, 1),
	(2262, 'I', '6', 0, 1, 1),
	(2263, 'I', '7', 0, 1, 1),
	(2264, 'I', '8', 0, 1, 1),
	(2265, 'I', '9', 0, 1, 1),
	(2266, 'I', '10', 0, 1, 1),
	(2267, 'I', '11', 0, 1, 1),
	(2268, 'I', '12', 0, 1, 1),
	(2269, 'J', '1', 0, 1, 1),
	(2270, 'J', '2', 0, 1, 1),
	(2271, 'J', '3', 0, 1, 1),
	(2272, 'J', '4', 0, 1, 1),
	(2273, 'J', '5', 0, 1, 1),
	(2274, 'J', '6', 0, 1, 1),
	(2275, 'J', '7', 0, 1, 1),
	(2276, 'J', '8', 0, 1, 1),
	(2277, 'J', '9', 0, 1, 1),
	(2278, 'J', '10', 0, 1, 1),
	(2279, 'J', '11', 0, 1, 1),
	(2280, 'J', '12', 0, 1, 1),
	(2281, 'A', '1', 0, 1, 2),
	(2282, 'A', '2', 0, 1, 2),
	(2283, 'A', '3', 0, 1, 2),
	(2284, 'A', '4', 0, 1, 2),
	(2285, 'A', '5', 0, 1, 2),
	(2286, 'A', '6', 0, 1, 2),
	(2287, 'A', '7', 0, 1, 2),
	(2288, 'A', '8', 0, 1, 2),
	(2289, 'A', '9', 0, 1, 2),
	(2290, 'A', '10', 0, 1, 2),
	(2291, 'A', '11', 0, 1, 2),
	(2292, 'A', '12', 0, 1, 2),
	(2293, 'B', '1', 0, 1, 2),
	(2294, 'B', '2', 0, 1, 2),
	(2295, 'B', '3', 0, 1, 2),
	(2296, 'B', '4', 0, 1, 2),
	(2297, 'B', '5', 0, 1, 2),
	(2298, 'B', '6', 0, 1, 2),
	(2299, 'B', '7', 0, 1, 2),
	(2300, 'B', '8', 0, 1, 2),
	(2301, 'B', '9', 0, 1, 2),
	(2302, 'B', '10', 0, 1, 2),
	(2303, 'B', '11', 0, 1, 2),
	(2304, 'B', '12', 0, 1, 2),
	(2305, 'C', '1', 0, 1, 2),
	(2306, 'C', '2', 0, 1, 2),
	(2307, 'C', '3', 0, 1, 2),
	(2308, 'C', '4', 0, 1, 2),
	(2309, 'C', '5', 0, 1, 2),
	(2310, 'C', '6', 0, 1, 2),
	(2311, 'C', '7', 0, 1, 2),
	(2312, 'C', '8', 0, 1, 2),
	(2313, 'C', '9', 0, 1, 2),
	(2314, 'C', '10', 0, 1, 2),
	(2315, 'C', '11', 0, 1, 2),
	(2316, 'C', '12', 0, 1, 2),
	(2317, 'D', '1', 0, 1, 2),
	(2318, 'D', '2', 0, 1, 2),
	(2319, 'D', '3', 0, 1, 2),
	(2320, 'D', '4', 0, 1, 2),
	(2321, 'D', '5', 0, 1, 2),
	(2322, 'D', '6', 0, 1, 2),
	(2323, 'D', '7', 0, 1, 2),
	(2324, 'D', '8', 0, 1, 2),
	(2325, 'D', '9', 0, 1, 2),
	(2326, 'D', '10', 0, 1, 2),
	(2327, 'D', '11', 0, 1, 2),
	(2328, 'D', '12', 0, 1, 2),
	(2329, 'E', '1', 0, 1, 2),
	(2330, 'E', '2', 0, 1, 2),
	(2331, 'E', '3', 0, 1, 2),
	(2332, 'E', '4', 0, 1, 2),
	(2333, 'E', '5', 0, 1, 2),
	(2334, 'E', '6', 0, 1, 2),
	(2335, 'E', '7', 0, 1, 2),
	(2336, 'E', '8', 0, 1, 2),
	(2337, 'E', '9', 0, 1, 2),
	(2338, 'E', '10', 0, 1, 2),
	(2339, 'E', '11', 0, 1, 2),
	(2340, 'E', '12', 0, 1, 2),
	(2341, 'F', '1', 0, 1, 2),
	(2342, 'F', '2', 0, 1, 2),
	(2343, 'F', '3', 0, 1, 2),
	(2344, 'F', '4', 0, 1, 2),
	(2345, 'F', '5', 0, 1, 2),
	(2346, 'F', '6', 0, 1, 2),
	(2347, 'F', '7', 0, 1, 2),
	(2348, 'F', '8', 0, 1, 2),
	(2349, 'F', '9', 0, 1, 2),
	(2350, 'F', '10', 0, 1, 2),
	(2351, 'F', '11', 0, 1, 2),
	(2352, 'F', '12', 0, 1, 2),
	(2353, 'G', '1', 0, 1, 2),
	(2354, 'G', '2', 0, 1, 2),
	(2355, 'G', '3', 0, 1, 2),
	(2356, 'G', '4', 0, 1, 2),
	(2357, 'G', '5', 0, 1, 2),
	(2358, 'G', '6', 0, 1, 2),
	(2359, 'G', '7', 0, 1, 2),
	(2360, 'G', '8', 0, 1, 2),
	(2361, 'G', '9', 0, 1, 2),
	(2362, 'G', '10', 0, 1, 2),
	(2363, 'G', '11', 0, 1, 2),
	(2364, 'G', '12', 0, 1, 2),
	(2365, 'H', '1', 0, 1, 2),
	(2366, 'H', '2', 0, 1, 2),
	(2367, 'H', '3', 0, 1, 2),
	(2368, 'H', '4', 0, 1, 2),
	(2369, 'H', '5', 0, 1, 2),
	(2370, 'H', '6', 0, 1, 2),
	(2371, 'H', '7', 0, 1, 2),
	(2372, 'H', '8', 0, 1, 2),
	(2373, 'H', '9', 0, 1, 2),
	(2374, 'H', '10', 0, 1, 2),
	(2375, 'H', '11', 0, 1, 2),
	(2376, 'H', '12', 0, 1, 2),
	(2377, 'I', '1', 0, 1, 2),
	(2378, 'I', '2', 0, 1, 2),
	(2379, 'I', '3', 0, 1, 2),
	(2380, 'I', '4', 0, 1, 2),
	(2381, 'I', '5', 0, 1, 2),
	(2382, 'I', '6', 0, 1, 2),
	(2383, 'I', '7', 0, 1, 2),
	(2384, 'I', '8', 0, 1, 2),
	(2385, 'I', '9', 0, 1, 2),
	(2386, 'I', '10', 0, 1, 2),
	(2387, 'I', '11', 0, 1, 2),
	(2388, 'I', '12', 0, 1, 2),
	(2389, 'J', '1', 0, 1, 2),
	(2390, 'J', '2', 0, 1, 2),
	(2391, 'J', '3', 0, 1, 2),
	(2392, 'J', '4', 0, 1, 2),
	(2393, 'J', '5', 0, 1, 2),
	(2394, 'J', '6', 0, 1, 2),
	(2395, 'J', '7', 0, 1, 2),
	(2396, 'J', '8', 0, 1, 2),
	(2397, 'J', '9', 0, 1, 2),
	(2398, 'J', '10', 0, 1, 2),
	(2399, 'J', '11', 0, 1, 2),
	(2400, 'J', '12', 0, 1, 2),
	(2401, 'A', '1', 0, 1, 3),
	(2402, 'A', '2', 0, 1, 3),
	(2403, 'A', '3', 0, 1, 3),
	(2404, 'A', '4', 0, 1, 3),
	(2405, 'A', '5', 0, 1, 3),
	(2406, 'A', '6', 0, 1, 3),
	(2407, 'A', '7', 0, 1, 3),
	(2408, 'A', '8', 0, 1, 3),
	(2409, 'A', '9', 0, 1, 3),
	(2410, 'A', '10', 0, 1, 3),
	(2411, 'A', '11', 0, 1, 3),
	(2412, 'A', '12', 0, 1, 3),
	(2413, 'B', '1', 0, 1, 3),
	(2414, 'B', '2', 0, 1, 3),
	(2415, 'B', '3', 0, 1, 3),
	(2416, 'B', '4', 0, 1, 3),
	(2417, 'B', '5', 0, 1, 3),
	(2418, 'B', '6', 0, 1, 3),
	(2419, 'B', '7', 0, 1, 3),
	(2420, 'B', '8', 0, 1, 3),
	(2421, 'B', '9', 0, 1, 3),
	(2422, 'B', '10', 0, 1, 3),
	(2423, 'B', '11', 0, 1, 3),
	(2424, 'B', '12', 0, 1, 3),
	(2425, 'C', '1', 0, 1, 3),
	(2426, 'C', '2', 0, 1, 3),
	(2427, 'C', '3', 0, 1, 3),
	(2428, 'C', '4', 0, 1, 3),
	(2429, 'C', '5', 0, 1, 3),
	(2430, 'C', '6', 0, 1, 3),
	(2431, 'C', '7', 0, 1, 3),
	(2432, 'C', '8', 0, 1, 3),
	(2433, 'C', '9', 0, 1, 3),
	(2434, 'C', '10', 0, 1, 3),
	(2435, 'C', '11', 0, 1, 3),
	(2436, 'C', '12', 0, 1, 3),
	(2437, 'D', '1', 0, 1, 3),
	(2438, 'D', '2', 0, 1, 3),
	(2439, 'D', '3', 0, 1, 3),
	(2440, 'D', '4', 0, 1, 3),
	(2441, 'D', '5', 0, 1, 3),
	(2442, 'D', '6', 0, 1, 3),
	(2443, 'D', '7', 0, 1, 3),
	(2444, 'D', '8', 0, 1, 3),
	(2445, 'D', '9', 0, 1, 3),
	(2446, 'D', '10', 0, 1, 3),
	(2447, 'D', '11', 0, 1, 3),
	(2448, 'D', '12', 0, 1, 3),
	(2449, 'E', '1', 0, 1, 3),
	(2450, 'E', '2', 0, 1, 3),
	(2451, 'E', '3', 0, 1, 3),
	(2452, 'E', '4', 0, 1, 3),
	(2453, 'E', '5', 0, 1, 3),
	(2454, 'E', '6', 0, 1, 3),
	(2455, 'E', '7', 0, 1, 3),
	(2456, 'E', '8', 0, 1, 3),
	(2457, 'E', '9', 0, 1, 3),
	(2458, 'E', '10', 0, 1, 3),
	(2459, 'E', '11', 0, 1, 3),
	(2460, 'E', '12', 0, 1, 3),
	(2461, 'F', '1', 0, 1, 3),
	(2462, 'F', '2', 0, 1, 3),
	(2463, 'F', '3', 0, 1, 3),
	(2464, 'F', '4', 0, 1, 3),
	(2465, 'F', '5', 0, 1, 3),
	(2466, 'F', '6', 0, 1, 3),
	(2467, 'F', '7', 0, 1, 3),
	(2468, 'F', '8', 0, 1, 3),
	(2469, 'F', '9', 0, 1, 3),
	(2470, 'F', '10', 0, 1, 3),
	(2471, 'F', '11', 0, 1, 3),
	(2472, 'F', '12', 0, 1, 3),
	(2473, 'G', '1', 0, 1, 3),
	(2474, 'G', '2', 0, 1, 3),
	(2475, 'G', '3', 0, 1, 3),
	(2476, 'G', '4', 0, 1, 3),
	(2477, 'G', '5', 0, 1, 3),
	(2478, 'G', '6', 0, 1, 3),
	(2479, 'G', '7', 0, 1, 3),
	(2480, 'G', '8', 0, 1, 3),
	(2481, 'G', '9', 0, 1, 3),
	(2482, 'G', '10', 0, 1, 3),
	(2483, 'G', '11', 0, 1, 3),
	(2484, 'G', '12', 0, 1, 3),
	(2485, 'H', '1', 0, 1, 3),
	(2486, 'H', '2', 0, 1, 3),
	(2487, 'H', '3', 0, 1, 3),
	(2488, 'H', '4', 0, 1, 3),
	(2489, 'H', '5', 0, 1, 3),
	(2490, 'H', '6', 0, 1, 3),
	(2491, 'H', '7', 0, 1, 3),
	(2492, 'H', '8', 0, 1, 3),
	(2493, 'H', '9', 0, 1, 3),
	(2494, 'H', '10', 0, 1, 3),
	(2495, 'H', '11', 0, 1, 3),
	(2496, 'H', '12', 0, 1, 3),
	(2497, 'I', '1', 0, 1, 3),
	(2498, 'I', '2', 0, 1, 3),
	(2499, 'I', '3', 0, 1, 3),
	(2500, 'I', '4', 0, 1, 3),
	(2501, 'I', '5', 0, 1, 3),
	(2502, 'I', '6', 0, 1, 3),
	(2503, 'I', '7', 0, 1, 3),
	(2504, 'I', '8', 0, 1, 3),
	(2505, 'I', '9', 0, 1, 3),
	(2506, 'I', '10', 0, 1, 3),
	(2507, 'I', '11', 0, 1, 3),
	(2508, 'I', '12', 0, 1, 3),
	(2509, 'J', '1', 0, 1, 3),
	(2510, 'J', '2', 0, 1, 3),
	(2511, 'J', '3', 0, 1, 3),
	(2512, 'J', '4', 0, 1, 3),
	(2513, 'J', '5', 0, 1, 3),
	(2514, 'J', '6', 0, 1, 3),
	(2515, 'J', '7', 0, 1, 3),
	(2516, 'J', '8', 0, 1, 3),
	(2517, 'J', '9', 0, 1, 3),
	(2518, 'J', '10', 0, 1, 3),
	(2519, 'J', '11', 0, 1, 3),
	(2520, 'J', '12', 0, 1, 3),
	(2521, 'A', '1', 0, 1, 4),
	(2522, 'A', '2', 0, 1, 4),
	(2523, 'A', '3', 0, 1, 4),
	(2524, 'A', '4', 0, 1, 4),
	(2525, 'A', '5', 0, 1, 4),
	(2526, 'A', '6', 0, 1, 4),
	(2527, 'A', '7', 0, 1, 4),
	(2528, 'A', '8', 0, 1, 4),
	(2529, 'A', '9', 0, 1, 4),
	(2530, 'A', '10', 0, 1, 4),
	(2531, 'A', '11', 0, 1, 4),
	(2532, 'A', '12', 0, 1, 4),
	(2533, 'B', '1', 0, 1, 4),
	(2534, 'B', '2', 0, 1, 4),
	(2535, 'B', '3', 0, 1, 4),
	(2536, 'B', '4', 0, 1, 4),
	(2537, 'B', '5', 0, 1, 4),
	(2538, 'B', '6', 0, 1, 4),
	(2539, 'B', '7', 0, 1, 4),
	(2540, 'B', '8', 0, 1, 4),
	(2541, 'B', '9', 0, 1, 4),
	(2542, 'B', '10', 0, 1, 4),
	(2543, 'B', '11', 0, 1, 4),
	(2544, 'B', '12', 0, 1, 4),
	(2545, 'C', '1', 0, 1, 4),
	(2546, 'C', '2', 0, 1, 4),
	(2547, 'C', '3', 0, 1, 4),
	(2548, 'C', '4', 0, 1, 4),
	(2549, 'C', '5', 0, 1, 4),
	(2550, 'C', '6', 0, 1, 4),
	(2551, 'C', '7', 0, 1, 4),
	(2552, 'C', '8', 0, 1, 4),
	(2553, 'C', '9', 0, 1, 4),
	(2554, 'C', '10', 0, 1, 4),
	(2555, 'C', '11', 0, 1, 4),
	(2556, 'C', '12', 0, 1, 4),
	(2557, 'D', '1', 0, 1, 4),
	(2558, 'D', '2', 0, 1, 4),
	(2559, 'D', '3', 0, 1, 4),
	(2560, 'D', '4', 0, 1, 4),
	(2561, 'D', '5', 0, 1, 4),
	(2562, 'D', '6', 0, 1, 4),
	(2563, 'D', '7', 0, 1, 4),
	(2564, 'D', '8', 0, 1, 4),
	(2565, 'D', '9', 0, 1, 4),
	(2566, 'D', '10', 0, 1, 4),
	(2567, 'D', '11', 0, 1, 4),
	(2568, 'D', '12', 0, 1, 4),
	(2569, 'E', '1', 0, 1, 4),
	(2570, 'E', '2', 0, 1, 4),
	(2571, 'E', '3', 0, 1, 4),
	(2572, 'E', '4', 0, 1, 4),
	(2573, 'E', '5', 0, 1, 4),
	(2574, 'E', '6', 0, 1, 4),
	(2575, 'E', '7', 0, 1, 4),
	(2576, 'E', '8', 0, 1, 4),
	(2577, 'E', '9', 0, 1, 4),
	(2578, 'E', '10', 0, 1, 4),
	(2579, 'E', '11', 0, 1, 4),
	(2580, 'E', '12', 0, 1, 4),
	(2581, 'F', '1', 0, 1, 4),
	(2582, 'F', '2', 0, 1, 4),
	(2583, 'F', '3', 0, 1, 4),
	(2584, 'F', '4', 0, 1, 4),
	(2585, 'F', '5', 0, 1, 4),
	(2586, 'F', '6', 0, 1, 4),
	(2587, 'F', '7', 0, 1, 4),
	(2588, 'F', '8', 0, 1, 4),
	(2589, 'F', '9', 0, 1, 4),
	(2590, 'F', '10', 0, 1, 4),
	(2591, 'F', '11', 0, 1, 4),
	(2592, 'F', '12', 0, 1, 4),
	(2593, 'G', '1', 0, 1, 4),
	(2594, 'G', '2', 0, 1, 4),
	(2595, 'G', '3', 0, 1, 4),
	(2596, 'G', '4', 0, 1, 4),
	(2597, 'G', '5', 0, 1, 4),
	(2598, 'G', '6', 0, 1, 4),
	(2599, 'G', '7', 0, 1, 4),
	(2600, 'G', '8', 0, 1, 4),
	(2601, 'G', '9', 0, 1, 4),
	(2602, 'G', '10', 0, 1, 4),
	(2603, 'G', '11', 0, 1, 4),
	(2604, 'G', '12', 0, 1, 4),
	(2605, 'H', '1', 0, 1, 4),
	(2606, 'H', '2', 0, 1, 4),
	(2607, 'H', '3', 0, 1, 4),
	(2608, 'H', '4', 0, 1, 4),
	(2609, 'H', '5', 0, 1, 4),
	(2610, 'H', '6', 0, 1, 4),
	(2611, 'H', '7', 0, 1, 4),
	(2612, 'H', '8', 0, 1, 4),
	(2613, 'H', '9', 0, 1, 4),
	(2614, 'H', '10', 0, 1, 4),
	(2615, 'H', '11', 0, 1, 4),
	(2616, 'H', '12', 0, 1, 4),
	(2617, 'I', '1', 0, 1, 4),
	(2618, 'I', '2', 0, 1, 4),
	(2619, 'I', '3', 0, 1, 4),
	(2620, 'I', '4', 0, 1, 4),
	(2621, 'I', '5', 0, 1, 4),
	(2622, 'I', '6', 0, 1, 4),
	(2623, 'I', '7', 0, 1, 4),
	(2624, 'I', '8', 0, 1, 4),
	(2625, 'I', '9', 0, 1, 4),
	(2626, 'I', '10', 0, 1, 4),
	(2627, 'I', '11', 0, 1, 4),
	(2628, 'I', '12', 0, 1, 4),
	(2629, 'J', '1', 0, 1, 4),
	(2630, 'J', '2', 0, 1, 4),
	(2631, 'J', '3', 0, 1, 4),
	(2632, 'J', '4', 0, 1, 4),
	(2633, 'J', '5', 0, 1, 4),
	(2634, 'J', '6', 0, 1, 4),
	(2635, 'J', '7', 0, 1, 4),
	(2636, 'J', '8', 0, 1, 4),
	(2637, 'J', '9', 0, 1, 4),
	(2638, 'J', '10', 0, 1, 4),
	(2639, 'J', '11', 0, 1, 4),
	(2640, 'J', '12', 0, 1, 4),
	(2641, 'A', '1', 0, 2, 5),
	(2642, 'A', '2', 0, 2, 5),
	(2643, 'A', '3', 0, 2, 5),
	(2644, 'A', '4', 0, 2, 5),
	(2645, 'A', '5', 0, 2, 5),
	(2646, 'A', '6', 0, 2, 5),
	(2647, 'A', '7', 0, 2, 5),
	(2648, 'A', '8', 0, 2, 5),
	(2649, 'A', '9', 0, 2, 5),
	(2650, 'A', '10', 0, 2, 5),
	(2651, 'A', '11', 0, 2, 5),
	(2652, 'A', '12', 0, 2, 5),
	(2653, 'B', '1', 0, 2, 5),
	(2654, 'B', '2', 0, 2, 5),
	(2655, 'B', '3', 0, 2, 5),
	(2656, 'B', '4', 0, 2, 5),
	(2657, 'B', '5', 0, 2, 5),
	(2658, 'B', '6', 0, 2, 5),
	(2659, 'B', '7', 0, 2, 5),
	(2660, 'B', '8', 0, 2, 5),
	(2661, 'B', '9', 0, 2, 5),
	(2662, 'B', '10', 0, 2, 5),
	(2663, 'B', '11', 0, 2, 5),
	(2664, 'B', '12', 0, 2, 5),
	(2665, 'C', '1', 0, 2, 5),
	(2666, 'C', '2', 0, 2, 5),
	(2667, 'C', '3', 0, 2, 5),
	(2668, 'C', '4', 0, 2, 5),
	(2669, 'C', '5', 0, 2, 5),
	(2670, 'C', '6', 0, 2, 5),
	(2671, 'C', '7', 0, 2, 5),
	(2672, 'C', '8', 0, 2, 5),
	(2673, 'C', '9', 0, 2, 5),
	(2674, 'C', '10', 0, 2, 5),
	(2675, 'C', '11', 0, 2, 5),
	(2676, 'C', '12', 0, 2, 5),
	(2677, 'D', '1', 0, 2, 5),
	(2678, 'D', '2', 0, 2, 5),
	(2679, 'D', '3', 0, 2, 5),
	(2680, 'D', '4', 0, 2, 5),
	(2681, 'D', '5', 0, 2, 5),
	(2682, 'D', '6', 0, 2, 5),
	(2683, 'D', '7', 0, 2, 5),
	(2684, 'D', '8', 0, 2, 5),
	(2685, 'D', '9', 0, 2, 5),
	(2686, 'D', '10', 0, 2, 5),
	(2687, 'D', '11', 0, 2, 5),
	(2688, 'D', '12', 0, 2, 5),
	(2689, 'E', '1', 0, 2, 5),
	(2690, 'E', '2', 0, 2, 5),
	(2691, 'E', '3', 0, 2, 5),
	(2692, 'E', '4', 0, 2, 5),
	(2693, 'E', '5', 0, 2, 5),
	(2694, 'E', '6', 0, 2, 5),
	(2695, 'E', '7', 0, 2, 5),
	(2696, 'E', '8', 0, 2, 5),
	(2697, 'E', '9', 0, 2, 5),
	(2698, 'E', '10', 0, 2, 5),
	(2699, 'E', '11', 0, 2, 5),
	(2700, 'E', '12', 0, 2, 5),
	(2701, 'F', '1', 0, 2, 5),
	(2702, 'F', '2', 0, 2, 5),
	(2703, 'F', '3', 0, 2, 5),
	(2704, 'F', '4', 0, 2, 5),
	(2705, 'F', '5', 0, 2, 5),
	(2706, 'F', '6', 0, 2, 5),
	(2707, 'F', '7', 0, 2, 5),
	(2708, 'F', '8', 0, 2, 5),
	(2709, 'F', '9', 0, 2, 5),
	(2710, 'F', '10', 0, 2, 5),
	(2711, 'F', '11', 0, 2, 5),
	(2712, 'F', '12', 0, 2, 5),
	(2713, 'G', '1', 0, 2, 5),
	(2714, 'G', '2', 0, 2, 5),
	(2715, 'G', '3', 0, 2, 5),
	(2716, 'G', '4', 0, 2, 5),
	(2717, 'G', '5', 0, 2, 5),
	(2718, 'G', '6', 0, 2, 5),
	(2719, 'G', '7', 0, 2, 5),
	(2720, 'G', '8', 0, 2, 5),
	(2721, 'G', '9', 0, 2, 5),
	(2722, 'G', '10', 0, 2, 5),
	(2723, 'G', '11', 0, 2, 5),
	(2724, 'G', '12', 0, 2, 5),
	(2725, 'H', '1', 0, 2, 5),
	(2726, 'H', '2', 0, 2, 5),
	(2727, 'H', '3', 0, 2, 5),
	(2728, 'H', '4', 0, 2, 5),
	(2729, 'H', '5', 0, 2, 5),
	(2730, 'H', '6', 0, 2, 5),
	(2731, 'H', '7', 0, 2, 5),
	(2732, 'H', '8', 0, 2, 5),
	(2733, 'H', '9', 0, 2, 5),
	(2734, 'H', '10', 0, 2, 5),
	(2735, 'H', '11', 0, 2, 5),
	(2736, 'H', '12', 0, 2, 5),
	(2737, 'I', '1', 0, 2, 5),
	(2738, 'I', '2', 0, 2, 5),
	(2739, 'I', '3', 0, 2, 5),
	(2740, 'I', '4', 0, 2, 5),
	(2741, 'I', '5', 0, 2, 5),
	(2742, 'I', '6', 0, 2, 5),
	(2743, 'I', '7', 0, 2, 5),
	(2744, 'I', '8', 0, 2, 5),
	(2745, 'I', '9', 0, 2, 5),
	(2746, 'I', '10', 0, 2, 5),
	(2747, 'I', '11', 0, 2, 5),
	(2748, 'I', '12', 0, 2, 5),
	(2749, 'J', '1', 0, 2, 5),
	(2750, 'J', '2', 0, 2, 5),
	(2751, 'J', '3', 0, 2, 5),
	(2752, 'J', '4', 0, 2, 5),
	(2753, 'J', '5', 0, 2, 5),
	(2754, 'J', '6', 0, 2, 5),
	(2755, 'J', '7', 0, 2, 5),
	(2756, 'J', '8', 0, 2, 5),
	(2757, 'J', '9', 0, 2, 5),
	(2758, 'J', '10', 0, 2, 5),
	(2759, 'J', '11', 0, 2, 5),
	(2760, 'J', '12', 0, 2, 5),
	(2761, 'A', '1', 0, 2, 6),
	(2762, 'A', '2', 0, 2, 6),
	(2763, 'A', '3', 0, 2, 6),
	(2764, 'A', '4', 0, 2, 6),
	(2765, 'A', '5', 0, 2, 6),
	(2766, 'A', '6', 0, 2, 6),
	(2767, 'A', '7', 0, 2, 6),
	(2768, 'A', '8', 0, 2, 6),
	(2769, 'A', '9', 0, 2, 6),
	(2770, 'A', '10', 0, 2, 6),
	(2771, 'A', '11', 0, 2, 6),
	(2772, 'A', '12', 0, 2, 6),
	(2773, 'B', '1', 0, 2, 6),
	(2774, 'B', '2', 0, 2, 6),
	(2775, 'B', '3', 0, 2, 6),
	(2776, 'B', '4', 0, 2, 6),
	(2777, 'B', '5', 0, 2, 6),
	(2778, 'B', '6', 0, 2, 6),
	(2779, 'B', '7', 0, 2, 6),
	(2780, 'B', '8', 0, 2, 6),
	(2781, 'B', '9', 0, 2, 6),
	(2782, 'B', '10', 0, 2, 6),
	(2783, 'B', '11', 0, 2, 6),
	(2784, 'B', '12', 0, 2, 6),
	(2785, 'C', '1', 0, 2, 6),
	(2786, 'C', '2', 0, 2, 6),
	(2787, 'C', '3', 0, 2, 6),
	(2788, 'C', '4', 0, 2, 6),
	(2789, 'C', '5', 0, 2, 6),
	(2790, 'C', '6', 0, 2, 6),
	(2791, 'C', '7', 0, 2, 6),
	(2792, 'C', '8', 0, 2, 6),
	(2793, 'C', '9', 0, 2, 6),
	(2794, 'C', '10', 0, 2, 6),
	(2795, 'C', '11', 0, 2, 6),
	(2796, 'C', '12', 0, 2, 6),
	(2797, 'D', '1', 0, 2, 6),
	(2798, 'D', '2', 0, 2, 6),
	(2799, 'D', '3', 0, 2, 6),
	(2800, 'D', '4', 0, 2, 6),
	(2801, 'D', '5', 0, 2, 6),
	(2802, 'D', '6', 0, 2, 6),
	(2803, 'D', '7', 0, 2, 6),
	(2804, 'D', '8', 0, 2, 6),
	(2805, 'D', '9', 0, 2, 6),
	(2806, 'D', '10', 0, 2, 6),
	(2807, 'D', '11', 0, 2, 6),
	(2808, 'D', '12', 0, 2, 6),
	(2809, 'E', '1', 0, 2, 6),
	(2810, 'E', '2', 0, 2, 6),
	(2811, 'E', '3', 0, 2, 6),
	(2812, 'E', '4', 0, 2, 6),
	(2813, 'E', '5', 0, 2, 6),
	(2814, 'E', '6', 0, 2, 6),
	(2815, 'E', '7', 0, 2, 6),
	(2816, 'E', '8', 0, 2, 6),
	(2817, 'E', '9', 0, 2, 6),
	(2818, 'E', '10', 0, 2, 6),
	(2819, 'E', '11', 0, 2, 6),
	(2820, 'E', '12', 0, 2, 6),
	(2821, 'F', '1', 0, 2, 6),
	(2822, 'F', '2', 0, 2, 6),
	(2823, 'F', '3', 0, 2, 6),
	(2824, 'F', '4', 0, 2, 6),
	(2825, 'F', '5', 0, 2, 6),
	(2826, 'F', '6', 0, 2, 6),
	(2827, 'F', '7', 0, 2, 6),
	(2828, 'F', '8', 0, 2, 6),
	(2829, 'F', '9', 0, 2, 6),
	(2830, 'F', '10', 0, 2, 6),
	(2831, 'F', '11', 0, 2, 6),
	(2832, 'F', '12', 0, 2, 6),
	(2833, 'G', '1', 0, 2, 6),
	(2834, 'G', '2', 0, 2, 6),
	(2835, 'G', '3', 0, 2, 6),
	(2836, 'G', '4', 0, 2, 6),
	(2837, 'G', '5', 0, 2, 6),
	(2838, 'G', '6', 0, 2, 6),
	(2839, 'G', '7', 0, 2, 6),
	(2840, 'G', '8', 0, 2, 6),
	(2841, 'G', '9', 0, 2, 6),
	(2842, 'G', '10', 0, 2, 6),
	(2843, 'G', '11', 0, 2, 6),
	(2844, 'G', '12', 0, 2, 6),
	(2845, 'H', '1', 0, 2, 6),
	(2846, 'H', '2', 0, 2, 6),
	(2847, 'H', '3', 0, 2, 6),
	(2848, 'H', '4', 0, 2, 6),
	(2849, 'H', '5', 0, 2, 6),
	(2850, 'H', '6', 0, 2, 6),
	(2851, 'H', '7', 0, 2, 6),
	(2852, 'H', '8', 0, 2, 6),
	(2853, 'H', '9', 0, 2, 6),
	(2854, 'H', '10', 0, 2, 6),
	(2855, 'H', '11', 0, 2, 6),
	(2856, 'H', '12', 0, 2, 6),
	(2857, 'I', '1', 0, 2, 6),
	(2858, 'I', '2', 0, 2, 6),
	(2859, 'I', '3', 0, 2, 6),
	(2860, 'I', '4', 0, 2, 6),
	(2861, 'I', '5', 0, 2, 6),
	(2862, 'I', '6', 0, 2, 6),
	(2863, 'I', '7', 0, 2, 6),
	(2864, 'I', '8', 0, 2, 6),
	(2865, 'I', '9', 0, 2, 6),
	(2866, 'I', '10', 0, 2, 6),
	(2867, 'I', '11', 0, 2, 6),
	(2868, 'I', '12', 0, 2, 6),
	(2869, 'J', '1', 0, 2, 6),
	(2870, 'J', '2', 0, 2, 6),
	(2871, 'J', '3', 0, 2, 6),
	(2872, 'J', '4', 0, 2, 6),
	(2873, 'J', '5', 0, 2, 6),
	(2874, 'J', '6', 0, 2, 6),
	(2875, 'J', '7', 0, 2, 6),
	(2876, 'J', '8', 0, 2, 6),
	(2877, 'J', '9', 0, 2, 6),
	(2878, 'J', '10', 0, 2, 6),
	(2879, 'J', '11', 0, 2, 6),
	(2880, 'J', '12', 0, 2, 6),
	(2881, 'A', '1', 0, 2, 7),
	(2882, 'A', '2', 0, 2, 7),
	(2883, 'A', '3', 0, 2, 7),
	(2884, 'A', '4', 0, 2, 7),
	(2885, 'A', '5', 0, 2, 7),
	(2886, 'A', '6', 0, 2, 7),
	(2887, 'A', '7', 0, 2, 7),
	(2888, 'A', '8', 0, 2, 7),
	(2889, 'A', '9', 0, 2, 7),
	(2890, 'A', '10', 0, 2, 7),
	(2891, 'A', '11', 0, 2, 7),
	(2892, 'A', '12', 0, 2, 7),
	(2893, 'B', '1', 0, 2, 7),
	(2894, 'B', '2', 0, 2, 7),
	(2895, 'B', '3', 0, 2, 7),
	(2896, 'B', '4', 0, 2, 7),
	(2897, 'B', '5', 0, 2, 7),
	(2898, 'B', '6', 0, 2, 7),
	(2899, 'B', '7', 0, 2, 7),
	(2900, 'B', '8', 0, 2, 7),
	(2901, 'B', '9', 0, 2, 7),
	(2902, 'B', '10', 0, 2, 7),
	(2903, 'B', '11', 0, 2, 7),
	(2904, 'B', '12', 0, 2, 7),
	(2905, 'C', '1', 0, 2, 7),
	(2906, 'C', '2', 0, 2, 7),
	(2907, 'C', '3', 0, 2, 7),
	(2908, 'C', '4', 0, 2, 7),
	(2909, 'C', '5', 0, 2, 7),
	(2910, 'C', '6', 0, 2, 7),
	(2911, 'C', '7', 0, 2, 7),
	(2912, 'C', '8', 0, 2, 7),
	(2913, 'C', '9', 0, 2, 7),
	(2914, 'C', '10', 0, 2, 7),
	(2915, 'C', '11', 0, 2, 7),
	(2916, 'C', '12', 0, 2, 7),
	(2917, 'D', '1', 0, 2, 7),
	(2918, 'D', '2', 0, 2, 7),
	(2919, 'D', '3', 0, 2, 7),
	(2920, 'D', '4', 0, 2, 7),
	(2921, 'D', '5', 0, 2, 7),
	(2922, 'D', '6', 0, 2, 7),
	(2923, 'D', '7', 0, 2, 7),
	(2924, 'D', '8', 0, 2, 7),
	(2925, 'D', '9', 0, 2, 7),
	(2926, 'D', '10', 0, 2, 7),
	(2927, 'D', '11', 0, 2, 7),
	(2928, 'D', '12', 0, 2, 7),
	(2929, 'E', '1', 0, 2, 7),
	(2930, 'E', '2', 0, 2, 7),
	(2931, 'E', '3', 0, 2, 7),
	(2932, 'E', '4', 0, 2, 7),
	(2933, 'E', '5', 0, 2, 7),
	(2934, 'E', '6', 0, 2, 7),
	(2935, 'E', '7', 0, 2, 7),
	(2936, 'E', '8', 0, 2, 7),
	(2937, 'E', '9', 0, 2, 7),
	(2938, 'E', '10', 0, 2, 7),
	(2939, 'E', '11', 0, 2, 7),
	(2940, 'E', '12', 0, 2, 7),
	(2941, 'F', '1', 0, 2, 7),
	(2942, 'F', '2', 0, 2, 7),
	(2943, 'F', '3', 0, 2, 7),
	(2944, 'F', '4', 0, 2, 7),
	(2945, 'F', '5', 0, 2, 7),
	(2946, 'F', '6', 0, 2, 7),
	(2947, 'F', '7', 0, 2, 7),
	(2948, 'F', '8', 0, 2, 7),
	(2949, 'F', '9', 0, 2, 7),
	(2950, 'F', '10', 0, 2, 7),
	(2951, 'F', '11', 0, 2, 7),
	(2952, 'F', '12', 0, 2, 7),
	(2953, 'G', '1', 0, 2, 7),
	(2954, 'G', '2', 0, 2, 7),
	(2955, 'G', '3', 0, 2, 7),
	(2956, 'G', '4', 0, 2, 7),
	(2957, 'G', '5', 0, 2, 7),
	(2958, 'G', '6', 0, 2, 7),
	(2959, 'G', '7', 0, 2, 7),
	(2960, 'G', '8', 0, 2, 7),
	(2961, 'G', '9', 0, 2, 7),
	(2962, 'G', '10', 0, 2, 7),
	(2963, 'G', '11', 0, 2, 7),
	(2964, 'G', '12', 0, 2, 7),
	(2965, 'H', '1', 0, 2, 7),
	(2966, 'H', '2', 0, 2, 7),
	(2967, 'H', '3', 0, 2, 7),
	(2968, 'H', '4', 0, 2, 7),
	(2969, 'H', '5', 0, 2, 7),
	(2970, 'H', '6', 0, 2, 7),
	(2971, 'H', '7', 0, 2, 7),
	(2972, 'H', '8', 0, 2, 7),
	(2973, 'H', '9', 0, 2, 7),
	(2974, 'H', '10', 0, 2, 7),
	(2975, 'H', '11', 0, 2, 7),
	(2976, 'H', '12', 0, 2, 7),
	(2977, 'I', '1', 0, 2, 7),
	(2978, 'I', '2', 0, 2, 7),
	(2979, 'I', '3', 0, 2, 7),
	(2980, 'I', '4', 0, 2, 7),
	(2981, 'I', '5', 0, 2, 7),
	(2982, 'I', '6', 0, 2, 7),
	(2983, 'I', '7', 0, 2, 7),
	(2984, 'I', '8', 0, 2, 7),
	(2985, 'I', '9', 0, 2, 7),
	(2986, 'I', '10', 0, 2, 7),
	(2987, 'I', '11', 0, 2, 7),
	(2988, 'I', '12', 0, 2, 7),
	(2989, 'J', '1', 0, 2, 7),
	(2990, 'J', '2', 0, 2, 7),
	(2991, 'J', '3', 0, 2, 7),
	(2992, 'J', '4', 0, 2, 7),
	(2993, 'J', '5', 0, 2, 7),
	(2994, 'J', '6', 0, 2, 7),
	(2995, 'J', '7', 0, 2, 7),
	(2996, 'J', '8', 0, 2, 7),
	(2997, 'J', '9', 0, 2, 7),
	(2998, 'J', '10', 0, 2, 7),
	(2999, 'J', '11', 0, 2, 7),
	(3000, 'J', '12', 0, 2, 7),
	(3001, 'A', '1', 0, 2, 8),
	(3002, 'A', '2', 0, 2, 8),
	(3003, 'A', '3', 0, 2, 8),
	(3004, 'A', '4', 0, 2, 8),
	(3005, 'A', '5', 0, 2, 8),
	(3006, 'A', '6', 0, 2, 8),
	(3007, 'A', '7', 0, 2, 8),
	(3008, 'A', '8', 0, 2, 8),
	(3009, 'A', '9', 0, 2, 8),
	(3010, 'A', '10', 0, 2, 8),
	(3011, 'A', '11', 0, 2, 8),
	(3012, 'A', '12', 0, 2, 8),
	(3013, 'B', '1', 0, 2, 8),
	(3014, 'B', '2', 0, 2, 8),
	(3015, 'B', '3', 0, 2, 8),
	(3016, 'B', '4', 0, 2, 8),
	(3017, 'B', '5', 0, 2, 8),
	(3018, 'B', '6', 0, 2, 8),
	(3019, 'B', '7', 0, 2, 8),
	(3020, 'B', '8', 0, 2, 8),
	(3021, 'B', '9', 0, 2, 8),
	(3022, 'B', '10', 0, 2, 8),
	(3023, 'B', '11', 0, 2, 8),
	(3024, 'B', '12', 0, 2, 8),
	(3025, 'C', '1', 0, 2, 8),
	(3026, 'C', '2', 0, 2, 8),
	(3027, 'C', '3', 0, 2, 8),
	(3028, 'C', '4', 0, 2, 8),
	(3029, 'C', '5', 0, 2, 8),
	(3030, 'C', '6', 0, 2, 8),
	(3031, 'C', '7', 0, 2, 8),
	(3032, 'C', '8', 0, 2, 8),
	(3033, 'C', '9', 0, 2, 8),
	(3034, 'C', '10', 0, 2, 8),
	(3035, 'C', '11', 0, 2, 8),
	(3036, 'C', '12', 0, 2, 8),
	(3037, 'D', '1', 0, 2, 8),
	(3038, 'D', '2', 0, 2, 8),
	(3039, 'D', '3', 0, 2, 8),
	(3040, 'D', '4', 0, 2, 8),
	(3041, 'D', '5', 0, 2, 8),
	(3042, 'D', '6', 0, 2, 8),
	(3043, 'D', '7', 0, 2, 8),
	(3044, 'D', '8', 0, 2, 8),
	(3045, 'D', '9', 0, 2, 8),
	(3046, 'D', '10', 0, 2, 8),
	(3047, 'D', '11', 0, 2, 8),
	(3048, 'D', '12', 0, 2, 8),
	(3049, 'E', '1', 0, 2, 8),
	(3050, 'E', '2', 0, 2, 8),
	(3051, 'E', '3', 0, 2, 8),
	(3052, 'E', '4', 0, 2, 8),
	(3053, 'E', '5', 0, 2, 8),
	(3054, 'E', '6', 0, 2, 8),
	(3055, 'E', '7', 0, 2, 8),
	(3056, 'E', '8', 0, 2, 8),
	(3057, 'E', '9', 0, 2, 8),
	(3058, 'E', '10', 0, 2, 8),
	(3059, 'E', '11', 0, 2, 8),
	(3060, 'E', '12', 0, 2, 8),
	(3061, 'F', '1', 0, 2, 8),
	(3062, 'F', '2', 0, 2, 8),
	(3063, 'F', '3', 0, 2, 8),
	(3064, 'F', '4', 0, 2, 8),
	(3065, 'F', '5', 0, 2, 8),
	(3066, 'F', '6', 0, 2, 8),
	(3067, 'F', '7', 0, 2, 8),
	(3068, 'F', '8', 0, 2, 8),
	(3069, 'F', '9', 0, 2, 8),
	(3070, 'F', '10', 0, 2, 8),
	(3071, 'F', '11', 0, 2, 8),
	(3072, 'F', '12', 0, 2, 8),
	(3073, 'G', '1', 0, 2, 8),
	(3074, 'G', '2', 0, 2, 8),
	(3075, 'G', '3', 0, 2, 8),
	(3076, 'G', '4', 0, 2, 8),
	(3077, 'G', '5', 0, 2, 8),
	(3078, 'G', '6', 0, 2, 8),
	(3079, 'G', '7', 0, 2, 8),
	(3080, 'G', '8', 0, 2, 8),
	(3081, 'G', '9', 0, 2, 8),
	(3082, 'G', '10', 0, 2, 8),
	(3083, 'G', '11', 0, 2, 8),
	(3084, 'G', '12', 0, 2, 8),
	(3085, 'H', '1', 0, 2, 8),
	(3086, 'H', '2', 0, 2, 8),
	(3087, 'H', '3', 0, 2, 8),
	(3088, 'H', '4', 0, 2, 8),
	(3089, 'H', '5', 0, 2, 8),
	(3090, 'H', '6', 0, 2, 8),
	(3091, 'H', '7', 0, 2, 8),
	(3092, 'H', '8', 0, 2, 8),
	(3093, 'H', '9', 0, 2, 8),
	(3094, 'H', '10', 0, 2, 8),
	(3095, 'H', '11', 0, 2, 8),
	(3096, 'H', '12', 0, 2, 8),
	(3097, 'I', '1', 0, 2, 8),
	(3098, 'I', '2', 0, 2, 8),
	(3099, 'I', '3', 0, 2, 8),
	(3100, 'I', '4', 0, 2, 8),
	(3101, 'I', '5', 0, 2, 8),
	(3102, 'I', '6', 0, 2, 8),
	(3103, 'I', '7', 0, 2, 8),
	(3104, 'I', '8', 0, 2, 8),
	(3105, 'I', '9', 0, 2, 8),
	(3106, 'I', '10', 0, 2, 8),
	(3107, 'I', '11', 0, 2, 8),
	(3108, 'I', '12', 0, 2, 8),
	(3109, 'J', '1', 0, 2, 8),
	(3110, 'J', '2', 0, 2, 8),
	(3111, 'J', '3', 0, 2, 8),
	(3112, 'J', '4', 0, 2, 8),
	(3113, 'J', '5', 0, 2, 8),
	(3114, 'J', '6', 0, 2, 8),
	(3115, 'J', '7', 0, 2, 8),
	(3116, 'J', '8', 0, 2, 8),
	(3117, 'J', '9', 0, 2, 8),
	(3118, 'J', '10', 0, 2, 8),
	(3119, 'J', '11', 0, 2, 8),
	(3120, 'J', '12', 0, 2, 8),
	(3121, 'A', '1', 0, 3, 9),
	(3122, 'A', '2', 0, 3, 9),
	(3123, 'A', '3', 0, 3, 9),
	(3124, 'A', '4', 0, 3, 9),
	(3125, 'A', '5', 0, 3, 9),
	(3126, 'A', '6', 0, 3, 9),
	(3127, 'A', '7', 0, 3, 9),
	(3128, 'A', '8', 0, 3, 9),
	(3129, 'A', '9', 0, 3, 9),
	(3130, 'A', '10', 0, 3, 9),
	(3131, 'A', '11', 0, 3, 9),
	(3132, 'A', '12', 0, 3, 9),
	(3133, 'B', '1', 0, 3, 9),
	(3134, 'B', '2', 0, 3, 9),
	(3135, 'B', '3', 0, 3, 9),
	(3136, 'B', '4', 0, 3, 9),
	(3137, 'B', '5', 0, 3, 9),
	(3138, 'B', '6', 0, 3, 9),
	(3139, 'B', '7', 0, 3, 9),
	(3140, 'B', '8', 0, 3, 9),
	(3141, 'B', '9', 0, 3, 9),
	(3142, 'B', '10', 0, 3, 9),
	(3143, 'B', '11', 0, 3, 9),
	(3144, 'B', '12', 0, 3, 9),
	(3145, 'C', '1', 0, 3, 9),
	(3146, 'C', '2', 0, 3, 9),
	(3147, 'C', '3', 0, 3, 9),
	(3148, 'C', '4', 0, 3, 9),
	(3149, 'C', '5', 0, 3, 9),
	(3150, 'C', '6', 0, 3, 9),
	(3151, 'C', '7', 0, 3, 9),
	(3152, 'C', '8', 0, 3, 9),
	(3153, 'C', '9', 0, 3, 9),
	(3154, 'C', '10', 0, 3, 9),
	(3155, 'C', '11', 0, 3, 9),
	(3156, 'C', '12', 0, 3, 9),
	(3157, 'D', '1', 0, 3, 9),
	(3158, 'D', '2', 0, 3, 9),
	(3159, 'D', '3', 0, 3, 9),
	(3160, 'D', '4', 0, 3, 9),
	(3161, 'D', '5', 0, 3, 9),
	(3162, 'D', '6', 0, 3, 9),
	(3163, 'D', '7', 0, 3, 9),
	(3164, 'D', '8', 0, 3, 9),
	(3165, 'D', '9', 0, 3, 9),
	(3166, 'D', '10', 0, 3, 9),
	(3167, 'D', '11', 0, 3, 9),
	(3168, 'D', '12', 0, 3, 9),
	(3169, 'E', '1', 0, 3, 9),
	(3170, 'E', '2', 0, 3, 9),
	(3171, 'E', '3', 0, 3, 9),
	(3172, 'E', '4', 0, 3, 9),
	(3173, 'E', '5', 0, 3, 9),
	(3174, 'E', '6', 0, 3, 9),
	(3175, 'E', '7', 0, 3, 9),
	(3176, 'E', '8', 0, 3, 9),
	(3177, 'E', '9', 0, 3, 9),
	(3178, 'E', '10', 0, 3, 9),
	(3179, 'E', '11', 0, 3, 9),
	(3180, 'E', '12', 0, 3, 9),
	(3181, 'F', '1', 0, 3, 9),
	(3182, 'F', '2', 0, 3, 9),
	(3183, 'F', '3', 0, 3, 9),
	(3184, 'F', '4', 0, 3, 9),
	(3185, 'F', '5', 0, 3, 9),
	(3186, 'F', '6', 0, 3, 9),
	(3187, 'F', '7', 0, 3, 9),
	(3188, 'F', '8', 0, 3, 9),
	(3189, 'F', '9', 0, 3, 9),
	(3190, 'F', '10', 0, 3, 9),
	(3191, 'F', '11', 0, 3, 9),
	(3192, 'F', '12', 0, 3, 9),
	(3193, 'G', '1', 0, 3, 9),
	(3194, 'G', '2', 0, 3, 9),
	(3195, 'G', '3', 0, 3, 9),
	(3196, 'G', '4', 0, 3, 9),
	(3197, 'G', '5', 0, 3, 9),
	(3198, 'G', '6', 0, 3, 9),
	(3199, 'G', '7', 0, 3, 9),
	(3200, 'G', '8', 0, 3, 9),
	(3201, 'G', '9', 0, 3, 9),
	(3202, 'G', '10', 0, 3, 9),
	(3203, 'G', '11', 0, 3, 9),
	(3204, 'G', '12', 0, 3, 9),
	(3205, 'H', '1', 0, 3, 9),
	(3206, 'H', '2', 0, 3, 9),
	(3207, 'H', '3', 0, 3, 9),
	(3208, 'H', '4', 0, 3, 9),
	(3209, 'H', '5', 0, 3, 9),
	(3210, 'H', '6', 0, 3, 9),
	(3211, 'H', '7', 0, 3, 9),
	(3212, 'H', '8', 0, 3, 9),
	(3213, 'H', '9', 0, 3, 9),
	(3214, 'H', '10', 0, 3, 9),
	(3215, 'H', '11', 0, 3, 9),
	(3216, 'H', '12', 0, 3, 9),
	(3217, 'I', '1', 0, 3, 9),
	(3218, 'I', '2', 0, 3, 9),
	(3219, 'I', '3', 0, 3, 9),
	(3220, 'I', '4', 0, 3, 9),
	(3221, 'I', '5', 0, 3, 9),
	(3222, 'I', '6', 0, 3, 9),
	(3223, 'I', '7', 0, 3, 9),
	(3224, 'I', '8', 0, 3, 9),
	(3225, 'I', '9', 0, 3, 9),
	(3226, 'I', '10', 0, 3, 9),
	(3227, 'I', '11', 0, 3, 9),
	(3228, 'I', '12', 0, 3, 9),
	(3229, 'J', '1', 0, 3, 9),
	(3230, 'J', '2', 0, 3, 9),
	(3231, 'J', '3', 0, 3, 9),
	(3232, 'J', '4', 0, 3, 9),
	(3233, 'J', '5', 0, 3, 9),
	(3234, 'J', '6', 0, 3, 9),
	(3235, 'J', '7', 0, 3, 9),
	(3236, 'J', '8', 0, 3, 9),
	(3237, 'J', '9', 0, 3, 9),
	(3238, 'J', '10', 0, 3, 9),
	(3239, 'J', '11', 0, 3, 9),
	(3240, 'J', '12', 0, 3, 9),
	(3241, 'A', '1', 0, 3, 10),
	(3242, 'A', '2', 0, 3, 10),
	(3243, 'A', '3', 0, 3, 10),
	(3244, 'A', '4', 0, 3, 10),
	(3245, 'A', '5', 0, 3, 10),
	(3246, 'A', '6', 0, 3, 10),
	(3247, 'A', '7', 0, 3, 10),
	(3248, 'A', '8', 0, 3, 10),
	(3249, 'A', '9', 0, 3, 10),
	(3250, 'A', '10', 0, 3, 10),
	(3251, 'A', '11', 0, 3, 10),
	(3252, 'A', '12', 0, 3, 10),
	(3253, 'B', '1', 0, 3, 10),
	(3254, 'B', '2', 0, 3, 10),
	(3255, 'B', '3', 0, 3, 10),
	(3256, 'B', '4', 0, 3, 10),
	(3257, 'B', '5', 0, 3, 10),
	(3258, 'B', '6', 0, 3, 10),
	(3259, 'B', '7', 0, 3, 10),
	(3260, 'B', '8', 0, 3, 10),
	(3261, 'B', '9', 0, 3, 10),
	(3262, 'B', '10', 0, 3, 10),
	(3263, 'B', '11', 0, 3, 10),
	(3264, 'B', '12', 0, 3, 10),
	(3265, 'C', '1', 0, 3, 10),
	(3266, 'C', '2', 0, 3, 10),
	(3267, 'C', '3', 0, 3, 10),
	(3268, 'C', '4', 0, 3, 10),
	(3269, 'C', '5', 0, 3, 10),
	(3270, 'C', '6', 0, 3, 10),
	(3271, 'C', '7', 0, 3, 10),
	(3272, 'C', '8', 0, 3, 10),
	(3273, 'C', '9', 0, 3, 10),
	(3274, 'C', '10', 0, 3, 10),
	(3275, 'C', '11', 0, 3, 10),
	(3276, 'C', '12', 0, 3, 10),
	(3277, 'D', '1', 0, 3, 10),
	(3278, 'D', '2', 0, 3, 10),
	(3279, 'D', '3', 0, 3, 10),
	(3280, 'D', '4', 0, 3, 10),
	(3281, 'D', '5', 0, 3, 10),
	(3282, 'D', '6', 0, 3, 10),
	(3283, 'D', '7', 0, 3, 10),
	(3284, 'D', '8', 0, 3, 10),
	(3285, 'D', '9', 0, 3, 10),
	(3286, 'D', '10', 0, 3, 10),
	(3287, 'D', '11', 0, 3, 10),
	(3288, 'D', '12', 0, 3, 10),
	(3289, 'E', '1', 0, 3, 10),
	(3290, 'E', '2', 0, 3, 10),
	(3291, 'E', '3', 0, 3, 10),
	(3292, 'E', '4', 0, 3, 10),
	(3293, 'E', '5', 0, 3, 10),
	(3294, 'E', '6', 0, 3, 10),
	(3295, 'E', '7', 0, 3, 10),
	(3296, 'E', '8', 0, 3, 10),
	(3297, 'E', '9', 0, 3, 10),
	(3298, 'E', '10', 0, 3, 10),
	(3299, 'E', '11', 0, 3, 10),
	(3300, 'E', '12', 0, 3, 10),
	(3301, 'F', '1', 0, 3, 10),
	(3302, 'F', '2', 0, 3, 10),
	(3303, 'F', '3', 0, 3, 10),
	(3304, 'F', '4', 0, 3, 10),
	(3305, 'F', '5', 0, 3, 10),
	(3306, 'F', '6', 0, 3, 10),
	(3307, 'F', '7', 0, 3, 10),
	(3308, 'F', '8', 0, 3, 10),
	(3309, 'F', '9', 0, 3, 10),
	(3310, 'F', '10', 0, 3, 10),
	(3311, 'F', '11', 0, 3, 10),
	(3312, 'F', '12', 0, 3, 10),
	(3313, 'G', '1', 0, 3, 10),
	(3314, 'G', '2', 0, 3, 10),
	(3315, 'G', '3', 0, 3, 10),
	(3316, 'G', '4', 0, 3, 10),
	(3317, 'G', '5', 0, 3, 10),
	(3318, 'G', '6', 0, 3, 10),
	(3319, 'G', '7', 0, 3, 10),
	(3320, 'G', '8', 0, 3, 10),
	(3321, 'G', '9', 0, 3, 10),
	(3322, 'G', '10', 0, 3, 10),
	(3323, 'G', '11', 0, 3, 10),
	(3324, 'G', '12', 0, 3, 10),
	(3325, 'H', '1', 0, 3, 10),
	(3326, 'H', '2', 0, 3, 10),
	(3327, 'H', '3', 0, 3, 10),
	(3328, 'H', '4', 0, 3, 10),
	(3329, 'H', '5', 0, 3, 10),
	(3330, 'H', '6', 0, 3, 10),
	(3331, 'H', '7', 0, 3, 10),
	(3332, 'H', '8', 0, 3, 10),
	(3333, 'H', '9', 0, 3, 10),
	(3334, 'H', '10', 0, 3, 10),
	(3335, 'H', '11', 0, 3, 10),
	(3336, 'H', '12', 0, 3, 10),
	(3337, 'I', '1', 0, 3, 10),
	(3338, 'I', '2', 0, 3, 10),
	(3339, 'I', '3', 0, 3, 10),
	(3340, 'I', '4', 0, 3, 10),
	(3341, 'I', '5', 0, 3, 10),
	(3342, 'I', '6', 0, 3, 10),
	(3343, 'I', '7', 0, 3, 10),
	(3344, 'I', '8', 0, 3, 10),
	(3345, 'I', '9', 0, 3, 10),
	(3346, 'I', '10', 0, 3, 10),
	(3347, 'I', '11', 0, 3, 10),
	(3348, 'I', '12', 0, 3, 10),
	(3349, 'J', '1', 0, 3, 10),
	(3350, 'J', '2', 0, 3, 10),
	(3351, 'J', '3', 0, 3, 10),
	(3352, 'J', '4', 0, 3, 10),
	(3353, 'J', '5', 0, 3, 10),
	(3354, 'J', '6', 0, 3, 10),
	(3355, 'J', '7', 0, 3, 10),
	(3356, 'J', '8', 0, 3, 10),
	(3357, 'J', '9', 0, 3, 10),
	(3358, 'J', '10', 0, 3, 10),
	(3359, 'J', '11', 0, 3, 10),
	(3360, 'J', '12', 0, 3, 10),
	(3361, 'A', '1', 0, 3, 11),
	(3362, 'A', '2', 0, 3, 11),
	(3363, 'A', '3', 0, 3, 11),
	(3364, 'A', '4', 0, 3, 11),
	(3365, 'A', '5', 0, 3, 11),
	(3366, 'A', '6', 0, 3, 11),
	(3367, 'A', '7', 0, 3, 11),
	(3368, 'A', '8', 0, 3, 11),
	(3369, 'A', '9', 0, 3, 11),
	(3370, 'A', '10', 0, 3, 11),
	(3371, 'A', '11', 0, 3, 11),
	(3372, 'A', '12', 0, 3, 11),
	(3373, 'B', '1', 0, 3, 11),
	(3374, 'B', '2', 0, 3, 11),
	(3375, 'B', '3', 0, 3, 11),
	(3376, 'B', '4', 0, 3, 11),
	(3377, 'B', '5', 0, 3, 11),
	(3378, 'B', '6', 0, 3, 11),
	(3379, 'B', '7', 0, 3, 11),
	(3380, 'B', '8', 0, 3, 11),
	(3381, 'B', '9', 0, 3, 11),
	(3382, 'B', '10', 0, 3, 11),
	(3383, 'B', '11', 0, 3, 11),
	(3384, 'B', '12', 0, 3, 11),
	(3385, 'C', '1', 0, 3, 11),
	(3386, 'C', '2', 0, 3, 11),
	(3387, 'C', '3', 0, 3, 11),
	(3388, 'C', '4', 0, 3, 11),
	(3389, 'C', '5', 0, 3, 11),
	(3390, 'C', '6', 0, 3, 11),
	(3391, 'C', '7', 0, 3, 11),
	(3392, 'C', '8', 0, 3, 11),
	(3393, 'C', '9', 0, 3, 11),
	(3394, 'C', '10', 0, 3, 11),
	(3395, 'C', '11', 0, 3, 11),
	(3396, 'C', '12', 0, 3, 11),
	(3397, 'D', '1', 0, 3, 11),
	(3398, 'D', '2', 0, 3, 11),
	(3399, 'D', '3', 0, 3, 11),
	(3400, 'D', '4', 0, 3, 11),
	(3401, 'D', '5', 0, 3, 11),
	(3402, 'D', '6', 0, 3, 11),
	(3403, 'D', '7', 0, 3, 11),
	(3404, 'D', '8', 0, 3, 11),
	(3405, 'D', '9', 0, 3, 11),
	(3406, 'D', '10', 0, 3, 11),
	(3407, 'D', '11', 0, 3, 11),
	(3408, 'D', '12', 0, 3, 11),
	(3409, 'E', '1', 0, 3, 11),
	(3410, 'E', '2', 0, 3, 11),
	(3411, 'E', '3', 0, 3, 11),
	(3412, 'E', '4', 0, 3, 11),
	(3413, 'E', '5', 0, 3, 11),
	(3414, 'E', '6', 0, 3, 11),
	(3415, 'E', '7', 0, 3, 11),
	(3416, 'E', '8', 0, 3, 11),
	(3417, 'E', '9', 0, 3, 11),
	(3418, 'E', '10', 0, 3, 11),
	(3419, 'E', '11', 0, 3, 11),
	(3420, 'E', '12', 0, 3, 11),
	(3421, 'F', '1', 0, 3, 11),
	(3422, 'F', '2', 0, 3, 11),
	(3423, 'F', '3', 0, 3, 11),
	(3424, 'F', '4', 0, 3, 11),
	(3425, 'F', '5', 0, 3, 11),
	(3426, 'F', '6', 0, 3, 11),
	(3427, 'F', '7', 0, 3, 11),
	(3428, 'F', '8', 0, 3, 11),
	(3429, 'F', '9', 0, 3, 11),
	(3430, 'F', '10', 0, 3, 11),
	(3431, 'F', '11', 0, 3, 11),
	(3432, 'F', '12', 0, 3, 11),
	(3433, 'G', '1', 0, 3, 11),
	(3434, 'G', '2', 0, 3, 11),
	(3435, 'G', '3', 0, 3, 11),
	(3436, 'G', '4', 0, 3, 11),
	(3437, 'G', '5', 0, 3, 11),
	(3438, 'G', '6', 0, 3, 11),
	(3439, 'G', '7', 0, 3, 11),
	(3440, 'G', '8', 0, 3, 11),
	(3441, 'G', '9', 0, 3, 11),
	(3442, 'G', '10', 0, 3, 11),
	(3443, 'G', '11', 0, 3, 11),
	(3444, 'G', '12', 0, 3, 11),
	(3445, 'H', '1', 0, 3, 11),
	(3446, 'H', '2', 0, 3, 11),
	(3447, 'H', '3', 0, 3, 11),
	(3448, 'H', '4', 0, 3, 11),
	(3449, 'H', '5', 0, 3, 11),
	(3450, 'H', '6', 0, 3, 11),
	(3451, 'H', '7', 0, 3, 11),
	(3452, 'H', '8', 0, 3, 11),
	(3453, 'H', '9', 0, 3, 11),
	(3454, 'H', '10', 0, 3, 11),
	(3455, 'H', '11', 0, 3, 11),
	(3456, 'H', '12', 0, 3, 11),
	(3457, 'I', '1', 0, 3, 11),
	(3458, 'I', '2', 0, 3, 11),
	(3459, 'I', '3', 0, 3, 11),
	(3460, 'I', '4', 0, 3, 11),
	(3461, 'I', '5', 0, 3, 11),
	(3462, 'I', '6', 0, 3, 11),
	(3463, 'I', '7', 0, 3, 11),
	(3464, 'I', '8', 0, 3, 11),
	(3465, 'I', '9', 0, 3, 11),
	(3466, 'I', '10', 0, 3, 11),
	(3467, 'I', '11', 0, 3, 11),
	(3468, 'I', '12', 0, 3, 11),
	(3469, 'J', '1', 0, 3, 11),
	(3470, 'J', '2', 0, 3, 11),
	(3471, 'J', '3', 0, 3, 11),
	(3472, 'J', '4', 0, 3, 11),
	(3473, 'J', '5', 0, 3, 11),
	(3474, 'J', '6', 0, 3, 11),
	(3475, 'J', '7', 0, 3, 11),
	(3476, 'J', '8', 0, 3, 11),
	(3477, 'J', '9', 0, 3, 11),
	(3478, 'J', '10', 0, 3, 11),
	(3479, 'J', '11', 0, 3, 11),
	(3480, 'J', '12', 0, 3, 11),
	(3481, 'A', '1', 0, 3, 12),
	(3482, 'A', '2', 0, 3, 12),
	(3483, 'A', '3', 0, 3, 12),
	(3484, 'A', '4', 0, 3, 12),
	(3485, 'A', '5', 0, 3, 12),
	(3486, 'A', '6', 0, 3, 12),
	(3487, 'A', '7', 0, 3, 12),
	(3488, 'A', '8', 0, 3, 12),
	(3489, 'A', '9', 0, 3, 12),
	(3490, 'A', '10', 0, 3, 12),
	(3491, 'A', '11', 0, 3, 12),
	(3492, 'A', '12', 0, 3, 12),
	(3493, 'B', '1', 0, 3, 12),
	(3494, 'B', '2', 0, 3, 12),
	(3495, 'B', '3', 0, 3, 12),
	(3496, 'B', '4', 0, 3, 12),
	(3497, 'B', '5', 0, 3, 12),
	(3498, 'B', '6', 0, 3, 12),
	(3499, 'B', '7', 0, 3, 12),
	(3500, 'B', '8', 0, 3, 12),
	(3501, 'B', '9', 0, 3, 12),
	(3502, 'B', '10', 0, 3, 12),
	(3503, 'B', '11', 0, 3, 12),
	(3504, 'B', '12', 0, 3, 12),
	(3505, 'C', '1', 0, 3, 12),
	(3506, 'C', '2', 0, 3, 12),
	(3507, 'C', '3', 0, 3, 12),
	(3508, 'C', '4', 0, 3, 12),
	(3509, 'C', '5', 0, 3, 12),
	(3510, 'C', '6', 0, 3, 12),
	(3511, 'C', '7', 0, 3, 12),
	(3512, 'C', '8', 0, 3, 12),
	(3513, 'C', '9', 0, 3, 12),
	(3514, 'C', '10', 0, 3, 12),
	(3515, 'C', '11', 0, 3, 12),
	(3516, 'C', '12', 0, 3, 12),
	(3517, 'D', '1', 0, 3, 12),
	(3518, 'D', '2', 0, 3, 12),
	(3519, 'D', '3', 0, 3, 12),
	(3520, 'D', '4', 0, 3, 12),
	(3521, 'D', '5', 0, 3, 12),
	(3522, 'D', '6', 0, 3, 12),
	(3523, 'D', '7', 0, 3, 12),
	(3524, 'D', '8', 0, 3, 12),
	(3525, 'D', '9', 0, 3, 12),
	(3526, 'D', '10', 0, 3, 12),
	(3527, 'D', '11', 0, 3, 12),
	(3528, 'D', '12', 0, 3, 12),
	(3529, 'E', '1', 0, 3, 12),
	(3530, 'E', '2', 0, 3, 12),
	(3531, 'E', '3', 0, 3, 12),
	(3532, 'E', '4', 0, 3, 12),
	(3533, 'E', '5', 0, 3, 12),
	(3534, 'E', '6', 0, 3, 12),
	(3535, 'E', '7', 0, 3, 12),
	(3536, 'E', '8', 0, 3, 12),
	(3537, 'E', '9', 0, 3, 12),
	(3538, 'E', '10', 0, 3, 12),
	(3539, 'E', '11', 0, 3, 12),
	(3540, 'E', '12', 0, 3, 12),
	(3541, 'F', '1', 0, 3, 12),
	(3542, 'F', '2', 0, 3, 12),
	(3543, 'F', '3', 0, 3, 12),
	(3544, 'F', '4', 0, 3, 12),
	(3545, 'F', '5', 0, 3, 12),
	(3546, 'F', '6', 0, 3, 12),
	(3547, 'F', '7', 0, 3, 12),
	(3548, 'F', '8', 0, 3, 12),
	(3549, 'F', '9', 0, 3, 12),
	(3550, 'F', '10', 0, 3, 12),
	(3551, 'F', '11', 0, 3, 12),
	(3552, 'F', '12', 0, 3, 12),
	(3553, 'G', '1', 0, 3, 12),
	(3554, 'G', '2', 0, 3, 12),
	(3555, 'G', '3', 0, 3, 12),
	(3556, 'G', '4', 0, 3, 12),
	(3557, 'G', '5', 0, 3, 12),
	(3558, 'G', '6', 0, 3, 12),
	(3559, 'G', '7', 0, 3, 12),
	(3560, 'G', '8', 0, 3, 12),
	(3561, 'G', '9', 0, 3, 12),
	(3562, 'G', '10', 0, 3, 12),
	(3563, 'G', '11', 0, 3, 12),
	(3564, 'G', '12', 0, 3, 12),
	(3565, 'H', '1', 0, 3, 12),
	(3566, 'H', '2', 0, 3, 12),
	(3567, 'H', '3', 0, 3, 12),
	(3568, 'H', '4', 0, 3, 12),
	(3569, 'H', '5', 0, 3, 12),
	(3570, 'H', '6', 0, 3, 12),
	(3571, 'H', '7', 0, 3, 12),
	(3572, 'H', '8', 0, 3, 12),
	(3573, 'H', '9', 0, 3, 12),
	(3574, 'H', '10', 0, 3, 12),
	(3575, 'H', '11', 0, 3, 12),
	(3576, 'H', '12', 0, 3, 12),
	(3577, 'I', '1', 0, 3, 12),
	(3578, 'I', '2', 0, 3, 12),
	(3579, 'I', '3', 0, 3, 12),
	(3580, 'I', '4', 0, 3, 12),
	(3581, 'I', '5', 0, 3, 12),
	(3582, 'I', '6', 0, 3, 12),
	(3583, 'I', '7', 0, 3, 12),
	(3584, 'I', '8', 0, 3, 12),
	(3585, 'I', '9', 0, 3, 12),
	(3586, 'I', '10', 0, 3, 12),
	(3587, 'I', '11', 0, 3, 12),
	(3588, 'I', '12', 0, 3, 12),
	(3589, 'J', '1', 0, 3, 12),
	(3590, 'J', '2', 0, 3, 12),
	(3591, 'J', '3', 0, 3, 12),
	(3592, 'J', '4', 0, 3, 12),
	(3593, 'J', '5', 0, 3, 12),
	(3594, 'J', '6', 0, 3, 12),
	(3595, 'J', '7', 0, 3, 12),
	(3596, 'J', '8', 0, 3, 12),
	(3597, 'J', '9', 0, 3, 12),
	(3598, 'J', '10', 0, 3, 12),
	(3599, 'J', '11', 0, 3, 12),
	(3600, 'J', '12', 0, 3, 12),
	(3601, 'A', '1', 0, 22, 13),
	(3602, 'A', '2', 0, 22, 13),
	(3603, 'A', '3', 0, 22, 13),
	(3604, 'A', '4', 0, 22, 13),
	(3605, 'A', '5', 0, 22, 13),
	(3606, 'A', '6', 0, 22, 13),
	(3607, 'A', '7', 0, 22, 13),
	(3608, 'A', '8', 0, 22, 13),
	(3609, 'A', '9', 0, 22, 13),
	(3610, 'A', '10', 0, 22, 13),
	(3611, 'A', '11', 0, 22, 13),
	(3612, 'A', '12', 0, 22, 13),
	(3613, 'B', '1', 0, 22, 13),
	(3614, 'B', '2', 0, 22, 13),
	(3615, 'B', '3', 0, 22, 13),
	(3616, 'B', '4', 0, 22, 13),
	(3617, 'B', '5', 0, 22, 13),
	(3618, 'B', '6', 0, 22, 13),
	(3619, 'B', '7', 0, 22, 13),
	(3620, 'B', '8', 0, 22, 13),
	(3621, 'B', '9', 0, 22, 13),
	(3622, 'B', '10', 0, 22, 13),
	(3623, 'B', '11', 0, 22, 13),
	(3624, 'B', '12', 0, 22, 13),
	(3625, 'C', '1', 0, 22, 13),
	(3626, 'C', '2', 0, 22, 13),
	(3627, 'C', '3', 0, 22, 13),
	(3628, 'C', '4', 0, 22, 13),
	(3629, 'C', '5', 0, 22, 13),
	(3630, 'C', '6', 0, 22, 13),
	(3631, 'C', '7', 0, 22, 13),
	(3632, 'C', '8', 0, 22, 13),
	(3633, 'C', '9', 0, 22, 13),
	(3634, 'C', '10', 0, 22, 13),
	(3635, 'C', '11', 0, 22, 13),
	(3636, 'C', '12', 0, 22, 13),
	(3637, 'D', '1', 0, 22, 13),
	(3638, 'D', '2', 0, 22, 13),
	(3639, 'D', '3', 0, 22, 13),
	(3640, 'D', '4', 0, 22, 13),
	(3641, 'D', '5', 0, 22, 13),
	(3642, 'D', '6', 0, 22, 13),
	(3643, 'D', '7', 0, 22, 13),
	(3644, 'D', '8', 0, 22, 13),
	(3645, 'D', '9', 0, 22, 13),
	(3646, 'D', '10', 0, 22, 13),
	(3647, 'D', '11', 0, 22, 13),
	(3648, 'D', '12', 0, 22, 13),
	(3649, 'E', '1', 0, 22, 13),
	(3650, 'E', '2', 0, 22, 13),
	(3651, 'E', '3', 0, 22, 13),
	(3652, 'E', '4', 0, 22, 13),
	(3653, 'E', '5', 0, 22, 13),
	(3654, 'E', '6', 0, 22, 13),
	(3655, 'E', '7', 0, 22, 13),
	(3656, 'E', '8', 0, 22, 13),
	(3657, 'E', '9', 0, 22, 13),
	(3658, 'E', '10', 0, 22, 13),
	(3659, 'E', '11', 0, 22, 13),
	(3660, 'E', '12', 0, 22, 13),
	(3661, 'F', '1', 0, 22, 13),
	(3662, 'F', '2', 0, 22, 13),
	(3663, 'F', '3', 0, 22, 13),
	(3664, 'F', '4', 0, 22, 13),
	(3665, 'F', '5', 0, 22, 13),
	(3666, 'F', '6', 0, 22, 13),
	(3667, 'F', '7', 0, 22, 13),
	(3668, 'F', '8', 0, 22, 13),
	(3669, 'F', '9', 0, 22, 13),
	(3670, 'F', '10', 0, 22, 13),
	(3671, 'F', '11', 0, 22, 13),
	(3672, 'F', '12', 0, 22, 13),
	(3673, 'G', '1', 0, 22, 13),
	(3674, 'G', '2', 0, 22, 13),
	(3675, 'G', '3', 0, 22, 13),
	(3676, 'G', '4', 0, 22, 13),
	(3677, 'G', '5', 0, 22, 13),
	(3678, 'G', '6', 0, 22, 13),
	(3679, 'G', '7', 0, 22, 13),
	(3680, 'G', '8', 0, 22, 13),
	(3681, 'G', '9', 0, 22, 13),
	(3682, 'G', '10', 0, 22, 13),
	(3683, 'G', '11', 0, 22, 13),
	(3684, 'G', '12', 0, 22, 13),
	(3685, 'H', '1', 0, 22, 13),
	(3686, 'H', '2', 0, 22, 13),
	(3687, 'H', '3', 0, 22, 13),
	(3688, 'H', '4', 0, 22, 13),
	(3689, 'H', '5', 0, 22, 13),
	(3690, 'H', '6', 0, 22, 13),
	(3691, 'H', '7', 0, 22, 13),
	(3692, 'H', '8', 0, 22, 13),
	(3693, 'H', '9', 0, 22, 13),
	(3694, 'H', '10', 0, 22, 13),
	(3695, 'H', '11', 0, 22, 13),
	(3696, 'H', '12', 0, 22, 13),
	(3697, 'I', '1', 0, 22, 13),
	(3698, 'I', '2', 0, 22, 13),
	(3699, 'I', '3', 0, 22, 13),
	(3700, 'I', '4', 0, 22, 13),
	(3701, 'I', '5', 0, 22, 13),
	(3702, 'I', '6', 0, 22, 13),
	(3703, 'I', '7', 0, 22, 13),
	(3704, 'I', '8', 0, 22, 13),
	(3705, 'I', '9', 0, 22, 13),
	(3706, 'I', '10', 0, 22, 13),
	(3707, 'I', '11', 0, 22, 13),
	(3708, 'I', '12', 0, 22, 13),
	(3709, 'J', '1', 0, 22, 13),
	(3710, 'J', '2', 0, 22, 13),
	(3711, 'J', '3', 0, 22, 13),
	(3712, 'J', '4', 0, 22, 13),
	(3713, 'J', '5', 0, 22, 13),
	(3714, 'J', '6', 0, 22, 13),
	(3715, 'J', '7', 0, 22, 13),
	(3716, 'J', '8', 0, 22, 13),
	(3717, 'J', '9', 0, 22, 13),
	(3718, 'J', '10', 0, 22, 13),
	(3719, 'J', '11', 0, 22, 13),
	(3720, 'J', '12', 0, 22, 13),
	(3721, 'A', '1', 0, 22, 14),
	(3722, 'A', '2', 0, 22, 14),
	(3723, 'A', '3', 0, 22, 14),
	(3724, 'A', '4', 0, 22, 14),
	(3725, 'A', '5', 0, 22, 14),
	(3726, 'A', '6', 0, 22, 14),
	(3727, 'A', '7', 0, 22, 14),
	(3728, 'A', '8', 0, 22, 14),
	(3729, 'A', '9', 0, 22, 14),
	(3730, 'A', '10', 0, 22, 14),
	(3731, 'A', '11', 0, 22, 14),
	(3732, 'A', '12', 0, 22, 14),
	(3733, 'B', '1', 0, 22, 14),
	(3734, 'B', '2', 0, 22, 14),
	(3735, 'B', '3', 0, 22, 14),
	(3736, 'B', '4', 0, 22, 14),
	(3737, 'B', '5', 0, 22, 14),
	(3738, 'B', '6', 0, 22, 14),
	(3739, 'B', '7', 0, 22, 14),
	(3740, 'B', '8', 0, 22, 14),
	(3741, 'B', '9', 0, 22, 14),
	(3742, 'B', '10', 0, 22, 14),
	(3743, 'B', '11', 0, 22, 14),
	(3744, 'B', '12', 0, 22, 14),
	(3745, 'C', '1', 0, 22, 14),
	(3746, 'C', '2', 0, 22, 14),
	(3747, 'C', '3', 0, 22, 14),
	(3748, 'C', '4', 0, 22, 14),
	(3749, 'C', '5', 0, 22, 14),
	(3750, 'C', '6', 0, 22, 14),
	(3751, 'C', '7', 0, 22, 14),
	(3752, 'C', '8', 0, 22, 14),
	(3753, 'C', '9', 0, 22, 14),
	(3754, 'C', '10', 0, 22, 14),
	(3755, 'C', '11', 0, 22, 14),
	(3756, 'C', '12', 0, 22, 14),
	(3757, 'D', '1', 0, 22, 14),
	(3758, 'D', '2', 0, 22, 14),
	(3759, 'D', '3', 0, 22, 14),
	(3760, 'D', '4', 0, 22, 14),
	(3761, 'D', '5', 0, 22, 14),
	(3762, 'D', '6', 0, 22, 14),
	(3763, 'D', '7', 0, 22, 14),
	(3764, 'D', '8', 0, 22, 14),
	(3765, 'D', '9', 0, 22, 14),
	(3766, 'D', '10', 0, 22, 14),
	(3767, 'D', '11', 0, 22, 14),
	(3768, 'D', '12', 0, 22, 14),
	(3769, 'E', '1', 0, 22, 14),
	(3770, 'E', '2', 0, 22, 14),
	(3771, 'E', '3', 0, 22, 14),
	(3772, 'E', '4', 0, 22, 14),
	(3773, 'E', '5', 0, 22, 14),
	(3774, 'E', '6', 0, 22, 14),
	(3775, 'E', '7', 0, 22, 14),
	(3776, 'E', '8', 0, 22, 14),
	(3777, 'E', '9', 0, 22, 14),
	(3778, 'E', '10', 0, 22, 14),
	(3779, 'E', '11', 0, 22, 14),
	(3780, 'E', '12', 0, 22, 14),
	(3781, 'F', '1', 0, 22, 14),
	(3782, 'F', '2', 0, 22, 14),
	(3783, 'F', '3', 0, 22, 14),
	(3784, 'F', '4', 0, 22, 14),
	(3785, 'F', '5', 0, 22, 14),
	(3786, 'F', '6', 0, 22, 14),
	(3787, 'F', '7', 0, 22, 14),
	(3788, 'F', '8', 0, 22, 14),
	(3789, 'F', '9', 0, 22, 14),
	(3790, 'F', '10', 0, 22, 14),
	(3791, 'F', '11', 0, 22, 14),
	(3792, 'F', '12', 0, 22, 14),
	(3793, 'G', '1', 0, 22, 14),
	(3794, 'G', '2', 0, 22, 14),
	(3795, 'G', '3', 0, 22, 14),
	(3796, 'G', '4', 0, 22, 14),
	(3797, 'G', '5', 0, 22, 14),
	(3798, 'G', '6', 0, 22, 14),
	(3799, 'G', '7', 0, 22, 14),
	(3800, 'G', '8', 0, 22, 14),
	(3801, 'G', '9', 0, 22, 14),
	(3802, 'G', '10', 0, 22, 14),
	(3803, 'G', '11', 0, 22, 14),
	(3804, 'G', '12', 0, 22, 14),
	(3805, 'H', '1', 0, 22, 14),
	(3806, 'H', '2', 0, 22, 14),
	(3807, 'H', '3', 0, 22, 14),
	(3808, 'H', '4', 0, 22, 14),
	(3809, 'H', '5', 0, 22, 14),
	(3810, 'H', '6', 0, 22, 14),
	(3811, 'H', '7', 0, 22, 14),
	(3812, 'H', '8', 0, 22, 14),
	(3813, 'H', '9', 0, 22, 14),
	(3814, 'H', '10', 0, 22, 14),
	(3815, 'H', '11', 0, 22, 14),
	(3816, 'H', '12', 0, 22, 14),
	(3817, 'I', '1', 0, 22, 14),
	(3818, 'I', '2', 0, 22, 14),
	(3819, 'I', '3', 0, 22, 14),
	(3820, 'I', '4', 0, 22, 14),
	(3821, 'I', '5', 0, 22, 14),
	(3822, 'I', '6', 0, 22, 14),
	(3823, 'I', '7', 0, 22, 14),
	(3824, 'I', '8', 0, 22, 14),
	(3825, 'I', '9', 0, 22, 14),
	(3826, 'I', '10', 0, 22, 14),
	(3827, 'I', '11', 0, 22, 14),
	(3828, 'I', '12', 0, 22, 14),
	(3829, 'J', '1', 0, 22, 14),
	(3830, 'J', '2', 0, 22, 14),
	(3831, 'J', '3', 0, 22, 14),
	(3832, 'J', '4', 0, 22, 14),
	(3833, 'J', '5', 0, 22, 14),
	(3834, 'J', '6', 0, 22, 14),
	(3835, 'J', '7', 0, 22, 14),
	(3836, 'J', '8', 0, 22, 14),
	(3837, 'J', '9', 0, 22, 14),
	(3838, 'J', '10', 0, 22, 14),
	(3839, 'J', '11', 0, 22, 14),
	(3840, 'J', '12', 0, 22, 14),
	(3841, 'A', '1', 0, 22, 15),
	(3842, 'A', '2', 0, 22, 15),
	(3843, 'A', '3', 0, 22, 15),
	(3844, 'A', '4', 0, 22, 15),
	(3845, 'A', '5', 0, 22, 15),
	(3846, 'A', '6', 0, 22, 15),
	(3847, 'A', '7', 0, 22, 15),
	(3848, 'A', '8', 0, 22, 15),
	(3849, 'A', '9', 0, 22, 15),
	(3850, 'A', '10', 0, 22, 15),
	(3851, 'A', '11', 0, 22, 15),
	(3852, 'A', '12', 0, 22, 15),
	(3853, 'B', '1', 0, 22, 15),
	(3854, 'B', '2', 0, 22, 15),
	(3855, 'B', '3', 0, 22, 15),
	(3856, 'B', '4', 0, 22, 15),
	(3857, 'B', '5', 0, 22, 15),
	(3858, 'B', '6', 0, 22, 15),
	(3859, 'B', '7', 0, 22, 15),
	(3860, 'B', '8', 0, 22, 15),
	(3861, 'B', '9', 0, 22, 15),
	(3862, 'B', '10', 0, 22, 15),
	(3863, 'B', '11', 0, 22, 15),
	(3864, 'B', '12', 0, 22, 15),
	(3865, 'C', '1', 0, 22, 15),
	(3866, 'C', '2', 0, 22, 15),
	(3867, 'C', '3', 0, 22, 15),
	(3868, 'C', '4', 0, 22, 15),
	(3869, 'C', '5', 0, 22, 15),
	(3870, 'C', '6', 0, 22, 15),
	(3871, 'C', '7', 0, 22, 15),
	(3872, 'C', '8', 0, 22, 15),
	(3873, 'C', '9', 0, 22, 15),
	(3874, 'C', '10', 0, 22, 15),
	(3875, 'C', '11', 0, 22, 15),
	(3876, 'C', '12', 0, 22, 15),
	(3877, 'D', '1', 0, 22, 15),
	(3878, 'D', '2', 0, 22, 15),
	(3879, 'D', '3', 0, 22, 15),
	(3880, 'D', '4', 0, 22, 15),
	(3881, 'D', '5', 0, 22, 15),
	(3882, 'D', '6', 0, 22, 15),
	(3883, 'D', '7', 0, 22, 15),
	(3884, 'D', '8', 0, 22, 15),
	(3885, 'D', '9', 0, 22, 15),
	(3886, 'D', '10', 0, 22, 15),
	(3887, 'D', '11', 0, 22, 15),
	(3888, 'D', '12', 0, 22, 15),
	(3889, 'E', '1', 0, 22, 15),
	(3890, 'E', '2', 0, 22, 15),
	(3891, 'E', '3', 0, 22, 15),
	(3892, 'E', '4', 0, 22, 15),
	(3893, 'E', '5', 0, 22, 15),
	(3894, 'E', '6', 0, 22, 15),
	(3895, 'E', '7', 0, 22, 15),
	(3896, 'E', '8', 0, 22, 15),
	(3897, 'E', '9', 0, 22, 15),
	(3898, 'E', '10', 0, 22, 15),
	(3899, 'E', '11', 0, 22, 15),
	(3900, 'E', '12', 0, 22, 15),
	(3901, 'F', '1', 0, 22, 15),
	(3902, 'F', '2', 0, 22, 15),
	(3903, 'F', '3', 0, 22, 15),
	(3904, 'F', '4', 0, 22, 15),
	(3905, 'F', '5', 0, 22, 15),
	(3906, 'F', '6', 0, 22, 15),
	(3907, 'F', '7', 0, 22, 15),
	(3908, 'F', '8', 0, 22, 15),
	(3909, 'F', '9', 0, 22, 15),
	(3910, 'F', '10', 0, 22, 15),
	(3911, 'F', '11', 0, 22, 15),
	(3912, 'F', '12', 0, 22, 15),
	(3913, 'G', '1', 0, 22, 15),
	(3914, 'G', '2', 0, 22, 15),
	(3915, 'G', '3', 0, 22, 15),
	(3916, 'G', '4', 0, 22, 15),
	(3917, 'G', '5', 0, 22, 15),
	(3918, 'G', '6', 0, 22, 15),
	(3919, 'G', '7', 0, 22, 15),
	(3920, 'G', '8', 0, 22, 15),
	(3921, 'G', '9', 0, 22, 15),
	(3922, 'G', '10', 0, 22, 15),
	(3923, 'G', '11', 0, 22, 15),
	(3924, 'G', '12', 0, 22, 15),
	(3925, 'H', '1', 0, 22, 15),
	(3926, 'H', '2', 0, 22, 15),
	(3927, 'H', '3', 0, 22, 15),
	(3928, 'H', '4', 0, 22, 15),
	(3929, 'H', '5', 0, 22, 15),
	(3930, 'H', '6', 0, 22, 15),
	(3931, 'H', '7', 0, 22, 15),
	(3932, 'H', '8', 0, 22, 15),
	(3933, 'H', '9', 0, 22, 15),
	(3934, 'H', '10', 0, 22, 15),
	(3935, 'H', '11', 0, 22, 15),
	(3936, 'H', '12', 0, 22, 15),
	(3937, 'I', '1', 0, 22, 15),
	(3938, 'I', '2', 0, 22, 15),
	(3939, 'I', '3', 0, 22, 15),
	(3940, 'I', '4', 0, 22, 15),
	(3941, 'I', '5', 0, 22, 15),
	(3942, 'I', '6', 0, 22, 15),
	(3943, 'I', '7', 0, 22, 15),
	(3944, 'I', '8', 0, 22, 15),
	(3945, 'I', '9', 0, 22, 15),
	(3946, 'I', '10', 0, 22, 15),
	(3947, 'I', '11', 0, 22, 15),
	(3948, 'I', '12', 0, 22, 15),
	(3949, 'J', '1', 0, 22, 15),
	(3950, 'J', '2', 0, 22, 15),
	(3951, 'J', '3', 0, 22, 15),
	(3952, 'J', '4', 0, 22, 15),
	(3953, 'J', '5', 0, 22, 15),
	(3954, 'J', '6', 0, 22, 15),
	(3955, 'J', '7', 0, 22, 15),
	(3956, 'J', '8', 0, 22, 15),
	(3957, 'J', '9', 0, 22, 15),
	(3958, 'J', '10', 0, 22, 15),
	(3959, 'J', '11', 0, 22, 15),
	(3960, 'J', '12', 0, 22, 15),
	(3961, 'A', '1', 0, 22, 16),
	(3962, 'A', '2', 0, 22, 16),
	(3963, 'A', '3', 0, 22, 16),
	(3964, 'A', '4', 0, 22, 16),
	(3965, 'A', '5', 0, 22, 16),
	(3966, 'A', '6', 0, 22, 16),
	(3967, 'A', '7', 0, 22, 16),
	(3968, 'A', '8', 0, 22, 16),
	(3969, 'A', '9', 0, 22, 16),
	(3970, 'A', '10', 0, 22, 16),
	(3971, 'A', '11', 0, 22, 16),
	(3972, 'A', '12', 0, 22, 16),
	(3973, 'B', '1', 0, 22, 16),
	(3974, 'B', '2', 0, 22, 16),
	(3975, 'B', '3', 0, 22, 16),
	(3976, 'B', '4', 0, 22, 16),
	(3977, 'B', '5', 0, 22, 16),
	(3978, 'B', '6', 0, 22, 16),
	(3979, 'B', '7', 0, 22, 16),
	(3980, 'B', '8', 0, 22, 16),
	(3981, 'B', '9', 0, 22, 16),
	(3982, 'B', '10', 0, 22, 16),
	(3983, 'B', '11', 0, 22, 16),
	(3984, 'B', '12', 0, 22, 16),
	(3985, 'C', '1', 0, 22, 16),
	(3986, 'C', '2', 0, 22, 16),
	(3987, 'C', '3', 0, 22, 16),
	(3988, 'C', '4', 0, 22, 16),
	(3989, 'C', '5', 0, 22, 16),
	(3990, 'C', '6', 0, 22, 16),
	(3991, 'C', '7', 0, 22, 16),
	(3992, 'C', '8', 0, 22, 16),
	(3993, 'C', '9', 0, 22, 16),
	(3994, 'C', '10', 0, 22, 16),
	(3995, 'C', '11', 0, 22, 16),
	(3996, 'C', '12', 0, 22, 16),
	(3997, 'D', '1', 0, 22, 16),
	(3998, 'D', '2', 0, 22, 16),
	(3999, 'D', '3', 0, 22, 16),
	(4000, 'D', '4', 0, 22, 16),
	(4001, 'D', '5', 0, 22, 16),
	(4002, 'D', '6', 0, 22, 16),
	(4003, 'D', '7', 0, 22, 16),
	(4004, 'D', '8', 0, 22, 16),
	(4005, 'D', '9', 0, 22, 16),
	(4006, 'D', '10', 0, 22, 16),
	(4007, 'D', '11', 0, 22, 16),
	(4008, 'D', '12', 0, 22, 16),
	(4009, 'E', '1', 0, 22, 16),
	(4010, 'E', '2', 0, 22, 16),
	(4011, 'E', '3', 0, 22, 16),
	(4012, 'E', '4', 0, 22, 16),
	(4013, 'E', '5', 0, 22, 16),
	(4014, 'E', '6', 0, 22, 16),
	(4015, 'E', '7', 0, 22, 16),
	(4016, 'E', '8', 0, 22, 16),
	(4017, 'E', '9', 0, 22, 16),
	(4018, 'E', '10', 0, 22, 16),
	(4019, 'E', '11', 0, 22, 16),
	(4020, 'E', '12', 0, 22, 16),
	(4021, 'F', '1', 0, 22, 16),
	(4022, 'F', '2', 0, 22, 16),
	(4023, 'F', '3', 0, 22, 16),
	(4024, 'F', '4', 0, 22, 16),
	(4025, 'F', '5', 0, 22, 16),
	(4026, 'F', '6', 0, 22, 16),
	(4027, 'F', '7', 0, 22, 16),
	(4028, 'F', '8', 0, 22, 16),
	(4029, 'F', '9', 0, 22, 16),
	(4030, 'F', '10', 0, 22, 16),
	(4031, 'F', '11', 0, 22, 16),
	(4032, 'F', '12', 0, 22, 16),
	(4033, 'G', '1', 0, 22, 16),
	(4034, 'G', '2', 0, 22, 16),
	(4035, 'G', '3', 0, 22, 16),
	(4036, 'G', '4', 0, 22, 16),
	(4037, 'G', '5', 0, 22, 16),
	(4038, 'G', '6', 0, 22, 16),
	(4039, 'G', '7', 0, 22, 16),
	(4040, 'G', '8', 0, 22, 16),
	(4041, 'G', '9', 0, 22, 16),
	(4042, 'G', '10', 0, 22, 16),
	(4043, 'G', '11', 0, 22, 16),
	(4044, 'G', '12', 0, 22, 16),
	(4045, 'H', '1', 0, 22, 16),
	(4046, 'H', '2', 0, 22, 16),
	(4047, 'H', '3', 0, 22, 16),
	(4048, 'H', '4', 0, 22, 16),
	(4049, 'H', '5', 0, 22, 16),
	(4050, 'H', '6', 0, 22, 16),
	(4051, 'H', '7', 0, 22, 16),
	(4052, 'H', '8', 0, 22, 16),
	(4053, 'H', '9', 0, 22, 16),
	(4054, 'H', '10', 0, 22, 16),
	(4055, 'H', '11', 0, 22, 16),
	(4056, 'H', '12', 0, 22, 16),
	(4057, 'I', '1', 0, 22, 16),
	(4058, 'I', '2', 0, 22, 16),
	(4059, 'I', '3', 0, 22, 16),
	(4060, 'I', '4', 0, 22, 16),
	(4061, 'I', '5', 0, 22, 16),
	(4062, 'I', '6', 0, 22, 16),
	(4063, 'I', '7', 0, 22, 16),
	(4064, 'I', '8', 0, 22, 16),
	(4065, 'I', '9', 0, 22, 16),
	(4066, 'I', '10', 0, 22, 16),
	(4067, 'I', '11', 0, 22, 16),
	(4068, 'I', '12', 0, 22, 16),
	(4069, 'J', '1', 0, 22, 16),
	(4070, 'J', '2', 0, 22, 16),
	(4071, 'J', '3', 0, 22, 16),
	(4072, 'J', '4', 0, 22, 16),
	(4073, 'J', '5', 0, 22, 16),
	(4074, 'J', '6', 0, 22, 16),
	(4075, 'J', '7', 0, 22, 16),
	(4076, 'J', '8', 0, 22, 16),
	(4077, 'J', '9', 0, 22, 16),
	(4078, 'J', '10', 0, 22, 16),
	(4079, 'J', '11', 0, 22, 16),
	(4080, 'J', '12', 0, 22, 16),
	(4081, 'A', '1', 0, 23, 17),
	(4082, 'A', '2', 0, 23, 17),
	(4083, 'A', '3', 0, 23, 17),
	(4084, 'A', '4', 0, 23, 17),
	(4085, 'A', '5', 0, 23, 17),
	(4086, 'A', '6', 0, 23, 17),
	(4087, 'A', '7', 0, 23, 17),
	(4088, 'A', '8', 0, 23, 17),
	(4089, 'A', '9', 0, 23, 17),
	(4090, 'A', '10', 0, 23, 17),
	(4091, 'A', '11', 0, 23, 17),
	(4092, 'A', '12', 0, 23, 17),
	(4093, 'B', '1', 0, 23, 17),
	(4094, 'B', '2', 0, 23, 17),
	(4095, 'B', '3', 0, 23, 17),
	(4096, 'B', '4', 0, 23, 17),
	(4097, 'B', '5', 0, 23, 17),
	(4098, 'B', '6', 0, 23, 17),
	(4099, 'B', '7', 0, 23, 17),
	(4100, 'B', '8', 0, 23, 17),
	(4101, 'B', '9', 0, 23, 17),
	(4102, 'B', '10', 0, 23, 17),
	(4103, 'B', '11', 0, 23, 17),
	(4104, 'B', '12', 0, 23, 17),
	(4105, 'C', '1', 0, 23, 17),
	(4106, 'C', '2', 0, 23, 17),
	(4107, 'C', '3', 0, 23, 17),
	(4108, 'C', '4', 0, 23, 17),
	(4109, 'C', '5', 0, 23, 17),
	(4110, 'C', '6', 0, 23, 17),
	(4111, 'C', '7', 0, 23, 17),
	(4112, 'C', '8', 0, 23, 17),
	(4113, 'C', '9', 0, 23, 17),
	(4114, 'C', '10', 0, 23, 17),
	(4115, 'C', '11', 0, 23, 17),
	(4116, 'C', '12', 0, 23, 17),
	(4117, 'D', '1', 0, 23, 17),
	(4118, 'D', '2', 0, 23, 17),
	(4119, 'D', '3', 0, 23, 17),
	(4120, 'D', '4', 0, 23, 17),
	(4121, 'D', '5', 0, 23, 17),
	(4122, 'D', '6', 0, 23, 17),
	(4123, 'D', '7', 0, 23, 17),
	(4124, 'D', '8', 0, 23, 17),
	(4125, 'D', '9', 0, 23, 17),
	(4126, 'D', '10', 0, 23, 17),
	(4127, 'D', '11', 0, 23, 17),
	(4128, 'D', '12', 0, 23, 17),
	(4129, 'E', '1', 0, 23, 17),
	(4130, 'E', '2', 0, 23, 17),
	(4131, 'E', '3', 0, 23, 17),
	(4132, 'E', '4', 0, 23, 17),
	(4133, 'E', '5', 0, 23, 17),
	(4134, 'E', '6', 0, 23, 17),
	(4135, 'E', '7', 0, 23, 17),
	(4136, 'E', '8', 0, 23, 17),
	(4137, 'E', '9', 0, 23, 17),
	(4138, 'E', '10', 0, 23, 17),
	(4139, 'E', '11', 0, 23, 17),
	(4140, 'E', '12', 0, 23, 17),
	(4141, 'F', '1', 0, 23, 17),
	(4142, 'F', '2', 0, 23, 17),
	(4143, 'F', '3', 0, 23, 17),
	(4144, 'F', '4', 0, 23, 17),
	(4145, 'F', '5', 0, 23, 17),
	(4146, 'F', '6', 0, 23, 17),
	(4147, 'F', '7', 0, 23, 17),
	(4148, 'F', '8', 0, 23, 17),
	(4149, 'F', '9', 0, 23, 17),
	(4150, 'F', '10', 0, 23, 17),
	(4151, 'F', '11', 0, 23, 17),
	(4152, 'F', '12', 0, 23, 17),
	(4153, 'G', '1', 0, 23, 17),
	(4154, 'G', '2', 0, 23, 17),
	(4155, 'G', '3', 0, 23, 17),
	(4156, 'G', '4', 0, 23, 17),
	(4157, 'G', '5', 0, 23, 17),
	(4158, 'G', '6', 0, 23, 17),
	(4159, 'G', '7', 0, 23, 17),
	(4160, 'G', '8', 0, 23, 17),
	(4161, 'G', '9', 0, 23, 17),
	(4162, 'G', '10', 0, 23, 17),
	(4163, 'G', '11', 0, 23, 17),
	(4164, 'G', '12', 0, 23, 17),
	(4165, 'H', '1', 0, 23, 17),
	(4166, 'H', '2', 0, 23, 17),
	(4167, 'H', '3', 0, 23, 17),
	(4168, 'H', '4', 0, 23, 17),
	(4169, 'H', '5', 0, 23, 17),
	(4170, 'H', '6', 0, 23, 17),
	(4171, 'H', '7', 0, 23, 17),
	(4172, 'H', '8', 0, 23, 17),
	(4173, 'H', '9', 0, 23, 17),
	(4174, 'H', '10', 0, 23, 17),
	(4175, 'H', '11', 0, 23, 17),
	(4176, 'H', '12', 0, 23, 17),
	(4177, 'I', '1', 0, 23, 17),
	(4178, 'I', '2', 0, 23, 17),
	(4179, 'I', '3', 0, 23, 17),
	(4180, 'I', '4', 0, 23, 17),
	(4181, 'I', '5', 0, 23, 17),
	(4182, 'I', '6', 0, 23, 17),
	(4183, 'I', '7', 0, 23, 17),
	(4184, 'I', '8', 0, 23, 17),
	(4185, 'I', '9', 0, 23, 17),
	(4186, 'I', '10', 0, 23, 17),
	(4187, 'I', '11', 0, 23, 17),
	(4188, 'I', '12', 0, 23, 17),
	(4189, 'J', '1', 0, 23, 17),
	(4190, 'J', '2', 0, 23, 17),
	(4191, 'J', '3', 0, 23, 17),
	(4192, 'J', '4', 0, 23, 17),
	(4193, 'J', '5', 0, 23, 17),
	(4194, 'J', '6', 0, 23, 17),
	(4195, 'J', '7', 0, 23, 17),
	(4196, 'J', '8', 0, 23, 17),
	(4197, 'J', '9', 0, 23, 17),
	(4198, 'J', '10', 0, 23, 17),
	(4199, 'J', '11', 0, 23, 17),
	(4200, 'J', '12', 0, 23, 17),
	(4201, 'A', '1', 0, 23, 18),
	(4202, 'A', '2', 0, 23, 18),
	(4203, 'A', '3', 0, 23, 18),
	(4204, 'A', '4', 0, 23, 18),
	(4205, 'A', '5', 0, 23, 18),
	(4206, 'A', '6', 0, 23, 18),
	(4207, 'A', '7', 0, 23, 18),
	(4208, 'A', '8', 0, 23, 18),
	(4209, 'A', '9', 0, 23, 18),
	(4210, 'A', '10', 0, 23, 18),
	(4211, 'A', '11', 0, 23, 18),
	(4212, 'A', '12', 0, 23, 18),
	(4213, 'B', '1', 0, 23, 18),
	(4214, 'B', '2', 0, 23, 18),
	(4215, 'B', '3', 0, 23, 18),
	(4216, 'B', '4', 0, 23, 18),
	(4217, 'B', '5', 0, 23, 18),
	(4218, 'B', '6', 0, 23, 18),
	(4219, 'B', '7', 0, 23, 18),
	(4220, 'B', '8', 0, 23, 18),
	(4221, 'B', '9', 0, 23, 18),
	(4222, 'B', '10', 0, 23, 18),
	(4223, 'B', '11', 0, 23, 18),
	(4224, 'B', '12', 0, 23, 18),
	(4225, 'C', '1', 0, 23, 18),
	(4226, 'C', '2', 0, 23, 18),
	(4227, 'C', '3', 0, 23, 18),
	(4228, 'C', '4', 0, 23, 18),
	(4229, 'C', '5', 0, 23, 18),
	(4230, 'C', '6', 0, 23, 18),
	(4231, 'C', '7', 0, 23, 18),
	(4232, 'C', '8', 0, 23, 18),
	(4233, 'C', '9', 0, 23, 18),
	(4234, 'C', '10', 0, 23, 18),
	(4235, 'C', '11', 0, 23, 18),
	(4236, 'C', '12', 0, 23, 18),
	(4237, 'D', '1', 0, 23, 18),
	(4238, 'D', '2', 0, 23, 18),
	(4239, 'D', '3', 0, 23, 18),
	(4240, 'D', '4', 0, 23, 18),
	(4241, 'D', '5', 0, 23, 18),
	(4242, 'D', '6', 0, 23, 18),
	(4243, 'D', '7', 0, 23, 18),
	(4244, 'D', '8', 0, 23, 18),
	(4245, 'D', '9', 0, 23, 18),
	(4246, 'D', '10', 0, 23, 18),
	(4247, 'D', '11', 0, 23, 18),
	(4248, 'D', '12', 0, 23, 18),
	(4249, 'E', '1', 0, 23, 18),
	(4250, 'E', '2', 0, 23, 18),
	(4251, 'E', '3', 0, 23, 18),
	(4252, 'E', '4', 0, 23, 18),
	(4253, 'E', '5', 0, 23, 18),
	(4254, 'E', '6', 0, 23, 18),
	(4255, 'E', '7', 0, 23, 18),
	(4256, 'E', '8', 0, 23, 18),
	(4257, 'E', '9', 0, 23, 18),
	(4258, 'E', '10', 0, 23, 18),
	(4259, 'E', '11', 0, 23, 18),
	(4260, 'E', '12', 0, 23, 18),
	(4261, 'F', '1', 0, 23, 18),
	(4262, 'F', '2', 0, 23, 18),
	(4263, 'F', '3', 0, 23, 18),
	(4264, 'F', '4', 0, 23, 18),
	(4265, 'F', '5', 0, 23, 18),
	(4266, 'F', '6', 0, 23, 18),
	(4267, 'F', '7', 0, 23, 18),
	(4268, 'F', '8', 0, 23, 18),
	(4269, 'F', '9', 0, 23, 18),
	(4270, 'F', '10', 0, 23, 18),
	(4271, 'F', '11', 0, 23, 18),
	(4272, 'F', '12', 0, 23, 18),
	(4273, 'G', '1', 0, 23, 18),
	(4274, 'G', '2', 0, 23, 18),
	(4275, 'G', '3', 0, 23, 18),
	(4276, 'G', '4', 0, 23, 18),
	(4277, 'G', '5', 0, 23, 18),
	(4278, 'G', '6', 0, 23, 18),
	(4279, 'G', '7', 0, 23, 18),
	(4280, 'G', '8', 0, 23, 18),
	(4281, 'G', '9', 0, 23, 18),
	(4282, 'G', '10', 0, 23, 18),
	(4283, 'G', '11', 0, 23, 18),
	(4284, 'G', '12', 0, 23, 18),
	(4285, 'H', '1', 0, 23, 18),
	(4286, 'H', '2', 0, 23, 18),
	(4287, 'H', '3', 0, 23, 18),
	(4288, 'H', '4', 0, 23, 18),
	(4289, 'H', '5', 0, 23, 18),
	(4290, 'H', '6', 0, 23, 18),
	(4291, 'H', '7', 0, 23, 18),
	(4292, 'H', '8', 0, 23, 18),
	(4293, 'H', '9', 0, 23, 18),
	(4294, 'H', '10', 0, 23, 18),
	(4295, 'H', '11', 0, 23, 18),
	(4296, 'H', '12', 0, 23, 18),
	(4297, 'I', '1', 0, 23, 18),
	(4298, 'I', '2', 0, 23, 18),
	(4299, 'I', '3', 0, 23, 18),
	(4300, 'I', '4', 0, 23, 18),
	(4301, 'I', '5', 0, 23, 18),
	(4302, 'I', '6', 0, 23, 18),
	(4303, 'I', '7', 0, 23, 18),
	(4304, 'I', '8', 0, 23, 18),
	(4305, 'I', '9', 0, 23, 18),
	(4306, 'I', '10', 0, 23, 18),
	(4307, 'I', '11', 0, 23, 18),
	(4308, 'I', '12', 0, 23, 18),
	(4309, 'J', '1', 0, 23, 18),
	(4310, 'J', '2', 0, 23, 18),
	(4311, 'J', '3', 0, 23, 18),
	(4312, 'J', '4', 0, 23, 18),
	(4313, 'J', '5', 0, 23, 18),
	(4314, 'J', '6', 0, 23, 18),
	(4315, 'J', '7', 0, 23, 18),
	(4316, 'J', '8', 0, 23, 18),
	(4317, 'J', '9', 0, 23, 18),
	(4318, 'J', '10', 0, 23, 18),
	(4319, 'J', '11', 0, 23, 18),
	(4320, 'J', '12', 0, 23, 18),
	(4321, 'A', '1', 0, 23, 19),
	(4322, 'A', '2', 0, 23, 19),
	(4323, 'A', '3', 0, 23, 19),
	(4324, 'A', '4', 0, 23, 19),
	(4325, 'A', '5', 0, 23, 19),
	(4326, 'A', '6', 0, 23, 19),
	(4327, 'A', '7', 0, 23, 19),
	(4328, 'A', '8', 0, 23, 19),
	(4329, 'A', '9', 0, 23, 19),
	(4330, 'A', '10', 0, 23, 19),
	(4331, 'A', '11', 0, 23, 19),
	(4332, 'A', '12', 0, 23, 19),
	(4333, 'B', '1', 0, 23, 19),
	(4334, 'B', '2', 0, 23, 19),
	(4335, 'B', '3', 0, 23, 19),
	(4336, 'B', '4', 0, 23, 19),
	(4337, 'B', '5', 0, 23, 19),
	(4338, 'B', '6', 0, 23, 19),
	(4339, 'B', '7', 0, 23, 19),
	(4340, 'B', '8', 0, 23, 19),
	(4341, 'B', '9', 0, 23, 19),
	(4342, 'B', '10', 0, 23, 19),
	(4343, 'B', '11', 0, 23, 19),
	(4344, 'B', '12', 0, 23, 19),
	(4345, 'C', '1', 0, 23, 19),
	(4346, 'C', '2', 0, 23, 19),
	(4347, 'C', '3', 0, 23, 19),
	(4348, 'C', '4', 0, 23, 19),
	(4349, 'C', '5', 0, 23, 19),
	(4350, 'C', '6', 0, 23, 19),
	(4351, 'C', '7', 0, 23, 19),
	(4352, 'C', '8', 0, 23, 19),
	(4353, 'C', '9', 0, 23, 19),
	(4354, 'C', '10', 0, 23, 19),
	(4355, 'C', '11', 0, 23, 19),
	(4356, 'C', '12', 0, 23, 19),
	(4357, 'D', '1', 0, 23, 19),
	(4358, 'D', '2', 0, 23, 19),
	(4359, 'D', '3', 0, 23, 19),
	(4360, 'D', '4', 0, 23, 19),
	(4361, 'D', '5', 0, 23, 19),
	(4362, 'D', '6', 0, 23, 19),
	(4363, 'D', '7', 0, 23, 19),
	(4364, 'D', '8', 0, 23, 19),
	(4365, 'D', '9', 0, 23, 19),
	(4366, 'D', '10', 0, 23, 19),
	(4367, 'D', '11', 0, 23, 19),
	(4368, 'D', '12', 0, 23, 19),
	(4369, 'E', '1', 0, 23, 19),
	(4370, 'E', '2', 0, 23, 19),
	(4371, 'E', '3', 0, 23, 19),
	(4372, 'E', '4', 0, 23, 19),
	(4373, 'E', '5', 0, 23, 19),
	(4374, 'E', '6', 0, 23, 19),
	(4375, 'E', '7', 0, 23, 19),
	(4376, 'E', '8', 0, 23, 19),
	(4377, 'E', '9', 0, 23, 19),
	(4378, 'E', '10', 0, 23, 19),
	(4379, 'E', '11', 0, 23, 19),
	(4380, 'E', '12', 0, 23, 19),
	(4381, 'F', '1', 0, 23, 19),
	(4382, 'F', '2', 0, 23, 19),
	(4383, 'F', '3', 0, 23, 19),
	(4384, 'F', '4', 0, 23, 19),
	(4385, 'F', '5', 0, 23, 19),
	(4386, 'F', '6', 0, 23, 19),
	(4387, 'F', '7', 0, 23, 19),
	(4388, 'F', '8', 0, 23, 19),
	(4389, 'F', '9', 0, 23, 19),
	(4390, 'F', '10', 0, 23, 19),
	(4391, 'F', '11', 0, 23, 19),
	(4392, 'F', '12', 0, 23, 19),
	(4393, 'G', '1', 0, 23, 19),
	(4394, 'G', '2', 0, 23, 19),
	(4395, 'G', '3', 0, 23, 19),
	(4396, 'G', '4', 0, 23, 19),
	(4397, 'G', '5', 0, 23, 19),
	(4398, 'G', '6', 0, 23, 19),
	(4399, 'G', '7', 0, 23, 19),
	(4400, 'G', '8', 0, 23, 19),
	(4401, 'G', '9', 0, 23, 19),
	(4402, 'G', '10', 0, 23, 19),
	(4403, 'G', '11', 0, 23, 19),
	(4404, 'G', '12', 0, 23, 19),
	(4405, 'H', '1', 0, 23, 19),
	(4406, 'H', '2', 0, 23, 19),
	(4407, 'H', '3', 0, 23, 19),
	(4408, 'H', '4', 0, 23, 19),
	(4409, 'H', '5', 0, 23, 19),
	(4410, 'H', '6', 0, 23, 19),
	(4411, 'H', '7', 0, 23, 19),
	(4412, 'H', '8', 0, 23, 19),
	(4413, 'H', '9', 0, 23, 19),
	(4414, 'H', '10', 0, 23, 19),
	(4415, 'H', '11', 0, 23, 19),
	(4416, 'H', '12', 0, 23, 19),
	(4417, 'I', '1', 0, 23, 19),
	(4418, 'I', '2', 0, 23, 19),
	(4419, 'I', '3', 0, 23, 19),
	(4420, 'I', '4', 0, 23, 19),
	(4421, 'I', '5', 0, 23, 19),
	(4422, 'I', '6', 0, 23, 19),
	(4423, 'I', '7', 0, 23, 19),
	(4424, 'I', '8', 0, 23, 19),
	(4425, 'I', '9', 0, 23, 19),
	(4426, 'I', '10', 0, 23, 19),
	(4427, 'I', '11', 0, 23, 19),
	(4428, 'I', '12', 0, 23, 19),
	(4429, 'J', '1', 0, 23, 19),
	(4430, 'J', '2', 0, 23, 19),
	(4431, 'J', '3', 0, 23, 19),
	(4432, 'J', '4', 0, 23, 19),
	(4433, 'J', '5', 0, 23, 19),
	(4434, 'J', '6', 0, 23, 19),
	(4435, 'J', '7', 0, 23, 19),
	(4436, 'J', '8', 0, 23, 19),
	(4437, 'J', '9', 0, 23, 19),
	(4438, 'J', '10', 0, 23, 19),
	(4439, 'J', '11', 0, 23, 19),
	(4440, 'J', '12', 0, 23, 19),
	(4441, 'A', '1', 0, 23, 20),
	(4442, 'A', '2', 0, 23, 20),
	(4443, 'A', '3', 0, 23, 20),
	(4444, 'A', '4', 0, 23, 20),
	(4445, 'A', '5', 0, 23, 20),
	(4446, 'A', '6', 0, 23, 20),
	(4447, 'A', '7', 0, 23, 20),
	(4448, 'A', '8', 0, 23, 20),
	(4449, 'A', '9', 0, 23, 20),
	(4450, 'A', '10', 0, 23, 20),
	(4451, 'A', '11', 0, 23, 20),
	(4452, 'A', '12', 0, 23, 20),
	(4453, 'B', '1', 0, 23, 20),
	(4454, 'B', '2', 0, 23, 20),
	(4455, 'B', '3', 0, 23, 20),
	(4456, 'B', '4', 0, 23, 20),
	(4457, 'B', '5', 0, 23, 20),
	(4458, 'B', '6', 0, 23, 20),
	(4459, 'B', '7', 0, 23, 20),
	(4460, 'B', '8', 0, 23, 20),
	(4461, 'B', '9', 0, 23, 20),
	(4462, 'B', '10', 0, 23, 20),
	(4463, 'B', '11', 0, 23, 20),
	(4464, 'B', '12', 0, 23, 20),
	(4465, 'C', '1', 0, 23, 20),
	(4466, 'C', '2', 0, 23, 20),
	(4467, 'C', '3', 0, 23, 20),
	(4468, 'C', '4', 0, 23, 20),
	(4469, 'C', '5', 0, 23, 20),
	(4470, 'C', '6', 0, 23, 20),
	(4471, 'C', '7', 0, 23, 20),
	(4472, 'C', '8', 0, 23, 20),
	(4473, 'C', '9', 0, 23, 20),
	(4474, 'C', '10', 0, 23, 20),
	(4475, 'C', '11', 0, 23, 20),
	(4476, 'C', '12', 0, 23, 20),
	(4477, 'D', '1', 0, 23, 20),
	(4478, 'D', '2', 0, 23, 20),
	(4479, 'D', '3', 0, 23, 20),
	(4480, 'D', '4', 0, 23, 20),
	(4481, 'D', '5', 0, 23, 20),
	(4482, 'D', '6', 0, 23, 20),
	(4483, 'D', '7', 0, 23, 20),
	(4484, 'D', '8', 0, 23, 20),
	(4485, 'D', '9', 0, 23, 20),
	(4486, 'D', '10', 0, 23, 20),
	(4487, 'D', '11', 0, 23, 20),
	(4488, 'D', '12', 0, 23, 20),
	(4489, 'E', '1', 0, 23, 20),
	(4490, 'E', '2', 0, 23, 20),
	(4491, 'E', '3', 0, 23, 20),
	(4492, 'E', '4', 0, 23, 20),
	(4493, 'E', '5', 0, 23, 20),
	(4494, 'E', '6', 0, 23, 20),
	(4495, 'E', '7', 0, 23, 20),
	(4496, 'E', '8', 0, 23, 20),
	(4497, 'E', '9', 0, 23, 20),
	(4498, 'E', '10', 0, 23, 20),
	(4499, 'E', '11', 0, 23, 20),
	(4500, 'E', '12', 0, 23, 20),
	(4501, 'F', '1', 0, 23, 20),
	(4502, 'F', '2', 0, 23, 20),
	(4503, 'F', '3', 0, 23, 20),
	(4504, 'F', '4', 0, 23, 20),
	(4505, 'F', '5', 0, 23, 20),
	(4506, 'F', '6', 0, 23, 20),
	(4507, 'F', '7', 0, 23, 20),
	(4508, 'F', '8', 0, 23, 20),
	(4509, 'F', '9', 0, 23, 20),
	(4510, 'F', '10', 0, 23, 20),
	(4511, 'F', '11', 0, 23, 20),
	(4512, 'F', '12', 0, 23, 20),
	(4513, 'G', '1', 0, 23, 20),
	(4514, 'G', '2', 0, 23, 20),
	(4515, 'G', '3', 0, 23, 20),
	(4516, 'G', '4', 0, 23, 20),
	(4517, 'G', '5', 0, 23, 20),
	(4518, 'G', '6', 0, 23, 20),
	(4519, 'G', '7', 0, 23, 20),
	(4520, 'G', '8', 0, 23, 20),
	(4521, 'G', '9', 0, 23, 20),
	(4522, 'G', '10', 0, 23, 20),
	(4523, 'G', '11', 0, 23, 20),
	(4524, 'G', '12', 0, 23, 20),
	(4525, 'H', '1', 0, 23, 20),
	(4526, 'H', '2', 0, 23, 20),
	(4527, 'H', '3', 0, 23, 20),
	(4528, 'H', '4', 0, 23, 20),
	(4529, 'H', '5', 0, 23, 20),
	(4530, 'H', '6', 0, 23, 20),
	(4531, 'H', '7', 0, 23, 20),
	(4532, 'H', '8', 0, 23, 20),
	(4533, 'H', '9', 0, 23, 20),
	(4534, 'H', '10', 0, 23, 20),
	(4535, 'H', '11', 0, 23, 20),
	(4536, 'H', '12', 0, 23, 20),
	(4537, 'I', '1', 0, 23, 20),
	(4538, 'I', '2', 0, 23, 20),
	(4539, 'I', '3', 0, 23, 20),
	(4540, 'I', '4', 0, 23, 20),
	(4541, 'I', '5', 0, 23, 20),
	(4542, 'I', '6', 0, 23, 20),
	(4543, 'I', '7', 0, 23, 20),
	(4544, 'I', '8', 0, 23, 20),
	(4545, 'I', '9', 0, 23, 20),
	(4546, 'I', '10', 0, 23, 20),
	(4547, 'I', '11', 0, 23, 20),
	(4548, 'I', '12', 0, 23, 20),
	(4549, 'J', '1', 0, 23, 20),
	(4550, 'J', '2', 0, 23, 20),
	(4551, 'J', '3', 0, 23, 20),
	(4552, 'J', '4', 0, 23, 20),
	(4553, 'J', '5', 0, 23, 20),
	(4554, 'J', '6', 0, 23, 20),
	(4555, 'J', '7', 0, 23, 20),
	(4556, 'J', '8', 0, 23, 20),
	(4557, 'J', '9', 0, 23, 20),
	(4558, 'J', '10', 0, 23, 20),
	(4559, 'J', '11', 0, 23, 20),
	(4560, 'J', '12', 0, 23, 20),
	(4561, 'A', '1', 0, 24, 21),
	(4562, 'A', '2', 0, 24, 21),
	(4563, 'A', '3', 0, 24, 21),
	(4564, 'A', '4', 0, 24, 21),
	(4565, 'A', '5', 0, 24, 21),
	(4566, 'A', '6', 0, 24, 21),
	(4567, 'A', '7', 0, 24, 21),
	(4568, 'A', '8', 0, 24, 21),
	(4569, 'A', '9', 0, 24, 21),
	(4570, 'A', '10', 0, 24, 21),
	(4571, 'A', '11', 0, 24, 21),
	(4572, 'A', '12', 0, 24, 21),
	(4573, 'B', '1', 0, 24, 21),
	(4574, 'B', '2', 0, 24, 21),
	(4575, 'B', '3', 0, 24, 21),
	(4576, 'B', '4', 0, 24, 21),
	(4577, 'B', '5', 0, 24, 21),
	(4578, 'B', '6', 0, 24, 21),
	(4579, 'B', '7', 0, 24, 21),
	(4580, 'B', '8', 0, 24, 21),
	(4581, 'B', '9', 0, 24, 21),
	(4582, 'B', '10', 0, 24, 21),
	(4583, 'B', '11', 0, 24, 21),
	(4584, 'B', '12', 0, 24, 21),
	(4585, 'C', '1', 0, 24, 21),
	(4586, 'C', '2', 0, 24, 21),
	(4587, 'C', '3', 0, 24, 21),
	(4588, 'C', '4', 0, 24, 21),
	(4589, 'C', '5', 0, 24, 21),
	(4590, 'C', '6', 0, 24, 21),
	(4591, 'C', '7', 0, 24, 21),
	(4592, 'C', '8', 0, 24, 21),
	(4593, 'C', '9', 0, 24, 21),
	(4594, 'C', '10', 0, 24, 21),
	(4595, 'C', '11', 0, 24, 21),
	(4596, 'C', '12', 0, 24, 21),
	(4597, 'D', '1', 0, 24, 21),
	(4598, 'D', '2', 0, 24, 21),
	(4599, 'D', '3', 0, 24, 21),
	(4600, 'D', '4', 0, 24, 21),
	(4601, 'D', '5', 0, 24, 21),
	(4602, 'D', '6', 0, 24, 21),
	(4603, 'D', '7', 0, 24, 21),
	(4604, 'D', '8', 0, 24, 21),
	(4605, 'D', '9', 0, 24, 21),
	(4606, 'D', '10', 0, 24, 21),
	(4607, 'D', '11', 0, 24, 21),
	(4608, 'D', '12', 0, 24, 21),
	(4609, 'E', '1', 0, 24, 21),
	(4610, 'E', '2', 0, 24, 21),
	(4611, 'E', '3', 0, 24, 21),
	(4612, 'E', '4', 0, 24, 21),
	(4613, 'E', '5', 0, 24, 21),
	(4614, 'E', '6', 0, 24, 21),
	(4615, 'E', '7', 0, 24, 21),
	(4616, 'E', '8', 0, 24, 21),
	(4617, 'E', '9', 0, 24, 21),
	(4618, 'E', '10', 0, 24, 21),
	(4619, 'E', '11', 0, 24, 21),
	(4620, 'E', '12', 0, 24, 21),
	(4621, 'F', '1', 0, 24, 21),
	(4622, 'F', '2', 0, 24, 21),
	(4623, 'F', '3', 0, 24, 21),
	(4624, 'F', '4', 0, 24, 21),
	(4625, 'F', '5', 0, 24, 21),
	(4626, 'F', '6', 0, 24, 21),
	(4627, 'F', '7', 0, 24, 21),
	(4628, 'F', '8', 0, 24, 21),
	(4629, 'F', '9', 0, 24, 21),
	(4630, 'F', '10', 0, 24, 21),
	(4631, 'F', '11', 0, 24, 21),
	(4632, 'F', '12', 0, 24, 21),
	(4633, 'G', '1', 0, 24, 21),
	(4634, 'G', '2', 0, 24, 21),
	(4635, 'G', '3', 0, 24, 21),
	(4636, 'G', '4', 0, 24, 21),
	(4637, 'G', '5', 0, 24, 21),
	(4638, 'G', '6', 0, 24, 21),
	(4639, 'G', '7', 0, 24, 21),
	(4640, 'G', '8', 0, 24, 21),
	(4641, 'G', '9', 0, 24, 21),
	(4642, 'G', '10', 0, 24, 21),
	(4643, 'G', '11', 0, 24, 21),
	(4644, 'G', '12', 0, 24, 21),
	(4645, 'H', '1', 0, 24, 21),
	(4646, 'H', '2', 0, 24, 21),
	(4647, 'H', '3', 0, 24, 21),
	(4648, 'H', '4', 0, 24, 21),
	(4649, 'H', '5', 0, 24, 21),
	(4650, 'H', '6', 0, 24, 21),
	(4651, 'H', '7', 0, 24, 21),
	(4652, 'H', '8', 0, 24, 21),
	(4653, 'H', '9', 0, 24, 21),
	(4654, 'H', '10', 0, 24, 21),
	(4655, 'H', '11', 0, 24, 21),
	(4656, 'H', '12', 0, 24, 21),
	(4657, 'I', '1', 0, 24, 21),
	(4658, 'I', '2', 0, 24, 21),
	(4659, 'I', '3', 0, 24, 21),
	(4660, 'I', '4', 0, 24, 21),
	(4661, 'I', '5', 0, 24, 21),
	(4662, 'I', '6', 0, 24, 21),
	(4663, 'I', '7', 0, 24, 21),
	(4664, 'I', '8', 0, 24, 21),
	(4665, 'I', '9', 0, 24, 21),
	(4666, 'I', '10', 0, 24, 21),
	(4667, 'I', '11', 0, 24, 21),
	(4668, 'I', '12', 0, 24, 21),
	(4669, 'J', '1', 0, 24, 21),
	(4670, 'J', '2', 0, 24, 21),
	(4671, 'J', '3', 0, 24, 21),
	(4672, 'J', '4', 0, 24, 21),
	(4673, 'J', '5', 0, 24, 21),
	(4674, 'J', '6', 0, 24, 21),
	(4675, 'J', '7', 0, 24, 21),
	(4676, 'J', '8', 0, 24, 21),
	(4677, 'J', '9', 0, 24, 21),
	(4678, 'J', '10', 0, 24, 21),
	(4679, 'J', '11', 0, 24, 21),
	(4680, 'J', '12', 0, 24, 21),
	(4681, 'A', '1', 0, 24, 22),
	(4682, 'A', '2', 0, 24, 22),
	(4683, 'A', '3', 0, 24, 22),
	(4684, 'A', '4', 0, 24, 22),
	(4685, 'A', '5', 0, 24, 22),
	(4686, 'A', '6', 0, 24, 22),
	(4687, 'A', '7', 0, 24, 22),
	(4688, 'A', '8', 0, 24, 22),
	(4689, 'A', '9', 0, 24, 22),
	(4690, 'A', '10', 0, 24, 22),
	(4691, 'A', '11', 0, 24, 22),
	(4692, 'A', '12', 0, 24, 22),
	(4693, 'B', '1', 0, 24, 22),
	(4694, 'B', '2', 0, 24, 22),
	(4695, 'B', '3', 0, 24, 22),
	(4696, 'B', '4', 0, 24, 22),
	(4697, 'B', '5', 0, 24, 22),
	(4698, 'B', '6', 0, 24, 22),
	(4699, 'B', '7', 0, 24, 22),
	(4700, 'B', '8', 0, 24, 22),
	(4701, 'B', '9', 0, 24, 22),
	(4702, 'B', '10', 0, 24, 22),
	(4703, 'B', '11', 0, 24, 22),
	(4704, 'B', '12', 0, 24, 22),
	(4705, 'C', '1', 0, 24, 22),
	(4706, 'C', '2', 0, 24, 22),
	(4707, 'C', '3', 0, 24, 22),
	(4708, 'C', '4', 0, 24, 22),
	(4709, 'C', '5', 0, 24, 22),
	(4710, 'C', '6', 0, 24, 22),
	(4711, 'C', '7', 0, 24, 22),
	(4712, 'C', '8', 0, 24, 22),
	(4713, 'C', '9', 0, 24, 22),
	(4714, 'C', '10', 0, 24, 22),
	(4715, 'C', '11', 0, 24, 22),
	(4716, 'C', '12', 0, 24, 22),
	(4717, 'D', '1', 0, 24, 22),
	(4718, 'D', '2', 0, 24, 22),
	(4719, 'D', '3', 0, 24, 22),
	(4720, 'D', '4', 0, 24, 22),
	(4721, 'D', '5', 0, 24, 22),
	(4722, 'D', '6', 0, 24, 22),
	(4723, 'D', '7', 0, 24, 22),
	(4724, 'D', '8', 0, 24, 22),
	(4725, 'D', '9', 0, 24, 22),
	(4726, 'D', '10', 0, 24, 22),
	(4727, 'D', '11', 0, 24, 22),
	(4728, 'D', '12', 0, 24, 22),
	(4729, 'E', '1', 0, 24, 22),
	(4730, 'E', '2', 0, 24, 22),
	(4731, 'E', '3', 0, 24, 22),
	(4732, 'E', '4', 0, 24, 22),
	(4733, 'E', '5', 0, 24, 22),
	(4734, 'E', '6', 0, 24, 22),
	(4735, 'E', '7', 0, 24, 22),
	(4736, 'E', '8', 0, 24, 22),
	(4737, 'E', '9', 0, 24, 22),
	(4738, 'E', '10', 0, 24, 22),
	(4739, 'E', '11', 0, 24, 22),
	(4740, 'E', '12', 0, 24, 22),
	(4741, 'F', '1', 0, 24, 22),
	(4742, 'F', '2', 0, 24, 22),
	(4743, 'F', '3', 0, 24, 22),
	(4744, 'F', '4', 0, 24, 22),
	(4745, 'F', '5', 0, 24, 22),
	(4746, 'F', '6', 0, 24, 22),
	(4747, 'F', '7', 0, 24, 22),
	(4748, 'F', '8', 0, 24, 22),
	(4749, 'F', '9', 0, 24, 22),
	(4750, 'F', '10', 0, 24, 22),
	(4751, 'F', '11', 0, 24, 22),
	(4752, 'F', '12', 0, 24, 22),
	(4753, 'G', '1', 0, 24, 22),
	(4754, 'G', '2', 0, 24, 22),
	(4755, 'G', '3', 0, 24, 22),
	(4756, 'G', '4', 0, 24, 22),
	(4757, 'G', '5', 0, 24, 22),
	(4758, 'G', '6', 0, 24, 22),
	(4759, 'G', '7', 0, 24, 22),
	(4760, 'G', '8', 0, 24, 22),
	(4761, 'G', '9', 0, 24, 22),
	(4762, 'G', '10', 0, 24, 22),
	(4763, 'G', '11', 0, 24, 22),
	(4764, 'G', '12', 0, 24, 22),
	(4765, 'H', '1', 0, 24, 22),
	(4766, 'H', '2', 0, 24, 22),
	(4767, 'H', '3', 0, 24, 22),
	(4768, 'H', '4', 0, 24, 22),
	(4769, 'H', '5', 0, 24, 22),
	(4770, 'H', '6', 0, 24, 22),
	(4771, 'H', '7', 0, 24, 22),
	(4772, 'H', '8', 0, 24, 22),
	(4773, 'H', '9', 0, 24, 22),
	(4774, 'H', '10', 0, 24, 22),
	(4775, 'H', '11', 0, 24, 22),
	(4776, 'H', '12', 0, 24, 22),
	(4777, 'I', '1', 0, 24, 22),
	(4778, 'I', '2', 0, 24, 22),
	(4779, 'I', '3', 0, 24, 22),
	(4780, 'I', '4', 0, 24, 22),
	(4781, 'I', '5', 0, 24, 22),
	(4782, 'I', '6', 0, 24, 22),
	(4783, 'I', '7', 0, 24, 22),
	(4784, 'I', '8', 0, 24, 22),
	(4785, 'I', '9', 0, 24, 22),
	(4786, 'I', '10', 0, 24, 22),
	(4787, 'I', '11', 0, 24, 22),
	(4788, 'I', '12', 0, 24, 22),
	(4789, 'J', '1', 0, 24, 22),
	(4790, 'J', '2', 0, 24, 22),
	(4791, 'J', '3', 0, 24, 22),
	(4792, 'J', '4', 0, 24, 22),
	(4793, 'J', '5', 0, 24, 22),
	(4794, 'J', '6', 0, 24, 22),
	(4795, 'J', '7', 0, 24, 22),
	(4796, 'J', '8', 0, 24, 22),
	(4797, 'J', '9', 0, 24, 22),
	(4798, 'J', '10', 0, 24, 22),
	(4799, 'J', '11', 0, 24, 22),
	(4800, 'J', '12', 0, 24, 22),
	(4801, 'A', '1', 0, 24, 23),
	(4802, 'A', '2', 0, 24, 23),
	(4803, 'A', '3', 0, 24, 23),
	(4804, 'A', '4', 0, 24, 23),
	(4805, 'A', '5', 0, 24, 23),
	(4806, 'A', '6', 0, 24, 23),
	(4807, 'A', '7', 0, 24, 23),
	(4808, 'A', '8', 0, 24, 23),
	(4809, 'A', '9', 0, 24, 23),
	(4810, 'A', '10', 0, 24, 23),
	(4811, 'A', '11', 0, 24, 23),
	(4812, 'A', '12', 0, 24, 23),
	(4813, 'B', '1', 0, 24, 23),
	(4814, 'B', '2', 0, 24, 23),
	(4815, 'B', '3', 0, 24, 23),
	(4816, 'B', '4', 0, 24, 23),
	(4817, 'B', '5', 0, 24, 23),
	(4818, 'B', '6', 0, 24, 23),
	(4819, 'B', '7', 0, 24, 23),
	(4820, 'B', '8', 0, 24, 23),
	(4821, 'B', '9', 0, 24, 23),
	(4822, 'B', '10', 0, 24, 23),
	(4823, 'B', '11', 0, 24, 23),
	(4824, 'B', '12', 0, 24, 23),
	(4825, 'C', '1', 0, 24, 23),
	(4826, 'C', '2', 0, 24, 23),
	(4827, 'C', '3', 0, 24, 23),
	(4828, 'C', '4', 0, 24, 23),
	(4829, 'C', '5', 0, 24, 23),
	(4830, 'C', '6', 0, 24, 23),
	(4831, 'C', '7', 0, 24, 23),
	(4832, 'C', '8', 0, 24, 23),
	(4833, 'C', '9', 0, 24, 23),
	(4834, 'C', '10', 0, 24, 23),
	(4835, 'C', '11', 0, 24, 23),
	(4836, 'C', '12', 0, 24, 23),
	(4837, 'D', '1', 0, 24, 23),
	(4838, 'D', '2', 0, 24, 23),
	(4839, 'D', '3', 0, 24, 23),
	(4840, 'D', '4', 0, 24, 23),
	(4841, 'D', '5', 0, 24, 23),
	(4842, 'D', '6', 0, 24, 23),
	(4843, 'D', '7', 0, 24, 23),
	(4844, 'D', '8', 0, 24, 23),
	(4845, 'D', '9', 0, 24, 23),
	(4846, 'D', '10', 0, 24, 23),
	(4847, 'D', '11', 0, 24, 23),
	(4848, 'D', '12', 0, 24, 23),
	(4849, 'E', '1', 0, 24, 23),
	(4850, 'E', '2', 0, 24, 23),
	(4851, 'E', '3', 0, 24, 23),
	(4852, 'E', '4', 0, 24, 23),
	(4853, 'E', '5', 0, 24, 23),
	(4854, 'E', '6', 0, 24, 23),
	(4855, 'E', '7', 0, 24, 23),
	(4856, 'E', '8', 0, 24, 23),
	(4857, 'E', '9', 0, 24, 23),
	(4858, 'E', '10', 0, 24, 23),
	(4859, 'E', '11', 0, 24, 23),
	(4860, 'E', '12', 0, 24, 23),
	(4861, 'F', '1', 0, 24, 23),
	(4862, 'F', '2', 0, 24, 23),
	(4863, 'F', '3', 0, 24, 23),
	(4864, 'F', '4', 0, 24, 23),
	(4865, 'F', '5', 0, 24, 23),
	(4866, 'F', '6', 0, 24, 23),
	(4867, 'F', '7', 0, 24, 23),
	(4868, 'F', '8', 0, 24, 23),
	(4869, 'F', '9', 0, 24, 23),
	(4870, 'F', '10', 0, 24, 23),
	(4871, 'F', '11', 0, 24, 23),
	(4872, 'F', '12', 0, 24, 23),
	(4873, 'G', '1', 0, 24, 23),
	(4874, 'G', '2', 0, 24, 23),
	(4875, 'G', '3', 0, 24, 23),
	(4876, 'G', '4', 0, 24, 23),
	(4877, 'G', '5', 0, 24, 23),
	(4878, 'G', '6', 0, 24, 23),
	(4879, 'G', '7', 0, 24, 23),
	(4880, 'G', '8', 0, 24, 23),
	(4881, 'G', '9', 0, 24, 23),
	(4882, 'G', '10', 0, 24, 23),
	(4883, 'G', '11', 0, 24, 23),
	(4884, 'G', '12', 0, 24, 23),
	(4885, 'H', '1', 0, 24, 23),
	(4886, 'H', '2', 0, 24, 23),
	(4887, 'H', '3', 0, 24, 23),
	(4888, 'H', '4', 0, 24, 23),
	(4889, 'H', '5', 0, 24, 23),
	(4890, 'H', '6', 0, 24, 23),
	(4891, 'H', '7', 0, 24, 23),
	(4892, 'H', '8', 0, 24, 23),
	(4893, 'H', '9', 0, 24, 23),
	(4894, 'H', '10', 0, 24, 23),
	(4895, 'H', '11', 0, 24, 23),
	(4896, 'H', '12', 0, 24, 23),
	(4897, 'I', '1', 0, 24, 23),
	(4898, 'I', '2', 0, 24, 23),
	(4899, 'I', '3', 0, 24, 23),
	(4900, 'I', '4', 0, 24, 23),
	(4901, 'I', '5', 0, 24, 23),
	(4902, 'I', '6', 0, 24, 23),
	(4903, 'I', '7', 0, 24, 23),
	(4904, 'I', '8', 0, 24, 23),
	(4905, 'I', '9', 0, 24, 23),
	(4906, 'I', '10', 0, 24, 23),
	(4907, 'I', '11', 0, 24, 23),
	(4908, 'I', '12', 0, 24, 23),
	(4909, 'J', '1', 0, 24, 23),
	(4910, 'J', '2', 0, 24, 23),
	(4911, 'J', '3', 0, 24, 23),
	(4912, 'J', '4', 0, 24, 23),
	(4913, 'J', '5', 0, 24, 23),
	(4914, 'J', '6', 0, 24, 23),
	(4915, 'J', '7', 0, 24, 23),
	(4916, 'J', '8', 0, 24, 23),
	(4917, 'J', '9', 0, 24, 23),
	(4918, 'J', '10', 0, 24, 23),
	(4919, 'J', '11', 0, 24, 23),
	(4920, 'J', '12', 0, 24, 23),
	(4921, 'A', '1', 0, 24, 24),
	(4922, 'A', '2', 0, 24, 24),
	(4923, 'A', '3', 0, 24, 24),
	(4924, 'A', '4', 0, 24, 24),
	(4925, 'A', '5', 0, 24, 24),
	(4926, 'A', '6', 0, 24, 24),
	(4927, 'A', '7', 0, 24, 24),
	(4928, 'A', '8', 0, 24, 24),
	(4929, 'A', '9', 0, 24, 24),
	(4930, 'A', '10', 0, 24, 24),
	(4931, 'A', '11', 0, 24, 24),
	(4932, 'A', '12', 0, 24, 24),
	(4933, 'B', '1', 0, 24, 24),
	(4934, 'B', '2', 0, 24, 24),
	(4935, 'B', '3', 0, 24, 24),
	(4936, 'B', '4', 0, 24, 24),
	(4937, 'B', '5', 0, 24, 24),
	(4938, 'B', '6', 0, 24, 24),
	(4939, 'B', '7', 0, 24, 24),
	(4940, 'B', '8', 0, 24, 24),
	(4941, 'B', '9', 0, 24, 24),
	(4942, 'B', '10', 0, 24, 24),
	(4943, 'B', '11', 0, 24, 24),
	(4944, 'B', '12', 0, 24, 24),
	(4945, 'C', '1', 0, 24, 24),
	(4946, 'C', '2', 0, 24, 24),
	(4947, 'C', '3', 0, 24, 24),
	(4948, 'C', '4', 0, 24, 24),
	(4949, 'C', '5', 0, 24, 24),
	(4950, 'C', '6', 0, 24, 24),
	(4951, 'C', '7', 0, 24, 24),
	(4952, 'C', '8', 0, 24, 24),
	(4953, 'C', '9', 0, 24, 24),
	(4954, 'C', '10', 0, 24, 24),
	(4955, 'C', '11', 0, 24, 24),
	(4956, 'C', '12', 0, 24, 24),
	(4957, 'D', '1', 0, 24, 24),
	(4958, 'D', '2', 0, 24, 24),
	(4959, 'D', '3', 0, 24, 24),
	(4960, 'D', '4', 0, 24, 24),
	(4961, 'D', '5', 0, 24, 24),
	(4962, 'D', '6', 0, 24, 24),
	(4963, 'D', '7', 0, 24, 24),
	(4964, 'D', '8', 0, 24, 24),
	(4965, 'D', '9', 0, 24, 24),
	(4966, 'D', '10', 0, 24, 24),
	(4967, 'D', '11', 0, 24, 24),
	(4968, 'D', '12', 0, 24, 24),
	(4969, 'E', '1', 0, 24, 24),
	(4970, 'E', '2', 0, 24, 24),
	(4971, 'E', '3', 0, 24, 24),
	(4972, 'E', '4', 0, 24, 24),
	(4973, 'E', '5', 0, 24, 24),
	(4974, 'E', '6', 0, 24, 24),
	(4975, 'E', '7', 0, 24, 24),
	(4976, 'E', '8', 0, 24, 24),
	(4977, 'E', '9', 0, 24, 24),
	(4978, 'E', '10', 0, 24, 24),
	(4979, 'E', '11', 0, 24, 24),
	(4980, 'E', '12', 0, 24, 24),
	(4981, 'F', '1', 0, 24, 24),
	(4982, 'F', '2', 0, 24, 24),
	(4983, 'F', '3', 0, 24, 24),
	(4984, 'F', '4', 0, 24, 24),
	(4985, 'F', '5', 0, 24, 24),
	(4986, 'F', '6', 0, 24, 24),
	(4987, 'F', '7', 0, 24, 24),
	(4988, 'F', '8', 0, 24, 24),
	(4989, 'F', '9', 0, 24, 24),
	(4990, 'F', '10', 0, 24, 24),
	(4991, 'F', '11', 0, 24, 24),
	(4992, 'F', '12', 0, 24, 24),
	(4993, 'G', '1', 0, 24, 24),
	(4994, 'G', '2', 0, 24, 24),
	(4995, 'G', '3', 0, 24, 24),
	(4996, 'G', '4', 0, 24, 24),
	(4997, 'G', '5', 0, 24, 24),
	(4998, 'G', '6', 0, 24, 24),
	(4999, 'G', '7', 0, 24, 24),
	(5000, 'G', '8', 0, 24, 24),
	(5001, 'G', '9', 0, 24, 24),
	(5002, 'G', '10', 0, 24, 24),
	(5003, 'G', '11', 0, 24, 24),
	(5004, 'G', '12', 0, 24, 24),
	(5005, 'H', '1', 0, 24, 24),
	(5006, 'H', '2', 0, 24, 24),
	(5007, 'H', '3', 0, 24, 24),
	(5008, 'H', '4', 0, 24, 24),
	(5009, 'H', '5', 0, 24, 24),
	(5010, 'H', '6', 0, 24, 24),
	(5011, 'H', '7', 0, 24, 24),
	(5012, 'H', '8', 0, 24, 24),
	(5013, 'H', '9', 0, 24, 24),
	(5014, 'H', '10', 0, 24, 24),
	(5015, 'H', '11', 0, 24, 24),
	(5016, 'H', '12', 0, 24, 24),
	(5017, 'I', '1', 0, 24, 24),
	(5018, 'I', '2', 0, 24, 24),
	(5019, 'I', '3', 0, 24, 24),
	(5020, 'I', '4', 0, 24, 24),
	(5021, 'I', '5', 0, 24, 24),
	(5022, 'I', '6', 0, 24, 24),
	(5023, 'I', '7', 0, 24, 24),
	(5024, 'I', '8', 0, 24, 24),
	(5025, 'I', '9', 0, 24, 24),
	(5026, 'I', '10', 0, 24, 24),
	(5027, 'I', '11', 0, 24, 24),
	(5028, 'I', '12', 0, 24, 24),
	(5029, 'J', '1', 0, 24, 24),
	(5030, 'J', '2', 0, 24, 24),
	(5031, 'J', '3', 0, 24, 24),
	(5032, 'J', '4', 0, 24, 24),
	(5033, 'J', '5', 0, 24, 24),
	(5034, 'J', '6', 0, 24, 24),
	(5035, 'J', '7', 0, 24, 24),
	(5036, 'J', '8', 0, 24, 24),
	(5037, 'J', '9', 0, 24, 24),
	(5038, 'J', '10', 0, 24, 24),
	(5039, 'J', '11', 0, 24, 24),
	(5040, 'J', '12', 0, 24, 24),
	(5041, 'A', '1', 0, 25, 25),
	(5042, 'A', '2', 0, 25, 25),
	(5043, 'A', '3', 0, 25, 25),
	(5044, 'A', '4', 0, 25, 25),
	(5045, 'A', '5', 0, 25, 25),
	(5046, 'A', '6', 0, 25, 25),
	(5047, 'A', '7', 0, 25, 25),
	(5048, 'A', '8', 0, 25, 25),
	(5049, 'A', '9', 0, 25, 25),
	(5050, 'A', '10', 0, 25, 25),
	(5051, 'A', '11', 0, 25, 25),
	(5052, 'A', '12', 0, 25, 25),
	(5053, 'B', '1', 0, 25, 25),
	(5054, 'B', '2', 0, 25, 25),
	(5055, 'B', '3', 0, 25, 25),
	(5056, 'B', '4', 0, 25, 25),
	(5057, 'B', '5', 0, 25, 25),
	(5058, 'B', '6', 0, 25, 25),
	(5059, 'B', '7', 0, 25, 25),
	(5060, 'B', '8', 0, 25, 25),
	(5061, 'B', '9', 0, 25, 25),
	(5062, 'B', '10', 0, 25, 25),
	(5063, 'B', '11', 0, 25, 25),
	(5064, 'B', '12', 0, 25, 25),
	(5065, 'C', '1', 0, 25, 25),
	(5066, 'C', '2', 0, 25, 25),
	(5067, 'C', '3', 0, 25, 25),
	(5068, 'C', '4', 0, 25, 25),
	(5069, 'C', '5', 0, 25, 25),
	(5070, 'C', '6', 0, 25, 25),
	(5071, 'C', '7', 0, 25, 25),
	(5072, 'C', '8', 0, 25, 25),
	(5073, 'C', '9', 0, 25, 25),
	(5074, 'C', '10', 0, 25, 25),
	(5075, 'C', '11', 0, 25, 25),
	(5076, 'C', '12', 0, 25, 25),
	(5077, 'D', '1', 0, 25, 25),
	(5078, 'D', '2', 0, 25, 25),
	(5079, 'D', '3', 0, 25, 25),
	(5080, 'D', '4', 0, 25, 25),
	(5081, 'D', '5', 0, 25, 25),
	(5082, 'D', '6', 0, 25, 25),
	(5083, 'D', '7', 0, 25, 25),
	(5084, 'D', '8', 0, 25, 25),
	(5085, 'D', '9', 0, 25, 25),
	(5086, 'D', '10', 0, 25, 25),
	(5087, 'D', '11', 0, 25, 25),
	(5088, 'D', '12', 0, 25, 25),
	(5089, 'E', '1', 0, 25, 25),
	(5090, 'E', '2', 0, 25, 25),
	(5091, 'E', '3', 0, 25, 25),
	(5092, 'E', '4', 0, 25, 25),
	(5093, 'E', '5', 0, 25, 25),
	(5094, 'E', '6', 0, 25, 25),
	(5095, 'E', '7', 0, 25, 25),
	(5096, 'E', '8', 0, 25, 25),
	(5097, 'E', '9', 0, 25, 25),
	(5098, 'E', '10', 0, 25, 25),
	(5099, 'E', '11', 0, 25, 25),
	(5100, 'E', '12', 0, 25, 25),
	(5101, 'F', '1', 0, 25, 25),
	(5102, 'F', '2', 0, 25, 25),
	(5103, 'F', '3', 0, 25, 25),
	(5104, 'F', '4', 0, 25, 25),
	(5105, 'F', '5', 0, 25, 25),
	(5106, 'F', '6', 0, 25, 25),
	(5107, 'F', '7', 0, 25, 25),
	(5108, 'F', '8', 0, 25, 25),
	(5109, 'F', '9', 0, 25, 25),
	(5110, 'F', '10', 0, 25, 25),
	(5111, 'F', '11', 0, 25, 25),
	(5112, 'F', '12', 0, 25, 25),
	(5113, 'G', '1', 0, 25, 25),
	(5114, 'G', '2', 0, 25, 25),
	(5115, 'G', '3', 0, 25, 25),
	(5116, 'G', '4', 0, 25, 25),
	(5117, 'G', '5', 0, 25, 25),
	(5118, 'G', '6', 0, 25, 25),
	(5119, 'G', '7', 0, 25, 25),
	(5120, 'G', '8', 0, 25, 25),
	(5121, 'G', '9', 0, 25, 25),
	(5122, 'G', '10', 0, 25, 25),
	(5123, 'G', '11', 0, 25, 25),
	(5124, 'G', '12', 0, 25, 25),
	(5125, 'H', '1', 0, 25, 25),
	(5126, 'H', '2', 0, 25, 25),
	(5127, 'H', '3', 0, 25, 25),
	(5128, 'H', '4', 0, 25, 25),
	(5129, 'H', '5', 0, 25, 25),
	(5130, 'H', '6', 0, 25, 25),
	(5131, 'H', '7', 0, 25, 25),
	(5132, 'H', '8', 0, 25, 25),
	(5133, 'H', '9', 0, 25, 25),
	(5134, 'H', '10', 0, 25, 25),
	(5135, 'H', '11', 0, 25, 25),
	(5136, 'H', '12', 0, 25, 25),
	(5137, 'I', '1', 0, 25, 25),
	(5138, 'I', '2', 0, 25, 25),
	(5139, 'I', '3', 0, 25, 25),
	(5140, 'I', '4', 0, 25, 25),
	(5141, 'I', '5', 0, 25, 25),
	(5142, 'I', '6', 0, 25, 25),
	(5143, 'I', '7', 0, 25, 25),
	(5144, 'I', '8', 0, 25, 25),
	(5145, 'I', '9', 0, 25, 25),
	(5146, 'I', '10', 0, 25, 25),
	(5147, 'I', '11', 0, 25, 25),
	(5148, 'I', '12', 0, 25, 25),
	(5149, 'J', '1', 0, 25, 25),
	(5150, 'J', '2', 0, 25, 25),
	(5151, 'J', '3', 0, 25, 25),
	(5152, 'J', '4', 0, 25, 25),
	(5153, 'J', '5', 0, 25, 25),
	(5154, 'J', '6', 0, 25, 25),
	(5155, 'J', '7', 0, 25, 25),
	(5156, 'J', '8', 0, 25, 25),
	(5157, 'J', '9', 0, 25, 25),
	(5158, 'J', '10', 0, 25, 25),
	(5159, 'J', '11', 0, 25, 25),
	(5160, 'J', '12', 0, 25, 25),
	(5161, 'A', '1', 0, 25, 26),
	(5162, 'A', '2', 0, 25, 26),
	(5163, 'A', '3', 0, 25, 26),
	(5164, 'A', '4', 0, 25, 26),
	(5165, 'A', '5', 0, 25, 26),
	(5166, 'A', '6', 0, 25, 26),
	(5167, 'A', '7', 0, 25, 26),
	(5168, 'A', '8', 0, 25, 26),
	(5169, 'A', '9', 0, 25, 26),
	(5170, 'A', '10', 0, 25, 26),
	(5171, 'A', '11', 0, 25, 26),
	(5172, 'A', '12', 0, 25, 26),
	(5173, 'B', '1', 0, 25, 26),
	(5174, 'B', '2', 0, 25, 26),
	(5175, 'B', '3', 0, 25, 26),
	(5176, 'B', '4', 0, 25, 26),
	(5177, 'B', '5', 0, 25, 26),
	(5178, 'B', '6', 0, 25, 26),
	(5179, 'B', '7', 0, 25, 26),
	(5180, 'B', '8', 0, 25, 26),
	(5181, 'B', '9', 0, 25, 26),
	(5182, 'B', '10', 0, 25, 26),
	(5183, 'B', '11', 0, 25, 26),
	(5184, 'B', '12', 0, 25, 26),
	(5185, 'C', '1', 0, 25, 26),
	(5186, 'C', '2', 0, 25, 26),
	(5187, 'C', '3', 0, 25, 26),
	(5188, 'C', '4', 0, 25, 26),
	(5189, 'C', '5', 0, 25, 26),
	(5190, 'C', '6', 0, 25, 26),
	(5191, 'C', '7', 0, 25, 26),
	(5192, 'C', '8', 0, 25, 26),
	(5193, 'C', '9', 0, 25, 26),
	(5194, 'C', '10', 0, 25, 26),
	(5195, 'C', '11', 0, 25, 26),
	(5196, 'C', '12', 0, 25, 26),
	(5197, 'D', '1', 0, 25, 26),
	(5198, 'D', '2', 0, 25, 26),
	(5199, 'D', '3', 0, 25, 26),
	(5200, 'D', '4', 0, 25, 26),
	(5201, 'D', '5', 0, 25, 26),
	(5202, 'D', '6', 0, 25, 26),
	(5203, 'D', '7', 0, 25, 26),
	(5204, 'D', '8', 0, 25, 26),
	(5205, 'D', '9', 0, 25, 26),
	(5206, 'D', '10', 0, 25, 26),
	(5207, 'D', '11', 0, 25, 26),
	(5208, 'D', '12', 0, 25, 26),
	(5209, 'E', '1', 0, 25, 26),
	(5210, 'E', '2', 0, 25, 26),
	(5211, 'E', '3', 0, 25, 26),
	(5212, 'E', '4', 0, 25, 26),
	(5213, 'E', '5', 0, 25, 26),
	(5214, 'E', '6', 0, 25, 26),
	(5215, 'E', '7', 0, 25, 26),
	(5216, 'E', '8', 0, 25, 26),
	(5217, 'E', '9', 0, 25, 26),
	(5218, 'E', '10', 0, 25, 26),
	(5219, 'E', '11', 0, 25, 26),
	(5220, 'E', '12', 0, 25, 26),
	(5221, 'F', '1', 0, 25, 26),
	(5222, 'F', '2', 0, 25, 26),
	(5223, 'F', '3', 0, 25, 26),
	(5224, 'F', '4', 0, 25, 26),
	(5225, 'F', '5', 0, 25, 26),
	(5226, 'F', '6', 0, 25, 26),
	(5227, 'F', '7', 0, 25, 26),
	(5228, 'F', '8', 0, 25, 26),
	(5229, 'F', '9', 0, 25, 26),
	(5230, 'F', '10', 0, 25, 26),
	(5231, 'F', '11', 0, 25, 26),
	(5232, 'F', '12', 0, 25, 26),
	(5233, 'G', '1', 0, 25, 26),
	(5234, 'G', '2', 0, 25, 26),
	(5235, 'G', '3', 0, 25, 26),
	(5236, 'G', '4', 0, 25, 26),
	(5237, 'G', '5', 0, 25, 26),
	(5238, 'G', '6', 0, 25, 26),
	(5239, 'G', '7', 0, 25, 26),
	(5240, 'G', '8', 0, 25, 26),
	(5241, 'G', '9', 0, 25, 26),
	(5242, 'G', '10', 0, 25, 26),
	(5243, 'G', '11', 0, 25, 26),
	(5244, 'G', '12', 0, 25, 26),
	(5245, 'H', '1', 0, 25, 26),
	(5246, 'H', '2', 0, 25, 26),
	(5247, 'H', '3', 0, 25, 26),
	(5248, 'H', '4', 0, 25, 26),
	(5249, 'H', '5', 0, 25, 26),
	(5250, 'H', '6', 0, 25, 26),
	(5251, 'H', '7', 0, 25, 26),
	(5252, 'H', '8', 0, 25, 26),
	(5253, 'H', '9', 0, 25, 26),
	(5254, 'H', '10', 0, 25, 26),
	(5255, 'H', '11', 0, 25, 26),
	(5256, 'H', '12', 0, 25, 26),
	(5257, 'I', '1', 0, 25, 26),
	(5258, 'I', '2', 0, 25, 26),
	(5259, 'I', '3', 0, 25, 26),
	(5260, 'I', '4', 0, 25, 26),
	(5261, 'I', '5', 0, 25, 26),
	(5262, 'I', '6', 0, 25, 26),
	(5263, 'I', '7', 0, 25, 26),
	(5264, 'I', '8', 0, 25, 26),
	(5265, 'I', '9', 0, 25, 26),
	(5266, 'I', '10', 0, 25, 26),
	(5267, 'I', '11', 0, 25, 26),
	(5268, 'I', '12', 0, 25, 26),
	(5269, 'J', '1', 0, 25, 26),
	(5270, 'J', '2', 0, 25, 26),
	(5271, 'J', '3', 0, 25, 26),
	(5272, 'J', '4', 0, 25, 26),
	(5273, 'J', '5', 0, 25, 26),
	(5274, 'J', '6', 0, 25, 26),
	(5275, 'J', '7', 0, 25, 26),
	(5276, 'J', '8', 0, 25, 26),
	(5277, 'J', '9', 0, 25, 26),
	(5278, 'J', '10', 0, 25, 26),
	(5279, 'J', '11', 0, 25, 26),
	(5280, 'J', '12', 0, 25, 26),
	(5281, 'A', '1', 0, 25, 27),
	(5282, 'A', '2', 0, 25, 27),
	(5283, 'A', '3', 0, 25, 27),
	(5284, 'A', '4', 0, 25, 27),
	(5285, 'A', '5', 0, 25, 27),
	(5286, 'A', '6', 0, 25, 27),
	(5287, 'A', '7', 0, 25, 27),
	(5288, 'A', '8', 0, 25, 27),
	(5289, 'A', '9', 0, 25, 27),
	(5290, 'A', '10', 0, 25, 27),
	(5291, 'A', '11', 0, 25, 27),
	(5292, 'A', '12', 0, 25, 27),
	(5293, 'B', '1', 0, 25, 27),
	(5294, 'B', '2', 0, 25, 27),
	(5295, 'B', '3', 0, 25, 27),
	(5296, 'B', '4', 0, 25, 27),
	(5297, 'B', '5', 0, 25, 27),
	(5298, 'B', '6', 0, 25, 27),
	(5299, 'B', '7', 0, 25, 27),
	(5300, 'B', '8', 0, 25, 27),
	(5301, 'B', '9', 0, 25, 27),
	(5302, 'B', '10', 0, 25, 27),
	(5303, 'B', '11', 0, 25, 27),
	(5304, 'B', '12', 0, 25, 27),
	(5305, 'C', '1', 0, 25, 27),
	(5306, 'C', '2', 0, 25, 27),
	(5307, 'C', '3', 0, 25, 27),
	(5308, 'C', '4', 0, 25, 27),
	(5309, 'C', '5', 0, 25, 27),
	(5310, 'C', '6', 0, 25, 27),
	(5311, 'C', '7', 0, 25, 27),
	(5312, 'C', '8', 0, 25, 27),
	(5313, 'C', '9', 0, 25, 27),
	(5314, 'C', '10', 0, 25, 27),
	(5315, 'C', '11', 0, 25, 27),
	(5316, 'C', '12', 0, 25, 27),
	(5317, 'D', '1', 0, 25, 27),
	(5318, 'D', '2', 0, 25, 27),
	(5319, 'D', '3', 0, 25, 27),
	(5320, 'D', '4', 0, 25, 27),
	(5321, 'D', '5', 0, 25, 27),
	(5322, 'D', '6', 0, 25, 27),
	(5323, 'D', '7', 0, 25, 27),
	(5324, 'D', '8', 0, 25, 27),
	(5325, 'D', '9', 0, 25, 27),
	(5326, 'D', '10', 0, 25, 27),
	(5327, 'D', '11', 0, 25, 27),
	(5328, 'D', '12', 0, 25, 27),
	(5329, 'E', '1', 0, 25, 27),
	(5330, 'E', '2', 0, 25, 27),
	(5331, 'E', '3', 0, 25, 27),
	(5332, 'E', '4', 0, 25, 27),
	(5333, 'E', '5', 0, 25, 27),
	(5334, 'E', '6', 0, 25, 27),
	(5335, 'E', '7', 0, 25, 27),
	(5336, 'E', '8', 0, 25, 27),
	(5337, 'E', '9', 0, 25, 27),
	(5338, 'E', '10', 0, 25, 27),
	(5339, 'E', '11', 0, 25, 27),
	(5340, 'E', '12', 0, 25, 27),
	(5341, 'F', '1', 0, 25, 27),
	(5342, 'F', '2', 0, 25, 27),
	(5343, 'F', '3', 0, 25, 27),
	(5344, 'F', '4', 0, 25, 27),
	(5345, 'F', '5', 0, 25, 27),
	(5346, 'F', '6', 0, 25, 27),
	(5347, 'F', '7', 0, 25, 27),
	(5348, 'F', '8', 0, 25, 27),
	(5349, 'F', '9', 0, 25, 27),
	(5350, 'F', '10', 0, 25, 27),
	(5351, 'F', '11', 0, 25, 27),
	(5352, 'F', '12', 0, 25, 27),
	(5353, 'G', '1', 0, 25, 27),
	(5354, 'G', '2', 0, 25, 27),
	(5355, 'G', '3', 0, 25, 27),
	(5356, 'G', '4', 0, 25, 27),
	(5357, 'G', '5', 0, 25, 27),
	(5358, 'G', '6', 0, 25, 27),
	(5359, 'G', '7', 0, 25, 27),
	(5360, 'G', '8', 0, 25, 27),
	(5361, 'G', '9', 0, 25, 27),
	(5362, 'G', '10', 0, 25, 27),
	(5363, 'G', '11', 0, 25, 27),
	(5364, 'G', '12', 0, 25, 27),
	(5365, 'H', '1', 0, 25, 27),
	(5366, 'H', '2', 0, 25, 27),
	(5367, 'H', '3', 0, 25, 27),
	(5368, 'H', '4', 0, 25, 27),
	(5369, 'H', '5', 0, 25, 27),
	(5370, 'H', '6', 0, 25, 27),
	(5371, 'H', '7', 0, 25, 27),
	(5372, 'H', '8', 0, 25, 27),
	(5373, 'H', '9', 0, 25, 27),
	(5374, 'H', '10', 0, 25, 27),
	(5375, 'H', '11', 0, 25, 27),
	(5376, 'H', '12', 0, 25, 27),
	(5377, 'I', '1', 0, 25, 27),
	(5378, 'I', '2', 0, 25, 27),
	(5379, 'I', '3', 0, 25, 27),
	(5380, 'I', '4', 0, 25, 27),
	(5381, 'I', '5', 0, 25, 27),
	(5382, 'I', '6', 0, 25, 27),
	(5383, 'I', '7', 0, 25, 27),
	(5384, 'I', '8', 0, 25, 27),
	(5385, 'I', '9', 0, 25, 27),
	(5386, 'I', '10', 0, 25, 27),
	(5387, 'I', '11', 0, 25, 27),
	(5388, 'I', '12', 0, 25, 27),
	(5389, 'J', '1', 0, 25, 27),
	(5390, 'J', '2', 0, 25, 27),
	(5391, 'J', '3', 0, 25, 27),
	(5392, 'J', '4', 0, 25, 27),
	(5393, 'J', '5', 0, 25, 27),
	(5394, 'J', '6', 0, 25, 27),
	(5395, 'J', '7', 0, 25, 27),
	(5396, 'J', '8', 0, 25, 27),
	(5397, 'J', '9', 0, 25, 27),
	(5398, 'J', '10', 0, 25, 27),
	(5399, 'J', '11', 0, 25, 27),
	(5400, 'J', '12', 0, 25, 27),
	(5401, 'A', '1', 0, 25, 28),
	(5402, 'A', '2', 0, 25, 28),
	(5403, 'A', '3', 0, 25, 28),
	(5404, 'A', '4', 0, 25, 28),
	(5405, 'A', '5', 0, 25, 28),
	(5406, 'A', '6', 0, 25, 28),
	(5407, 'A', '7', 0, 25, 28),
	(5408, 'A', '8', 0, 25, 28),
	(5409, 'A', '9', 0, 25, 28),
	(5410, 'A', '10', 0, 25, 28),
	(5411, 'A', '11', 0, 25, 28),
	(5412, 'A', '12', 0, 25, 28),
	(5413, 'B', '1', 0, 25, 28),
	(5414, 'B', '2', 0, 25, 28),
	(5415, 'B', '3', 0, 25, 28),
	(5416, 'B', '4', 0, 25, 28),
	(5417, 'B', '5', 0, 25, 28),
	(5418, 'B', '6', 0, 25, 28),
	(5419, 'B', '7', 0, 25, 28),
	(5420, 'B', '8', 0, 25, 28),
	(5421, 'B', '9', 0, 25, 28),
	(5422, 'B', '10', 0, 25, 28),
	(5423, 'B', '11', 0, 25, 28),
	(5424, 'B', '12', 0, 25, 28),
	(5425, 'C', '1', 0, 25, 28),
	(5426, 'C', '2', 0, 25, 28),
	(5427, 'C', '3', 0, 25, 28),
	(5428, 'C', '4', 0, 25, 28),
	(5429, 'C', '5', 0, 25, 28),
	(5430, 'C', '6', 0, 25, 28),
	(5431, 'C', '7', 0, 25, 28),
	(5432, 'C', '8', 0, 25, 28),
	(5433, 'C', '9', 0, 25, 28),
	(5434, 'C', '10', 0, 25, 28),
	(5435, 'C', '11', 0, 25, 28),
	(5436, 'C', '12', 0, 25, 28),
	(5437, 'D', '1', 0, 25, 28),
	(5438, 'D', '2', 0, 25, 28),
	(5439, 'D', '3', 0, 25, 28),
	(5440, 'D', '4', 0, 25, 28),
	(5441, 'D', '5', 0, 25, 28),
	(5442, 'D', '6', 0, 25, 28),
	(5443, 'D', '7', 0, 25, 28),
	(5444, 'D', '8', 0, 25, 28),
	(5445, 'D', '9', 0, 25, 28),
	(5446, 'D', '10', 0, 25, 28),
	(5447, 'D', '11', 0, 25, 28),
	(5448, 'D', '12', 0, 25, 28),
	(5449, 'E', '1', 0, 25, 28),
	(5450, 'E', '2', 0, 25, 28),
	(5451, 'E', '3', 0, 25, 28),
	(5452, 'E', '4', 0, 25, 28),
	(5453, 'E', '5', 0, 25, 28),
	(5454, 'E', '6', 0, 25, 28),
	(5455, 'E', '7', 0, 25, 28),
	(5456, 'E', '8', 0, 25, 28),
	(5457, 'E', '9', 0, 25, 28),
	(5458, 'E', '10', 0, 25, 28),
	(5459, 'E', '11', 0, 25, 28),
	(5460, 'E', '12', 0, 25, 28),
	(5461, 'F', '1', 0, 25, 28),
	(5462, 'F', '2', 0, 25, 28),
	(5463, 'F', '3', 0, 25, 28),
	(5464, 'F', '4', 0, 25, 28),
	(5465, 'F', '5', 0, 25, 28),
	(5466, 'F', '6', 0, 25, 28),
	(5467, 'F', '7', 0, 25, 28),
	(5468, 'F', '8', 0, 25, 28),
	(5469, 'F', '9', 0, 25, 28),
	(5470, 'F', '10', 0, 25, 28),
	(5471, 'F', '11', 0, 25, 28),
	(5472, 'F', '12', 0, 25, 28),
	(5473, 'G', '1', 0, 25, 28),
	(5474, 'G', '2', 0, 25, 28),
	(5475, 'G', '3', 0, 25, 28),
	(5476, 'G', '4', 0, 25, 28),
	(5477, 'G', '5', 0, 25, 28),
	(5478, 'G', '6', 0, 25, 28),
	(5479, 'G', '7', 0, 25, 28),
	(5480, 'G', '8', 0, 25, 28),
	(5481, 'G', '9', 0, 25, 28),
	(5482, 'G', '10', 0, 25, 28),
	(5483, 'G', '11', 0, 25, 28),
	(5484, 'G', '12', 0, 25, 28),
	(5485, 'H', '1', 0, 25, 28),
	(5486, 'H', '2', 0, 25, 28),
	(5487, 'H', '3', 0, 25, 28),
	(5488, 'H', '4', 0, 25, 28),
	(5489, 'H', '5', 0, 25, 28),
	(5490, 'H', '6', 0, 25, 28),
	(5491, 'H', '7', 0, 25, 28),
	(5492, 'H', '8', 0, 25, 28),
	(5493, 'H', '9', 0, 25, 28),
	(5494, 'H', '10', 0, 25, 28),
	(5495, 'H', '11', 0, 25, 28),
	(5496, 'H', '12', 0, 25, 28),
	(5497, 'I', '1', 0, 25, 28),
	(5498, 'I', '2', 0, 25, 28),
	(5499, 'I', '3', 0, 25, 28),
	(5500, 'I', '4', 0, 25, 28),
	(5501, 'I', '5', 0, 25, 28),
	(5502, 'I', '6', 0, 25, 28),
	(5503, 'I', '7', 0, 25, 28),
	(5504, 'I', '8', 0, 25, 28),
	(5505, 'I', '9', 0, 25, 28),
	(5506, 'I', '10', 0, 25, 28),
	(5507, 'I', '11', 0, 25, 28),
	(5508, 'I', '12', 0, 25, 28),
	(5509, 'J', '1', 0, 25, 28),
	(5510, 'J', '2', 0, 25, 28),
	(5511, 'J', '3', 0, 25, 28),
	(5512, 'J', '4', 0, 25, 28),
	(5513, 'J', '5', 0, 25, 28),
	(5514, 'J', '6', 0, 25, 28),
	(5515, 'J', '7', 0, 25, 28),
	(5516, 'J', '8', 0, 25, 28),
	(5517, 'J', '9', 0, 25, 28),
	(5518, 'J', '10', 0, 25, 28),
	(5519, 'J', '11', 0, 25, 28),
	(5520, 'J', '12', 0, 25, 28);
/*!40000 ALTER TABLE `seats` ENABLE KEYS */;

-- Dumping structure for table booking_tickets.units
DROP TABLE IF EXISTS `units`;
CREATE TABLE IF NOT EXISTS `units` (
  `id` int(10) unsigned NOT NULL AUTO_INCREMENT,
  `name` varchar(256) COLLATE utf8mb4_unicode_ci NOT NULL,
  `icon_url` varchar(100) COLLATE utf8mb4_unicode_ci NOT NULL,
  PRIMARY KEY (`id`)
) ENGINE=InnoDB AUTO_INCREMENT=2 DEFAULT CHARSET=utf8mb4 COLLATE=utf8mb4_unicode_ci;

-- Dumping data for table booking_tickets.units: ~0 rows (approximately)
/*!40000 ALTER TABLE `units` DISABLE KEYS */;
INSERT INTO `units` (`id`, `name`, `icon_url`) VALUES
	(1, 'VFF', 'https://drive.google.com/uc?id=1IX6-5F5ju9s71TG00Td5iMmkvxdntIik');
/*!40000 ALTER TABLE `units` ENABLE KEYS */;

-- Dumping structure for table booking_tickets.users
DROP TABLE IF EXISTS `users`;
CREATE TABLE IF NOT EXISTS `users` (
  `id` int(10) unsigned NOT NULL AUTO_INCREMENT,
  `full_name` varchar(70) COLLATE utf8mb4_unicode_ci NOT NULL,
  `gender` int(10) unsigned DEFAULT NULL,
  `birthday` date DEFAULT NULL,
  `email` varchar(50) COLLATE utf8mb4_unicode_ci NOT NULL,
  `phone` varchar(20) COLLATE utf8mb4_unicode_ci NOT NULL,
  `address` varchar(300) COLLATE utf8mb4_unicode_ci DEFAULT NULL,
  `credit_card_number` varchar(50) COLLATE utf8mb4_unicode_ci DEFAULT NULL,
  `expiration_date` date DEFAULT NULL,
  PRIMARY KEY (`id`)
) ENGINE=InnoDB AUTO_INCREMENT=7 DEFAULT CHARSET=utf8mb4 COLLATE=utf8mb4_unicode_ci;

-- Dumping data for table booking_tickets.users: ~6 rows (approximately)
/*!40000 ALTER TABLE `users` DISABLE KEYS */;
INSERT INTO `users` (`id`, `full_name`, `gender`, `birthday`, `email`, `phone`, `address`, `credit_card_number`, `expiration_date`) VALUES
	(1, 'Châu Hải Hùng', 1, '1995-04-10', 'haihung100495@gmail.com', '0915512337', 'Tp. HCM', NULL, NULL),
	(2, 'Ngô Nhật Huy', 1, '1995-08-30', 'nhathuy.carvin@gmail.com', '01297653154', 'Tp. HCM', NULL, NULL),
	(3, 'Đỗ Nguyễn Minh Luân', 1, '1996-12-12', 'donguyenminhluan96@gmail.com', '0937817912', 'Tp. HCM', NULL, NULL),
	(4, 'Mai Thanh Tân', 1, '1993-08-28', 'thanhtan9876@gmail.com', '0973869608', 'Tp. HCM', NULL, NULL),
	(5, 'Phạm Minh Trung', 1, '1989-07-21', 'pmtrung@hcmus.edu.vn', '0909764990', 'Tp. HCM', NULL, NULL),
	(6, 'Tester', 1, '2000-01-01', 'tester@gmail.com', '19001560', 'Tp. HCM', NULL, NULL);
/*!40000 ALTER TABLE `users` ENABLE KEYS */;

-- Dumping structure for table booking_tickets.venues
DROP TABLE IF EXISTS `venues`;
CREATE TABLE IF NOT EXISTS `venues` (
  `id` int(10) unsigned NOT NULL AUTO_INCREMENT,
  `name` varchar(50) COLLATE utf8mb4_unicode_ci NOT NULL DEFAULT '0',
  `view_url` varchar(100) COLLATE utf8mb4_unicode_ci NOT NULL,
  `address` varchar(256) COLLATE utf8mb4_unicode_ci NOT NULL,
  `introduce` text COLLATE utf8mb4_unicode_ci NOT NULL,
  `avg_point` float NOT NULL,
  `location_id` int(10) unsigned NOT NULL,
  PRIMARY KEY (`id`),
  KEY `FK_VENUES_LOCATIONS` (`location_id`),
  CONSTRAINT `FK_VENUES_LOCATIONS` FOREIGN KEY (`location_id`) REFERENCES `locations` (`id`) ON DELETE NO ACTION ON UPDATE NO ACTION
) ENGINE=InnoDB AUTO_INCREMENT=8 DEFAULT CHARSET=utf8mb4 COLLATE=utf8mb4_unicode_ci;

-- Dumping data for table booking_tickets.venues: ~7 rows (approximately)
/*!40000 ALTER TABLE `venues` DISABLE KEYS */;
INSERT INTO `venues` (`id`, `name`, `view_url`, `address`, `introduce`, `avg_point`, `location_id`) VALUES
	(1, 'Sân vận động Thống Nhất', 'https://drive.google.com/uc?id=17MpIo-YUUiSXFMyWJNyz-bqWyahPz_sc', '138 Đào Duy Từ, Phường 6, Quận 10, Hồ Chí Minh', 'Sân vận động Thống Nhất là một sân vận động nằm ở số 138 Đào Duy Từ, Phường 6, Quận 10, Thành phố Hồ Chí Minh. Trung tâm tổ chức nhiều sự kiện lớn của các giải thi đấu thể thao trong và ngoài nước. Là sân vận động gắn liền với cả nền bóng đá của Việt Nam chứ không riêng gì với bóng đá Sài Gòn, có lịch sử lâu đời nhất Việt Nam và được gắn liền với môn thể thao bóng đá từ thời Pháp thuộc. Được khánh thành vào ngày 18 tháng 10 năm 1931. Và kể từ đây, sân vận động là nơi diễn ra nhiều trận thi đấu bóng đá lớn nhỏ khác nhau. Sân được chỉnh trang và nâng cấp lớn theo tiêu chuẩn quốc tế với sức chứa lên đến 25.000 người, trang thiết bị được đầu tư hiện đại.', 8, 1),
	(2, 'Sân vận động Quốc gia Mỹ Đình', 'https://drive.google.com/uc?id=1OB_YFSQCe4i3VnjRoUVifDVKH9CMjaff', 'Đường Lê Đức Thọ, Mỹ Đình, Nam Từ Liêm, Hà Nội', 'Sân vận động Mỹ Đình chính thức hoạt động ngày 2 tháng 9 năm 2003 với trận đấu đầu tiên giữa đội U23 Việt Nam với câu lạc bộ bóng đá Thân Hoa Thượng Hải (Shanghai Shenhua) (Trung Quốc). Đây là sân vận động chính tổ chức SEA Games 22 năm 2003 với lễ khai mạc và bế mạc, các trận thi đấu của môn bóng đá nam và các cuộc tranh tài trong môn điền kinh. Sân vận động Mỹ Đình còn là nơi tổ chức lễ khai mạc Đại hội Thể thao Trong nhà châu Á lần thứ III (tiếng Anh: Asian Indoor Games III) từ ngày 30 tháng 10 năm 2009 đến 8 tháng 11. Vào tháng 7 năm 2007, sân vận động Quốc gia Mỹ Đình là một trong những sân vận động trong 4 nước đăng cai giải tham gia tổ chức Cúp bóng đá châu Á 2007 với 5 trận vòng bảng (bảng B), 1 trận tứ kết và 1 trận bán kết.', 9.2, 2),
	(3, 'Sân vận động Hàng Đẫy', 'https://drive.google.com/uc?id=1l6G1Wj9DzlRCp6QWnSww8eblTUqOBZ-i', 'Số 9 Trịnh Hoài Đức, Cát Linh, Đống Đa, Hà Nội', 'Sân vận động Hàng Đẫy là một sân vận động nằm ở đường Trịnh Hoài Đức, Hà Nội, Việt Nam với sức chứa khoảng 22.500 chỗ ngồi. Trước khi có Sân vận động Quốc gia Mỹ Đình, Hàng Đẫy là nơi tổ chức các trận thi đấu của Đội tuyển bóng đá quốc gia Việt Nam cũng như các đội tuyển nữ, Olympic. Đây cũng là nơi tổ chức nhiều sự kiện thể thao, văn hóa của Hà Nội và Việt Nam. Năm 1998, các trận khai mạc, bảng B và chung kết Cúp Tiger đã diễn ra tại đây.\\nTrong khoảng thời gian từ năm 2000 đến năm 2005, sân vận động Hàng Đẫy được đổi tên thành sân vận động Hà Nội.\\nSân vận động Hàng Đẫy hiện là sân nhà của Hà Nội, Viettel.', 8.5, 3),
	(4, 'Sân vận động Gò Đậu', 'https://drive.google.com/uc?id=11mNCfZE_arC_UJjn1JqQS4zvoI42ES3n', 'Đường 30/4 và Đại lộ Bình Dương, Thủ Dầu Một, Bình Dương', 'Sân vận động Gò Đậu (tỉnh Bình Dương) là một sân bóng đá có diện tích hơn 4 ha, nằm tại góc đường 30/4 và Đại lộ Bình Dương (trung tâm TP. Thủ Dầu Một). Sân có 4 khán đài với sức chứa khoảng 18.250 chỗ ngồi. Đây là sân nhà của câu lạc bộ Becamex Bình Dương, hiện đang thi đấu tại Giải bóng đá vô địch quốc gia và TDC Bình Dương.', 8.9, 22),
	(5, 'Sân vận động Chi Lăng', 'https://drive.google.com/uc?id=1t8pK5m_BAxvFb1DSYiocXU185rB1pmtU', '38 Ngô Gia Tự, Quận Hải Châu, Đà Nẵng', 'Chi Lăng là một sân vận động đa chức năng tại Đà Nẵng, Việt Nam. Trước đây, sân được sử dụng chủ yếu cho các trận đấu bóng đá và là sân nhà của CLB SHB Đà Nẵng và các hoạt động thể thao tại Đà Nẵng. Sân có sức chứa 30.000 chỗ ngồi.Hiện nay, sân đã được chuyển giao lại cho UBND Thành Phố Đà Nẵng sở hữu.', 9.1, 23),
	(6, 'Sân vận động Cần Thơ', 'https://drive.google.com/uc?id=1oy0Aath5VWnOhvedzWPBpNHggTx3XLOE', 'Ven bờ sông Hậu, cạnh bến phà Cần Thơ cũ, trên đường Lê Lợi, phường Cái Khế, quận Ninh Kiều, thành phố Cần Thơ', 'Sân vận động Cần Thơ  là một sân vận động bóng đá tại Quận Ninh Kiều, Thành phố Cần Thơ. Đây là sân vận động có sức chứa lớn nhất ở Việt Nam (hơn cả sân Mỹ Đình) với 60.000 chỗ. Sân vận động không chỉ tổ chức bóng đá mà còn tổ chức giải đua xe môtô.', 7.7, 24),
	(7, 'Sân vận động Tự Do', 'https://drive.google.com/uc?id=1CUGVCVHOv5B1EqWKdP-bFINKnaDktFM-', 'Nguyễn Thái Học, Phú Hội, Thành phố Huế, Thừa Thiên Huế', 'Sân vận động Tự Do là một sân vận động nằm ở trung tâm thành phố Huế, tỉnh Thừa Thiên-Huế, Việt Nam với sức chứa khoảng 25.000 chỗ ngồi. Sân Tự Do được người Pháp xây dựng khoảng những năm đầu thập niên 1930 và đặt tên là Stade Olympique de Hué. Sau đó, Triều đình Nhà Nguyễn đổi tên sân thành sân vận động Bảo Long (Bảo Long là hoàng thái tử của Vua Bảo Đại và Hoàng hậu Nam Phương) khi sân vận động này được khánh thành trùng với ngày sinh của hoàng thái tử cuối cùng trong lịch sử Việt Nam. Đây là sân nhà của câu lạc bộ bóng đá Huế (trước là câu lạc bộ bóng đá Thừa Thiên-Huế).', 7.5, 25);
/*!40000 ALTER TABLE `venues` ENABLE KEYS */;

/*!40101 SET SQL_MODE=IFNULL(@OLD_SQL_MODE, '') */;
/*!40014 SET FOREIGN_KEY_CHECKS=IF(@OLD_FOREIGN_KEY_CHECKS IS NULL, 1, @OLD_FOREIGN_KEY_CHECKS) */;
/*!40101 SET CHARACTER_SET_CLIENT=@OLD_CHARACTER_SET_CLIENT */;
